id,name,batch_year,era,status,outcome,country,in_us,team_size,team_bucket,top_company,industry_tag
26331,BBy,2022,2015-2024,Active,Surviving,USA,TRUE,70,26-100,FALSE,Healthcare
26331,BBy,2022,2015-2024,Active,Surviving,USA,TRUE,70,26-100,FALSE,Medical Devices
26311,WhiteLab Genomics,2022,2015-2024,Active,Surviving,France,FALSE,40,26-100,FALSE,Healthcare
26311,WhiteLab Genomics,2022,2015-2024,Active,Surviving,France,FALSE,40,26-100,FALSE,Drug Discovery and Delivery
26307,Mindbase,2022,2015-2024,Active,Surviving,USA,TRUE,7,6-10,FALSE,B2B
26307,Mindbase,2022,2015-2024,Active,Surviving,USA,TRUE,7,6-10,FALSE,Marketing
26303,Massdriver,2022,2015-2024,Active,Surviving,USA,TRUE,11,11-25,FALSE,B2B
26303,Massdriver,2022,2015-2024,Active,Surviving,USA,TRUE,11,11-25,FALSE,"Engineering, Product and Design"
26296,Reality Defender,2022,2015-2024,Active,Surviving,USA,TRUE,54,26-100,FALSE,B2B
26296,Reality Defender,2022,2015-2024,Active,Surviving,USA,TRUE,54,26-100,FALSE,Security
26294,Lizza,2022,2015-2024,Active,Surviving,Mexico,FALSE,7,6-10,FALSE,B2B
26294,Lizza,2022,2015-2024,Active,Surviving,Mexico,FALSE,7,6-10,FALSE,Retail
26290,Mono,2022,2015-2024,Active,Surviving,Colombia,FALSE,30,26-100,FALSE,Fintech
26290,Mono,2022,2015-2024,Active,Surviving,Colombia,FALSE,30,26-100,FALSE,Payments
26277,CrediBook,2022,2015-2024,Active,Surviving,Indonesia,FALSE,53,26-100,FALSE,B2B
26277,CrediBook,2022,2015-2024,Active,Surviving,Indonesia,FALSE,53,26-100,FALSE,Retail
26268,Remi,2022,2015-2024,Active,Surviving,USA,TRUE,170,101-500,FALSE,Real Estate and Construction
26267,Fresh Factory,2022,2015-2024,Active,Surviving,Indonesia,FALSE,100,26-100,FALSE,B2B
26267,Fresh Factory,2022,2015-2024,Active,Surviving,Indonesia,FALSE,100,26-100,FALSE,Supply Chain and Logistics
26266,Onboard.io,2022,2015-2024,Active,Surviving,USA,TRUE,6,6-10,FALSE,B2B
26266,Onboard.io,2022,2015-2024,Active,Surviving,USA,TRUE,6,6-10,FALSE,Productivity
26265,Seis,2022,2015-2024,Active,Surviving,USA,TRUE,70,26-100,FALSE,Fintech
26265,Seis,2022,2015-2024,Active,Surviving,USA,TRUE,70,26-100,FALSE,Consumer Finance
26264,Jutsoo,2022,2015-2024,Active,Surviving,Indonesia,FALSE,12,11-25,FALSE,B2B
26264,Jutsoo,2022,2015-2024,Active,Surviving,Indonesia,FALSE,12,11-25,FALSE,Finance and Accounting
26254,Eventual,2022,2015-2024,Active,Surviving,USA,TRUE,18,11-25,FALSE,B2B
26254,Eventual,2022,2015-2024,Active,Surviving,USA,TRUE,18,11-25,FALSE,Infrastructure
26242,Finnix,2022,2015-2024,Active,Surviving,Indonesia,FALSE,13,11-25,FALSE,Fintech
26242,Finnix,2022,2015-2024,Active,Surviving,Indonesia,FALSE,13,11-25,FALSE,Insurance
26210,Alima,2022,2015-2024,Active,Surviving,Mexico,FALSE,10,6-10,FALSE,B2B
26210,Alima,2022,2015-2024,Active,Surviving,Mexico,FALSE,10,6-10,FALSE,Supply Chain and Logistics
26205,Karate Labs,2022,2015-2024,Active,Surviving,USA,TRUE,2,1-5,FALSE,B2B
26205,Karate Labs,2022,2015-2024,Active,Surviving,USA,TRUE,2,1-5,FALSE,"Engineering, Product and Design"
26190,HippoBuild,2022,2015-2024,Active,Surviving,Colombia,FALSE,5,1-5,FALSE,Real Estate and Construction
26190,HippoBuild,2022,2015-2024,Active,Surviving,Colombia,FALSE,5,1-5,FALSE,Construction
26183,Pantore Pay,2022,2015-2024,Active,Surviving,Brazil,FALSE,25,11-25,FALSE,Fintech
26163,beU delivery,2022,2015-2024,Active,Surviving,Ethiopia,FALSE,300,101-500,FALSE,Consumer
26163,beU delivery,2022,2015-2024,Active,Surviving,Ethiopia,FALSE,300,101-500,FALSE,Food and Beverage
26148,Powerdocs,2022,2015-2024,Active,Surviving,Germany,FALSE,4,1-5,FALSE,B2B
26147,Cofactr,2022,2015-2024,Active,Surviving,USA,TRUE,15,11-25,FALSE,B2B
26147,Cofactr,2022,2015-2024,Active,Surviving,USA,TRUE,15,11-25,FALSE,Supply Chain and Logistics
26139,Revoy,2022,2015-2024,Active,Surviving,USA,TRUE,4,1-5,FALSE,Industrials
26139,Revoy,2022,2015-2024,Active,Surviving,USA,TRUE,4,1-5,FALSE,Automotive
26138,KorrAI,2022,2015-2024,Active,Surviving,Canada,FALSE,24,11-25,FALSE,Real Estate and Construction
26138,KorrAI,2022,2015-2024,Active,Surviving,Canada,FALSE,24,11-25,FALSE,Construction
26134,Beyond Aero,2022,2015-2024,Active,Surviving,,FALSE,80,26-100,FALSE,Industrials
26134,Beyond Aero,2022,2015-2024,Active,Surviving,,FALSE,80,26-100,FALSE,Aviation and Space
26125,GovDash,2022,2015-2024,Active,Surviving,USA,TRUE,56,26-100,FALSE,Government
26122,"Origami Therapeutics, Inc.",2022,2015-2024,Active,Surviving,USA,TRUE,4,1-5,FALSE,Healthcare
26122,"Origami Therapeutics, Inc.",2022,2015-2024,Active,Surviving,USA,TRUE,4,1-5,FALSE,Therapeutics
26121,Cinapse,2022,2015-2024,Active,Surviving,USA,TRUE,2,1-5,FALSE,B2B
26121,Cinapse,2022,2015-2024,Active,Surviving,USA,TRUE,2,1-5,FALSE,Productivity
26120,AirMyne,2022,2015-2024,Active,Surviving,USA,TRUE,11,11-25,FALSE,Industrials
26120,AirMyne,2022,2015-2024,Active,Surviving,USA,TRUE,11,11-25,FALSE,Climate
26118,Offbeast,2022,2015-2024,Active,Surviving,USA,TRUE,15,11-25,FALSE,Consumer
26118,Offbeast,2022,2015-2024,Active,Surviving,USA,TRUE,15,11-25,FALSE,Food and Beverage
26109,Poko,2022,2015-2024,Active,Surviving,Singapore,FALSE,10,6-10,FALSE,Fintech
26108,GoSats,2022,2015-2024,Active,Surviving,India,FALSE,8,6-10,FALSE,Fintech
26094,Cellbyte,2022,2015-2024,Active,Surviving,Germany,FALSE,3,1-5,FALSE,Healthcare
26094,Cellbyte,2022,2015-2024,Active,Surviving,Germany,FALSE,3,1-5,FALSE,Healthcare IT
26073,Dealls – Jobs & Mentoring,2022,2015-2024,Active,Surviving,Indonesia,FALSE,127,101-500,FALSE,B2B
26073,Dealls – Jobs & Mentoring,2022,2015-2024,Active,Surviving,Indonesia,FALSE,127,101-500,FALSE,Recruiting and Talent
26072,Impossible Metals,2022,2015-2024,Active,Surviving,USA,TRUE,20,11-25,FALSE,Industrials
26072,Impossible Metals,2022,2015-2024,Active,Surviving,USA,TRUE,20,11-25,FALSE,Climate
26067,Trusty,2022,2015-2024,Active,Surviving,USA,TRUE,6,6-10,FALSE,Real Estate and Construction
26067,Trusty,2022,2015-2024,Active,Surviving,USA,TRUE,6,6-10,FALSE,Housing and Real Estate
26066,Query Vary,2022,2015-2024,Active,Surviving,USA,TRUE,6,6-10,FALSE,B2B
26066,Query Vary,2022,2015-2024,Active,Surviving,USA,TRUE,6,6-10,FALSE,"Engineering, Product and Design"
26054,Circular,2022,2015-2024,Active,Surviving,Singapore,FALSE,25,11-25,FALSE,Consumer
26054,Circular,2022,2015-2024,Active,Surviving,Singapore,FALSE,25,11-25,FALSE,Consumer Electronics
26053,Powerhouse AI,2022,2015-2024,Active,Surviving,Singapore,FALSE,6,6-10,FALSE,B2B
26053,Powerhouse AI,2022,2015-2024,Active,Surviving,Singapore,FALSE,6,6-10,FALSE,Supply Chain and Logistics
26051,GIMO,2022,2015-2024,Active,Surviving,Vietnam,FALSE,70,26-100,FALSE,Fintech
26051,GIMO,2022,2015-2024,Active,Surviving,Vietnam,FALSE,70,26-100,FALSE,Credit and Lending
26050,Olympian Motors,2022,2015-2024,Active,Surviving,USA,TRUE,10,6-10,FALSE,Industrials
26050,Olympian Motors,2022,2015-2024,Active,Surviving,USA,TRUE,10,6-10,FALSE,Automotive
26049,Netmaker,2022,2015-2024,Active,Surviving,USA,TRUE,7,6-10,FALSE,B2B
26049,Netmaker,2022,2015-2024,Active,Surviving,USA,TRUE,7,6-10,FALSE,Infrastructure
26041,The Ankler,2022,2015-2024,Active,Surviving,USA,TRUE,2,1-5,FALSE,Consumer
26041,The Ankler,2022,2015-2024,Active,Surviving,USA,TRUE,2,1-5,FALSE,Content
26035,Darsel,2022,2015-2024,Active,Surviving,NA,FALSE,5,1-5,FALSE,Education
26034,Kenobi,2022,2015-2024,Active,Surviving,United Kingdom,FALSE,3,1-5,FALSE,B2B
26034,Kenobi,2022,2015-2024,Active,Surviving,United Kingdom,FALSE,3,1-5,FALSE,Sales
26033,Heptabase,2022,2015-2024,Active,Surviving,United Kingdom,FALSE,10,6-10,FALSE,Consumer
26032,Reviving Mind,2022,2015-2024,Active,Surviving,USA,TRUE,3,1-5,FALSE,Healthcare
26032,Reviving Mind,2022,2015-2024,Active,Surviving,USA,TRUE,3,1-5,FALSE,Healthcare Services
26021,Anja Health,2022,2015-2024,Active,Surviving,USA,TRUE,2,1-5,FALSE,Healthcare
26021,Anja Health,2022,2015-2024,Active,Surviving,USA,TRUE,2,1-5,FALSE,Consumer Health and Wellness
26020,Koko,2022,2015-2024,Active,Surviving,NA,FALSE,8,6-10,FALSE,Healthcare
26020,Koko,2022,2015-2024,Active,Surviving,NA,FALSE,8,6-10,FALSE,Consumer Health and Wellness
26019,AYC Fund,2022,2015-2024,Active,Surviving,South Korea,FALSE,1,1-5,FALSE,Fintech
26019,AYC Fund,2022,2015-2024,Active,Surviving,South Korea,FALSE,1,1-5,FALSE,Asset Management
26016,Finku,2022,2015-2024,Active,Surviving,Indonesia,FALSE,20,11-25,FALSE,Fintech
26015,Splendor,2022,2015-2024,Active,Surviving,USA,TRUE,1,1-5,FALSE,B2B
26012,Postal,2022,2015-2024,Active,Surviving,USA,TRUE,4,1-5,FALSE,Fintech
26012,Postal,2022,2015-2024,Active,Surviving,USA,TRUE,4,1-5,FALSE,Insurance
26004,Avocademy,2022,2015-2024,Active,Surviving,USA,TRUE,6,6-10,FALSE,Education
26003,Mahaana Wealth,2022,2015-2024,Active,Surviving,Pakistan,FALSE,30,26-100,FALSE,Fintech
25999,Codec,2022,2015-2024,Active,Surviving,USA,TRUE,2,1-5,FALSE,Consumer
25999,Codec,2022,2015-2024,Active,Surviving,USA,TRUE,2,1-5,FALSE,Content
25995,Workflow86,2022,2015-2024,Active,Surviving,USA,TRUE,6,6-10,FALSE,B2B
25995,Workflow86,2022,2015-2024,Active,Surviving,USA,TRUE,6,6-10,FALSE,Operations
25992,WANTD,2022,2015-2024,Active,Surviving,USA,TRUE,4,1-5,FALSE,Consumer
25992,WANTD,2022,2015-2024,Active,Surviving,USA,TRUE,4,1-5,FALSE,Apparel and Cosmetics
25991,Humand,2022,2015-2024,Active,Surviving,USA,TRUE,270,101-500,FALSE,B2B
25991,Humand,2022,2015-2024,Active,Surviving,USA,TRUE,270,101-500,FALSE,Human Resources
25989,Blink,2022,2015-2024,Active,Surviving,USA,TRUE,1,1-5,FALSE,B2B
25989,Blink,2022,2015-2024,Active,Surviving,USA,TRUE,1,1-5,FALSE,"Engineering, Product and Design"
25986,Unravel Carbon,2022,2015-2024,Active,Surviving,Singapore,FALSE,42,26-100,FALSE,B2B
25985,RTHM,2022,2015-2024,Active,Surviving,USA,TRUE,14,11-25,FALSE,Healthcare
25985,RTHM,2022,2015-2024,Active,Surviving,USA,TRUE,14,11-25,FALSE,Healthcare Services
25984,Rally UXR,2022,2015-2024,Active,Surviving,USA,TRUE,30,26-100,FALSE,B2B
25984,Rally UXR,2022,2015-2024,Active,Surviving,USA,TRUE,30,26-100,FALSE,"Engineering, Product and Design"
25983,Housewarming,2022,2015-2024,Active,Surviving,USA,TRUE,4,1-5,FALSE,Consumer
25981,Arpari,2022,2015-2024,Active,Surviving,USA,TRUE,6,6-10,FALSE,Fintech
25978,Fleek,2022,2015-2024,Active,Surviving,United Kingdom,FALSE,100,26-100,FALSE,B2B
25978,Fleek,2022,2015-2024,Active,Surviving,United Kingdom,FALSE,100,26-100,FALSE,Retail
25977,yhangry,2022,2015-2024,Active,Surviving,United Kingdom,FALSE,12,11-25,FALSE,Consumer
25977,yhangry,2022,2015-2024,Active,Surviving,United Kingdom,FALSE,12,11-25,FALSE,Food and Beverage
25976,GoJom,2022,2015-2024,Active,Surviving,Peru,FALSE,140,101-500,FALSE,Real Estate and Construction
25974,Float Health,2022,2015-2024,Active,Surviving,USA,TRUE,3,1-5,FALSE,Healthcare
25973,amiloz,2022,2015-2024,Active,Surviving,Mexico,FALSE,20,11-25,FALSE,Fintech
25973,amiloz,2022,2015-2024,Active,Surviving,Mexico,FALSE,20,11-25,FALSE,Credit and Lending
25969,Shaped,2022,2015-2024,Active,Surviving,USA,TRUE,25,11-25,FALSE,B2B
25969,Shaped,2022,2015-2024,Active,Surviving,USA,TRUE,25,11-25,FALSE,Infrastructure
25967,ngrow.ai,2022,2015-2024,Active,Surviving,USA,TRUE,11,11-25,FALSE,B2B
25967,ngrow.ai,2022,2015-2024,Active,Surviving,USA,TRUE,11,11-25,FALSE,Marketing
25965,Vobi,2022,2015-2024,Active,Surviving,Brazil,FALSE,45,26-100,FALSE,Real Estate and Construction
25965,Vobi,2022,2015-2024,Active,Surviving,Brazil,FALSE,45,26-100,FALSE,Construction
25960,Clupp,2022,2015-2024,Active,Surviving,Mexico,FALSE,12,11-25,FALSE,Fintech
25960,Clupp,2022,2015-2024,Active,Surviving,Mexico,FALSE,12,11-25,FALSE,Insurance
25959,QUIK,2022,2015-2024,Active,Surviving,Venezuela,FALSE,20,11-25,FALSE,Consumer
25954,Status,2022,2015-2024,Active,Surviving,USA,TRUE,9,6-10,FALSE,Consumer
25954,Status,2022,2015-2024,Active,Surviving,USA,TRUE,9,6-10,FALSE,Social
25951,SOTERI SKIN,2022,2015-2024,Active,Surviving,USA,TRUE,2,1-5,FALSE,Consumer
25951,SOTERI SKIN,2022,2015-2024,Active,Surviving,USA,TRUE,2,1-5,FALSE,Home and Personal
25948,Spade,2022,2015-2024,Active,Surviving,USA,TRUE,25,11-25,FALSE,Fintech
25947,Fogbender,2022,2015-2024,Active,Surviving,NA,FALSE,6,6-10,FALSE,B2B
25946,PropelAuth,2022,2015-2024,Active,Surviving,USA,TRUE,5,1-5,FALSE,B2B
25946,PropelAuth,2022,2015-2024,Active,Surviving,USA,TRUE,5,1-5,FALSE,"Engineering, Product and Design"
25937,Argument Computer Corporation,2022,2015-2024,Active,Surviving,USA,TRUE,8,6-10,FALSE,B2B
25935,Topship,2022,2015-2024,Active,Surviving,Nigeria,FALSE,20,11-25,FALSE,B2B
25935,Topship,2022,2015-2024,Active,Surviving,Nigeria,FALSE,20,11-25,FALSE,Supply Chain and Logistics
25931,Amal Invest,2022,2015-2024,Active,Surviving,Bahrain,FALSE,3,1-5,FALSE,Fintech
25930,SNAB,2022,2015-2024,Active,Surviving,Spain,FALSE,6,6-10,FALSE,Fintech
25928,Attain,2022,2015-2024,Active,Surviving,USA,TRUE,5,1-5,FALSE,B2B
25924,Better Opinions,2022,2015-2024,Active,Surviving,Bengaluru,FALSE,12,11-25,FALSE,Consumer
25924,Better Opinions,2022,2015-2024,Active,Surviving,Bengaluru,FALSE,12,11-25,FALSE,Gaming
25918,Venue.ink,2022,2015-2024,Active,Surviving,Canada,FALSE,9,6-10,FALSE,Fintech
25918,Venue.ink,2022,2015-2024,Active,Surviving,Canada,FALSE,9,6-10,FALSE,Payments
25915,UNISON,2022,2015-2024,Active,Surviving,USA,TRUE,15,11-25,FALSE,Consumer
25915,UNISON,2022,2015-2024,Active,Surviving,USA,TRUE,15,11-25,FALSE,Virtual and Augmented Reality
25914,IoTFlows Inc,2022,2015-2024,Active,Surviving,USA,TRUE,60,26-100,FALSE,B2B
25914,IoTFlows Inc,2022,2015-2024,Active,Surviving,USA,TRUE,60,26-100,FALSE,Productivity
25913,Trueplace,2022,2015-2024,Active,Surviving,,FALSE,4,1-5,FALSE,B2B
25911,Cypher,2022,2015-2024,Active,Surviving,USA,TRUE,12,11-25,FALSE,Fintech
25911,Cypher,2022,2015-2024,Active,Surviving,USA,TRUE,12,11-25,FALSE,Payments
25907,Joon Health,2022,2015-2024,Active,Surviving,USA,TRUE,10,6-10,FALSE,Healthcare
25907,Joon Health,2022,2015-2024,Active,Surviving,USA,TRUE,10,6-10,FALSE,Consumer Health and Wellness
25891,PINA,2022,2015-2024,Active,Surviving,Indonesia,FALSE,25,11-25,FALSE,Fintech
25876,Numida,2022,2015-2024,Active,Surviving,Uganda,FALSE,115,101-500,FALSE,Fintech
25876,Numida,2022,2015-2024,Active,Surviving,Uganda,FALSE,115,101-500,FALSE,Credit and Lending
25871,Brainboard,2022,2015-2024,Active,Surviving,USA,TRUE,9,6-10,FALSE,B2B
25871,Brainboard,2022,2015-2024,Active,Surviving,USA,TRUE,9,6-10,FALSE,"Engineering, Product and Design"
25870,Top Road,2022,2015-2024,Active,Surviving,Australia,FALSE,2,1-5,FALSE,Fintech
25870,Top Road,2022,2015-2024,Active,Surviving,Australia,FALSE,2,1-5,FALSE,Payments
25866,Ponyrun,2022,2015-2024,Active,Surviving,USA,TRUE,3,1-5,FALSE,B2B
25866,Ponyrun,2022,2015-2024,Active,Surviving,USA,TRUE,3,1-5,FALSE,Operations
25865,Andson Biotech,2022,2015-2024,Active,Surviving,USA,TRUE,4,1-5,FALSE,Healthcare
25864,Torpedo Therapeutics,2022,2015-2024,Active,Surviving,USA,TRUE,5,1-5,FALSE,Healthcare
25864,Torpedo Therapeutics,2022,2015-2024,Active,Surviving,USA,TRUE,5,1-5,FALSE,Medical Devices
25849,Theneo,2022,2015-2024,Active,Surviving,USA,TRUE,21,11-25,FALSE,B2B
25849,Theneo,2022,2015-2024,Active,Surviving,USA,TRUE,21,11-25,FALSE,"Engineering, Product and Design"
25835,Kular,2022,2015-2024,Active,Surviving,United Kingdom,FALSE,12,11-25,FALSE,B2B
25835,Kular,2022,2015-2024,Active,Surviving,United Kingdom,FALSE,12,11-25,FALSE,Sales
25827,Talentropy.ai,2022,2015-2024,Active,Surviving,Colombia,FALSE,35,26-100,FALSE,B2B
25827,Talentropy.ai,2022,2015-2024,Active,Surviving,Colombia,FALSE,35,26-100,FALSE,Human Resources
25825,Bemlo,2022,2015-2024,Active,Surviving,Sweden,FALSE,8,6-10,FALSE,Healthcare
25825,Bemlo,2022,2015-2024,Active,Surviving,Sweden,FALSE,8,6-10,FALSE,Healthcare IT
25822,Rome,2022,2015-2024,Active,Surviving,USA,TRUE,1,1-5,FALSE,B2B
25822,Rome,2022,2015-2024,Active,Surviving,USA,TRUE,1,1-5,FALSE,Supply Chain and Logistics
25819,Broccoli AI,2022,2015-2024,Active,Surviving,USA,TRUE,21,11-25,FALSE,B2B
25819,Broccoli AI,2022,2015-2024,Active,Surviving,USA,TRUE,21,11-25,FALSE,"Engineering, Product and Design"
25818,Vimmerse,2022,2015-2024,Active,Surviving,USA,TRUE,10,6-10,FALSE,B2B
25818,Vimmerse,2022,2015-2024,Active,Surviving,USA,TRUE,10,6-10,FALSE,"Engineering, Product and Design"
25814,Duplo,2022,2015-2024,Active,Surviving,Nigeria,FALSE,13,11-25,FALSE,Fintech
25810,Material Depot,2022,2015-2024,Active,Surviving,India,FALSE,50,26-100,FALSE,Real Estate and Construction
25789,SaveIN,2022,2015-2024,Active,Surviving,India,FALSE,60,26-100,FALSE,Healthcare
25789,SaveIN,2022,2015-2024,Active,Surviving,India,FALSE,60,26-100,FALSE,Consumer Health and Wellness
25788,DimOrder,2022,2015-2024,Active,Surviving,Hong Kong,FALSE,70,26-100,FALSE,B2B
25787,Courtyard.io,2022,2015-2024,Active,Surviving,USA,TRUE,90,26-100,FALSE,Consumer
25782,Carbon Crusher,2022,2015-2024,Active,Surviving,Norway,FALSE,21,11-25,FALSE,Industrials
25782,Carbon Crusher,2022,2015-2024,Active,Surviving,Norway,FALSE,21,11-25,FALSE,Climate
25779,Nullstone,2022,2015-2024,Active,Surviving,USA,TRUE,2,1-5,FALSE,B2B
25779,Nullstone,2022,2015-2024,Active,Surviving,USA,TRUE,2,1-5,FALSE,Infrastructure
25778,Take App,2022,2015-2024,Active,Surviving,Singapore,FALSE,7,6-10,FALSE,B2B
25777,BotCity,2022,2015-2024,Active,Surviving,USA,TRUE,35,26-100,FALSE,B2B
25777,BotCity,2022,2015-2024,Active,Surviving,USA,TRUE,35,26-100,FALSE,"Engineering, Product and Design"
25776,Partna,2022,2015-2024,Active,Surviving,USA,TRUE,8,6-10,FALSE,Fintech
25763,Cinder,2022,2015-2024,Active,Surviving,USA,TRUE,30,26-100,FALSE,B2B
25763,Cinder,2022,2015-2024,Active,Surviving,USA,TRUE,30,26-100,FALSE,Security
25758,Nash,2022,2015-2024,Active,Surviving,Kenya,FALSE,11,11-25,FALSE,Fintech
25755,Rank (formerly Moni),2022,2015-2024,Active,Surviving,Nigeria,FALSE,20,11-25,FALSE,Fintech
25755,Rank (formerly Moni),2022,2015-2024,Active,Surviving,Nigeria,FALSE,20,11-25,FALSE,Credit and Lending
25754,Cash Flow Portal,2022,2015-2024,Active,Surviving,USA,TRUE,19,11-25,FALSE,Real Estate and Construction
25754,Cash Flow Portal,2022,2015-2024,Active,Surviving,USA,TRUE,19,11-25,FALSE,Housing and Real Estate
25753,Airwork,2022,2015-2024,Active,Surviving,Canada,FALSE,4,1-5,FALSE,B2B
25753,Airwork,2022,2015-2024,Active,Surviving,Canada,FALSE,4,1-5,FALSE,Recruiting and Talent
25752,Simplifyd Systems,2022,2015-2024,Active,Surviving,London,FALSE,8,6-10,FALSE,B2B
25746,Durioo,2022,2015-2024,Active,Surviving,Malaysia,FALSE,50,26-100,FALSE,Consumer
25746,Durioo,2022,2015-2024,Active,Surviving,Malaysia,FALSE,50,26-100,FALSE,Content
25745,goodfin,2022,2015-2024,Active,Surviving,USA,TRUE,8,6-10,FALSE,Fintech
25743,Trackingplan,2022,2015-2024,Active,Surviving,Spain,FALSE,17,11-25,FALSE,B2B
25743,Trackingplan,2022,2015-2024,Active,Surviving,Spain,FALSE,17,11-25,FALSE,Analytics
25737,Arintra,2022,2015-2024,Active,Surviving,USA,TRUE,50,26-100,FALSE,Healthcare
25737,Arintra,2022,2015-2024,Active,Surviving,USA,TRUE,50,26-100,FALSE,Healthcare IT
25733,SmartHelio,2022,2015-2024,Active,Surviving,Switzerland,FALSE,25,11-25,FALSE,B2B
25733,SmartHelio,2022,2015-2024,Active,Surviving,Switzerland,FALSE,25,11-25,FALSE,Analytics
25732,Sprites,2022,2015-2024,Active,Surviving,USA,TRUE,5,1-5,FALSE,B2B
25732,Sprites,2022,2015-2024,Active,Surviving,USA,TRUE,5,1-5,FALSE,Marketing
25728,Benson,2022,2015-2024,Active,Surviving,USA,TRUE,3,1-5,FALSE,Fintech
25728,Benson,2022,2015-2024,Active,Surviving,USA,TRUE,3,1-5,FALSE,Consumer Finance
25726,Vendy,2022,2015-2024,Active,Surviving,Nigeria,FALSE,20,11-25,FALSE,Fintech
25726,Vendy,2022,2015-2024,Active,Surviving,Nigeria,FALSE,20,11-25,FALSE,Payments
25725,Argo,2022,2015-2024,Active,Surviving,USA,TRUE,10,6-10,FALSE,Consumer
25725,Argo,2022,2015-2024,Active,Surviving,USA,TRUE,10,6-10,FALSE,Content
25724,Lovage,2022,2015-2024,Active,Surviving,USA,TRUE,3,1-5,FALSE,B2B
25724,Lovage,2022,2015-2024,Active,Surviving,USA,TRUE,3,1-5,FALSE,Marketing
25721,Tendo,2022,2015-2024,Active,Surviving,Ghana,FALSE,15,11-25,FALSE,Consumer
25721,Tendo,2022,2015-2024,Active,Surviving,Ghana,FALSE,15,11-25,FALSE,Social
25720,Convoy,2022,2015-2024,Active,Surviving,Nigeria,FALSE,8,6-10,FALSE,B2B
25720,Convoy,2022,2015-2024,Active,Surviving,Nigeria,FALSE,8,6-10,FALSE,"Engineering, Product and Design"
25717,Lenco,2022,2015-2024,Active,Surviving,Nigeria,FALSE,13,11-25,FALSE,Fintech
25717,Lenco,2022,2015-2024,Active,Surviving,Nigeria,FALSE,13,11-25,FALSE,Banking and Exchange
25716,Dojah Inc,2022,2015-2024,Active,Surviving,Nigeria,FALSE,30,26-100,FALSE,B2B
25716,Dojah Inc,2022,2015-2024,Active,Surviving,Nigeria,FALSE,30,26-100,FALSE,Infrastructure
25715,SubscriptionFlow,2022,2015-2024,Active,Surviving,London,FALSE,9,6-10,FALSE,B2B
25715,SubscriptionFlow,2022,2015-2024,Active,Surviving,London,FALSE,9,6-10,FALSE,Sales
25714,Strong Compute,2022,2015-2024,Active,Surviving,Australia,FALSE,8,6-10,FALSE,B2B
25713,Grey,2022,2015-2024,Active,Surviving,USA,TRUE,15,11-25,FALSE,Fintech
25711,"Elphinstone, Inc.",2022,2015-2024,Active,Surviving,Pakistan,FALSE,15,11-25,FALSE,Fintech
25711,"Elphinstone, Inc.",2022,2015-2024,Active,Surviving,Pakistan,FALSE,15,11-25,FALSE,Asset Management
25700,Alga Biosciences,2022,2015-2024,Active,Surviving,USA,TRUE,6,6-10,FALSE,Industrials
25700,Alga Biosciences,2022,2015-2024,Active,Surviving,USA,TRUE,6,6-10,FALSE,Climate
25697,Prembly (formerly Identitypass),2022,2015-2024,Active,Surviving,Nigeria,FALSE,80,26-100,FALSE,B2B
25697,Prembly (formerly Identitypass),2022,2015-2024,Active,Surviving,Nigeria,FALSE,80,26-100,FALSE,Infrastructure
25696,Agency,2022,2015-2024,Active,Surviving,USA,TRUE,50,26-100,FALSE,B2B
25696,Agency,2022,2015-2024,Active,Surviving,USA,TRUE,50,26-100,FALSE,Security
25695,Pluto.markets,2022,2015-2024,Active,Surviving,Denmark,FALSE,4,1-5,FALSE,Fintech
25695,Pluto.markets,2022,2015-2024,Active,Surviving,Denmark,FALSE,4,1-5,FALSE,Asset Management
25694,PayCrunch,2022,2015-2024,Active,Surviving,India,FALSE,5,1-5,FALSE,Fintech
25694,PayCrunch,2022,2015-2024,Active,Surviving,India,FALSE,5,1-5,FALSE,Credit and Lending
25692,Livedocs,2022,2015-2024,Active,Surviving,USA,TRUE,3,1-5,FALSE,B2B
25692,Livedocs,2022,2015-2024,Active,Surviving,USA,TRUE,3,1-5,FALSE,Analytics
25691,voize,2022,2015-2024,Active,Surviving,Germany,FALSE,140,101-500,FALSE,B2B
25691,voize,2022,2015-2024,Active,Surviving,Germany,FALSE,140,101-500,FALSE,Productivity
25689,Kaagaz,2022,2015-2024,Active,Surviving,India,FALSE,11,11-25,FALSE,Consumer
25685,Boya,2022,2015-2024,Active,Surviving,Kenya,FALSE,9,6-10,FALSE,Fintech
25684,Curacel,2022,2015-2024,Active,Surviving,Nigeria,FALSE,30,26-100,FALSE,Fintech
25684,Curacel,2022,2015-2024,Active,Surviving,Nigeria,FALSE,30,26-100,FALSE,Insurance
25683,FinFlx,2022,2015-2024,Active,Surviving,United Arab Emirates,FALSE,8,6-10,FALSE,Fintech
25682,LunaJoy Health,2022,2015-2024,Active,Surviving,USA,TRUE,6,6-10,FALSE,Healthcare
25682,LunaJoy Health,2022,2015-2024,Active,Surviving,USA,TRUE,6,6-10,FALSE,Healthcare Services
25681,SpadeWorks,2022,2015-2024,Active,Surviving,USA,TRUE,13,11-25,FALSE,B2B
25681,SpadeWorks,2022,2015-2024,Active,Surviving,USA,TRUE,13,11-25,FALSE,Operations
25680,Cotera,2022,2015-2024,Active,Surviving,USA,TRUE,8,6-10,FALSE,B2B
25680,Cotera,2022,2015-2024,Active,Surviving,USA,TRUE,8,6-10,FALSE,Analytics
25679,Sero,2022,2015-2024,Active,Surviving,USA,TRUE,2,1-5,FALSE,B2B
25677,Posh,2022,2015-2024,Active,Surviving,USA,TRUE,10,6-10,FALSE,Industrials
25677,Posh,2022,2015-2024,Active,Surviving,USA,TRUE,10,6-10,FALSE,Climate
25674,Toko,2022,2015-2024,Active,Surviving,USA,TRUE,5,1-5,FALSE,Education
25673,Enlightra,2022,2015-2024,Active,Surviving,Switzerland,FALSE,22,11-25,FALSE,Industrials
25672,Cogram,2022,2015-2024,Active,Surviving,USA,TRUE,15,11-25,FALSE,B2B
25672,Cogram,2022,2015-2024,Active,Surviving,USA,TRUE,15,11-25,FALSE,Productivity
25671,Markaz Technologies,2022,2015-2024,Active,Surviving,Pakistan,FALSE,55,26-100,FALSE,Consumer
25670,Eazipay Inc.,2022,2015-2024,Active,Surviving,Nigeria,FALSE,27,26-100,FALSE,Fintech
25670,Eazipay Inc.,2022,2015-2024,Active,Surviving,Nigeria,FALSE,27,26-100,FALSE,Payments
25665,Wibond,2022,2015-2024,Active,Surviving,Argentina,FALSE,30,26-100,FALSE,Fintech
25665,Wibond,2022,2015-2024,Active,Surviving,Argentina,FALSE,30,26-100,FALSE,Credit and Lending
25663,Velt,2022,2015-2024,Active,Surviving,USA,TRUE,15,11-25,FALSE,B2B
25663,Velt,2022,2015-2024,Active,Surviving,USA,TRUE,15,11-25,FALSE,Productivity
25662,digi,2022,2015-2024,Active,Surviving,,FALSE,30,26-100,FALSE,Fintech
25660,PayCaddy,2022,2015-2024,Active,Surviving,Panama,FALSE,20,11-25,FALSE,Fintech
25659,Tuva Health,2022,2015-2024,Active,Surviving,USA,TRUE,3,1-5,FALSE,Healthcare
25659,Tuva Health,2022,2015-2024,Active,Surviving,USA,TRUE,3,1-5,FALSE,Healthcare IT
25658,Plumter,2022,2015-2024,Active,Surviving,Nigeria,FALSE,12,11-25,FALSE,Fintech
25658,Plumter,2022,2015-2024,Active,Surviving,Nigeria,FALSE,12,11-25,FALSE,Payments
25657,Complete,2022,2015-2024,Active,Surviving,USA,TRUE,5,1-5,FALSE,B2B
25657,Complete,2022,2015-2024,Active,Surviving,USA,TRUE,5,1-5,FALSE,Human Resources
25656,Siftly,2022,2015-2024,Active,Surviving,USA,TRUE,4,1-5,FALSE,B2B
25656,Siftly,2022,2015-2024,Active,Surviving,USA,TRUE,4,1-5,FALSE,Analytics
25655,Anfin,2022,2015-2024,Active,Surviving,Vietnam,FALSE,40,26-100,FALSE,Fintech
25655,Anfin,2022,2015-2024,Active,Surviving,Vietnam,FALSE,40,26-100,FALSE,Asset Management
25654,IMT Care,2022,2015-2024,Active,Surviving,India,FALSE,23,11-25,FALSE,Healthcare
25654,IMT Care,2022,2015-2024,Active,Surviving,India,FALSE,23,11-25,FALSE,Consumer Health and Wellness
25652,SALT,2022,2015-2024,Active,Surviving,India,FALSE,14,11-25,FALSE,Fintech
25650,NearWave,2022,2015-2024,Active,Surviving,USA,TRUE,3,1-5,FALSE,Healthcare
25650,NearWave,2022,2015-2024,Active,Surviving,USA,TRUE,3,1-5,FALSE,Medical Devices
25649,Stairs Financial,2022,2015-2024,Active,Surviving,USA,TRUE,NA,NA,FALSE,Fintech
25649,Stairs Financial,2022,2015-2024,Active,Surviving,USA,TRUE,NA,NA,FALSE,Consumer Finance
25647,PermitFlow,2022,2015-2024,Active,Surviving,USA,TRUE,80,26-100,FALSE,Real Estate and Construction
25647,PermitFlow,2022,2015-2024,Active,Surviving,USA,TRUE,80,26-100,FALSE,Construction
25645,RefineTrain AI,2022,2015-2024,Active,Surviving,USA,TRUE,4,1-5,FALSE,B2B
25645,RefineTrain AI,2022,2015-2024,Active,Surviving,USA,TRUE,4,1-5,FALSE,"Engineering, Product and Design"
25643,Mintlify,2022,2015-2024,Active,Surviving,USA,TRUE,55,26-100,FALSE,B2B
25643,Mintlify,2022,2015-2024,Active,Surviving,USA,TRUE,55,26-100,FALSE,"Engineering, Product and Design"
25634,IOMETE,2022,2015-2024,Active,Surviving,USA,TRUE,21,11-25,FALSE,B2B
25634,IOMETE,2022,2015-2024,Active,Surviving,USA,TRUE,21,11-25,FALSE,Infrastructure
25619,RecordBook,2022,2015-2024,Active,Surviving,Bengaluru,FALSE,15,11-25,FALSE,B2B
25618,Sphere,2022,2015-2024,Active,Surviving,USA,TRUE,7,6-10,FALSE,B2B
25614,T3 Chat,2022,2015-2024,Active,Surviving,USA,TRUE,2,1-5,FALSE,Consumer
25614,T3 Chat,2022,2015-2024,Active,Surviving,USA,TRUE,2,1-5,FALSE,Content
25613,Gauss,2022,2015-2024,Active,Surviving,USA,TRUE,16,11-25,FALSE,Fintech
25613,Gauss,2022,2015-2024,Active,Surviving,USA,TRUE,16,11-25,FALSE,Consumer Finance
25610,RedBrick AI,2022,2015-2024,Active,Surviving,USA,TRUE,13,11-25,FALSE,B2B
25608,Flagright,2022,2015-2024,Active,Surviving,USA,TRUE,31,26-100,FALSE,B2B
25607,Axis,2022,2015-2024,Active,Surviving,USA,TRUE,15,11-25,FALSE,B2B
25607,Axis,2022,2015-2024,Active,Surviving,USA,TRUE,15,11-25,FALSE,Productivity
25606,HOKALI,2022,2015-2024,Active,Surviving,USA,TRUE,12,11-25,FALSE,B2B
25606,HOKALI,2022,2015-2024,Active,Surviving,USA,TRUE,12,11-25,FALSE,Marketing
25605,SuperSend,2022,2015-2024,Active,Surviving,USA,TRUE,8,6-10,FALSE,B2B
25605,SuperSend,2022,2015-2024,Active,Surviving,USA,TRUE,8,6-10,FALSE,Marketing
25603,Reforged Labs,2022,2015-2024,Active,Surviving,USA,TRUE,19,11-25,FALSE,B2B
25603,Reforged Labs,2022,2015-2024,Active,Surviving,USA,TRUE,19,11-25,FALSE,Marketing
25596,Bakool,2022,2015-2024,Active,Surviving,Indonesia,FALSE,30,26-100,FALSE,Consumer
25594,Streak,2022,2015-2024,Active,Surviving,India,FALSE,12,11-25,FALSE,Fintech
25594,Streak,2022,2015-2024,Active,Surviving,India,FALSE,12,11-25,FALSE,Payments
25593,Cardda,2022,2015-2024,Active,Surviving,Chile,FALSE,5,1-5,FALSE,Fintech
25593,Cardda,2022,2015-2024,Active,Surviving,Chile,FALSE,5,1-5,FALSE,Payments
25590,Emobi,2022,2015-2024,Active,Surviving,USA,TRUE,9,6-10,FALSE,B2B
25589,Palitronica Inc,2022,2015-2024,Active,Surviving,Canada,FALSE,6,6-10,FALSE,B2B
25589,Palitronica Inc,2022,2015-2024,Active,Surviving,Canada,FALSE,6,6-10,FALSE,Security
25587,Dart,2022,2015-2024,Active,Surviving,USA,TRUE,10,6-10,FALSE,B2B
25587,Dart,2022,2015-2024,Active,Surviving,USA,TRUE,10,6-10,FALSE,Productivity
25586,Soon,2022,2015-2024,Active,Surviving,USA,TRUE,4,1-5,FALSE,Fintech
25586,Soon,2022,2015-2024,Active,Surviving,USA,TRUE,4,1-5,FALSE,Consumer Finance
25585,Armilla AI,2022,2015-2024,Active,Surviving,Canada,FALSE,14,11-25,FALSE,B2B
25585,Armilla AI,2022,2015-2024,Active,Surviving,Canada,FALSE,14,11-25,FALSE,Analytics
25584,SnapTrade,2022,2015-2024,Active,Surviving,Canada,FALSE,17,11-25,FALSE,Fintech
25583,Bunkyr,2022,2015-2024,Active,Surviving,USA,TRUE,3,1-5,FALSE,B2B
25583,Bunkyr,2022,2015-2024,Active,Surviving,USA,TRUE,3,1-5,FALSE,Security
25582,Sophys,2022,2015-2024,Active,Surviving,USA,TRUE,1,1-5,FALSE,Healthcare
25575,Beam,2022,2015-2024,Active,Surviving,USA,TRUE,5,1-5,FALSE,B2B
25575,Beam,2022,2015-2024,Active,Surviving,USA,TRUE,5,1-5,FALSE,Infrastructure
25573,Zorba,2022,2015-2024,Active,Surviving,USA,TRUE,NA,NA,FALSE,Real Estate and Construction
25572,RDash,2022,2015-2024,Active,Surviving,India,FALSE,80,26-100,FALSE,B2B
25572,RDash,2022,2015-2024,Active,Surviving,India,FALSE,80,26-100,FALSE,Infrastructure
25571,Omoi (formerly Azuki),2022,2015-2024,Active,Surviving,USA,TRUE,5,1-5,FALSE,Consumer
25571,Omoi (formerly Azuki),2022,2015-2024,Active,Surviving,USA,TRUE,5,1-5,FALSE,Content
25561,LanceDB,2022,2015-2024,Active,Surviving,USA,TRUE,35,26-100,FALSE,B2B
25561,LanceDB,2022,2015-2024,Active,Surviving,USA,TRUE,35,26-100,FALSE,Infrastructure
25560,Stock Unlock,2022,2015-2024,Active,Surviving,USA,TRUE,8,6-10,FALSE,Fintech
25559,Creizer,2022,2015-2024,Active,Surviving,Mexico,FALSE,12,11-25,FALSE,Fintech
25559,Creizer,2022,2015-2024,Active,Surviving,Mexico,FALSE,12,11-25,FALSE,Credit and Lending
25558,MosaicVoice,2022,2015-2024,Active,Surviving,USA,TRUE,4,1-5,FALSE,B2B
25558,MosaicVoice,2022,2015-2024,Active,Surviving,USA,TRUE,4,1-5,FALSE,Operations
25557,Lightmeter,2022,2015-2024,Active,Surviving,United Kingdom,FALSE,5,1-5,FALSE,B2B
25557,Lightmeter,2022,2015-2024,Active,Surviving,United Kingdom,FALSE,5,1-5,FALSE,Sales
25553,Phase Biolabs,2022,2015-2024,Active,Surviving,United Kingdom,FALSE,10,6-10,FALSE,Industrials
25553,Phase Biolabs,2022,2015-2024,Active,Surviving,United Kingdom,FALSE,10,6-10,FALSE,Climate
25552,Firezone,2022,2015-2024,Active,Surviving,USA,TRUE,3,1-5,FALSE,B2B
25552,Firezone,2022,2015-2024,Active,Surviving,USA,TRUE,3,1-5,FALSE,Security
25543,Agentnoon,2022,2015-2024,Active,Surviving,Canada,FALSE,16,11-25,FALSE,B2B
25543,Agentnoon,2022,2015-2024,Active,Surviving,Canada,FALSE,16,11-25,FALSE,Human Resources
25542,Elementary,2022,2015-2024,Active,Surviving,Israel,FALSE,12,11-25,FALSE,B2B
25542,Elementary,2022,2015-2024,Active,Surviving,Israel,FALSE,12,11-25,FALSE,Analytics
25541,Versable,2022,2015-2024,Active,Surviving,USA,TRUE,3,1-5,FALSE,B2B
25541,Versable,2022,2015-2024,Active,Surviving,USA,TRUE,3,1-5,FALSE,Retail
25540,Rehook.ai,2022,2015-2024,Active,Surviving,India,FALSE,12,11-25,FALSE,B2B
25540,Rehook.ai,2022,2015-2024,Active,Surviving,India,FALSE,12,11-25,FALSE,Marketing
25539,Oto,2022,2015-2024,Active,Surviving,United Kingdom,FALSE,2,1-5,FALSE,Healthcare
25539,Oto,2022,2015-2024,Active,Surviving,United Kingdom,FALSE,2,1-5,FALSE,Consumer Health and Wellness
25538,Lexter.ai,2022,2015-2024,Active,Surviving,Brazil,FALSE,18,11-25,FALSE,B2B
25538,Lexter.ai,2022,2015-2024,Active,Surviving,Brazil,FALSE,18,11-25,FALSE,Legal
25537,Cerebrium,2022,2015-2024,Active,Surviving,USA,TRUE,4,1-5,FALSE,B2B
25537,Cerebrium,2022,2015-2024,Active,Surviving,USA,TRUE,4,1-5,FALSE,Infrastructure
25532,Fintelite,2022,2015-2024,Active,Surviving,Singapore,FALSE,20,11-25,FALSE,Fintech
25531,haddock,2022,2015-2024,Active,Surviving,Spain,FALSE,40,26-100,FALSE,B2B
25531,haddock,2022,2015-2024,Active,Surviving,Spain,FALSE,40,26-100,FALSE,Finance and Accounting
25528,Lenk,2022,2015-2024,Active,Surviving,Chile,FALSE,18,11-25,FALSE,Fintech
25528,Lenk,2022,2015-2024,Active,Surviving,Chile,FALSE,18,11-25,FALSE,Credit and Lending
25527,Munily,2022,2015-2024,Active,Surviving,Panama,FALSE,30,26-100,FALSE,B2B
25527,Munily,2022,2015-2024,Active,Surviving,Panama,FALSE,30,26-100,FALSE,Security
25526,Complif,2022,2015-2024,Active,Surviving,Argentina,FALSE,45,26-100,FALSE,B2B
25526,Complif,2022,2015-2024,Active,Surviving,Argentina,FALSE,45,26-100,FALSE,Operations
25525,Pyrls,2022,2015-2024,Active,Surviving,USA,TRUE,3,1-5,FALSE,Healthcare
25525,Pyrls,2022,2015-2024,Active,Surviving,USA,TRUE,3,1-5,FALSE,Healthcare IT
25522,Unlayer,2022,2015-2024,Active,Surviving,USA,TRUE,35,26-100,FALSE,B2B
25522,Unlayer,2022,2015-2024,Active,Surviving,USA,TRUE,35,26-100,FALSE,Productivity
25521,Happl,2022,2015-2024,Active,Surviving,United Kingdom,FALSE,11,11-25,FALSE,B2B
25521,Happl,2022,2015-2024,Active,Surviving,United Kingdom,FALSE,11,11-25,FALSE,Human Resources
25519,Fieldproxy,2022,2015-2024,Active,Surviving,India,FALSE,15,11-25,FALSE,B2B
25519,Fieldproxy,2022,2015-2024,Active,Surviving,India,FALSE,15,11-25,FALSE,Productivity
25518,MySivi,2022,2015-2024,Active,Surviving,India,FALSE,10,6-10,FALSE,Education
25517,UpBanx,2022,2015-2024,Active,Surviving,Indonesia,FALSE,13,11-25,FALSE,Fintech
25512,Ankr Health,2022,2015-2024,Active,Surviving,USA,TRUE,30,26-100,FALSE,Healthcare
25511,Iron Leap,2022,2015-2024,Active,Surviving,USA,TRUE,5,1-5,FALSE,B2B
25509,Hyperbeam,2022,2015-2024,Active,Surviving,Canada,FALSE,3,1-5,FALSE,B2B
25509,Hyperbeam,2022,2015-2024,Active,Surviving,Canada,FALSE,3,1-5,FALSE,"Engineering, Product and Design"
25491,Bobidi,2022,2015-2024,Active,Surviving,USA,TRUE,7,6-10,FALSE,B2B
25491,Bobidi,2022,2015-2024,Active,Surviving,USA,TRUE,7,6-10,FALSE,Marketing
25480,Atlas,2022,2015-2024,Active,Surviving,USA,TRUE,18,11-25,FALSE,B2B
25480,Atlas,2022,2015-2024,Active,Surviving,USA,TRUE,18,11-25,FALSE,Operations
25476,Shuttle Central,2022,2015-2024,Active,Surviving,Mexico,FALSE,28,26-100,FALSE,Consumer
25476,Shuttle Central,2022,2015-2024,Active,Surviving,Mexico,FALSE,28,26-100,FALSE,"Travel, Leisure and Tourism"
25475,Orca,2022,2015-2024,Active,Surviving,USA,TRUE,4,1-5,FALSE,Fintech
25473,Miggos,2022,2015-2024,Active,Surviving,Brazil,FALSE,20,11-25,FALSE,B2B
25473,Miggos,2022,2015-2024,Active,Surviving,Brazil,FALSE,20,11-25,FALSE,Supply Chain and Logistics
25451,Instant Labs,2022,2015-2024,Active,Surviving,Canada,FALSE,1,1-5,FALSE,B2B
25451,Instant Labs,2022,2015-2024,Active,Surviving,Canada,FALSE,1,1-5,FALSE,Marketing
25450,Corveus Medical,2022,2015-2024,Active,Surviving,USA,TRUE,3,1-5,FALSE,Healthcare
25450,Corveus Medical,2022,2015-2024,Active,Surviving,USA,TRUE,3,1-5,FALSE,Medical Devices
25449,Alixia,2022,2015-2024,Active,Surviving,USA,TRUE,2,1-5,FALSE,Healthcare
25449,Alixia,2022,2015-2024,Active,Surviving,USA,TRUE,2,1-5,FALSE,Therapeutics
25447,Myria,2022,2015-2024,Active,Surviving,USA,TRUE,7,6-10,FALSE,Consumer
25446,Vendoo,2022,2015-2024,Active,Surviving,USA,TRUE,55,26-100,FALSE,Consumer
25445,Heyfood,2022,2015-2024,Active,Surviving,Nigeria,FALSE,40,26-100,FALSE,Consumer
25445,Heyfood,2022,2015-2024,Active,Surviving,Nigeria,FALSE,40,26-100,FALSE,Food and Beverage
25444,Touch and Pay Technologies Limited,2022,2015-2024,Active,Surviving,Nigeria,FALSE,55,26-100,FALSE,Fintech
25444,Touch and Pay Technologies Limited,2022,2015-2024,Active,Surviving,Nigeria,FALSE,55,26-100,FALSE,Payments
25419,Kaso,2022,2015-2024,Active,Surviving,United Arab Emirates,FALSE,50,26-100,FALSE,B2B
25419,Kaso,2022,2015-2024,Active,Surviving,United Arab Emirates,FALSE,50,26-100,FALSE,Supply Chain and Logistics
25418,CUTR,2022,2015-2024,Active,Surviving,Netherlands,FALSE,22,11-25,FALSE,B2B
25418,CUTR,2022,2015-2024,Active,Surviving,Netherlands,FALSE,22,11-25,FALSE,"Engineering, Product and Design"
25417,Koala,2022,2015-2024,Active,Surviving,USA,TRUE,11,11-25,FALSE,Education
25403,Aspora,2022,2015-2024,Active,Surviving,United Kingdom,FALSE,85,26-100,FALSE,Fintech
25403,Aspora,2022,2015-2024,Active,Surviving,United Kingdom,FALSE,85,26-100,FALSE,Consumer Finance
25402,Rownd,2022,2015-2024,Active,Surviving,USA,TRUE,7,6-10,FALSE,B2B
25402,Rownd,2022,2015-2024,Active,Surviving,USA,TRUE,7,6-10,FALSE,Infrastructure
25400,Industrial Next,2022,2015-2024,Active,Surviving,USA,TRUE,9,6-10,FALSE,Industrials
25400,Industrial Next,2022,2015-2024,Active,Surviving,USA,TRUE,9,6-10,FALSE,Manufacturing and Robotics
25399,Invert,2022,2015-2024,Active,Surviving,USA,TRUE,25,11-25,FALSE,Healthcare
25399,Invert,2022,2015-2024,Active,Surviving,USA,TRUE,25,11-25,FALSE,Industrial Bio
25398,Dynamo AI,2022,2015-2024,Active,Surviving,USA,TRUE,40,26-100,FALSE,B2B
25397,Seabound,2022,2015-2024,Active,Surviving,United Kingdom,FALSE,18,11-25,FALSE,Industrials
25397,Seabound,2022,2015-2024,Active,Surviving,United Kingdom,FALSE,18,11-25,FALSE,Climate
25395,Sekilo,2022,2015-2024,Active,Surviving,Indonesia,FALSE,15,11-25,FALSE,B2B
25395,Sekilo,2022,2015-2024,Active,Surviving,Indonesia,FALSE,15,11-25,FALSE,Supply Chain and Logistics
25394,Harmoney,2022,2015-2024,Active,Surviving,India,FALSE,30,26-100,FALSE,Fintech
25394,Harmoney,2022,2015-2024,Active,Surviving,India,FALSE,30,26-100,FALSE,Asset Management
25381,TeamOut,2022,2015-2024,Active,Surviving,USA,TRUE,10,6-10,FALSE,B2B
25363,Gym Class,2022,2015-2024,Active,Surviving,USA,TRUE,20,11-25,FALSE,Consumer
25363,Gym Class,2022,2015-2024,Active,Surviving,USA,TRUE,20,11-25,FALSE,Social
25361,Fleetzero,2022,2015-2024,Active,Surviving,USA,TRUE,40,26-100,FALSE,Industrials
25359,Yezza,2022,2015-2024,Active,Surviving,Malaysia,FALSE,0,NA,FALSE,B2B
25358,Nyckel,2022,2015-2024,Active,Surviving,USA,TRUE,4,1-5,FALSE,B2B
25358,Nyckel,2022,2015-2024,Active,Surviving,USA,TRUE,4,1-5,FALSE,"Engineering, Product and Design"
25356,Spinach AI,2022,2015-2024,Active,Surviving,USA,TRUE,5,1-5,FALSE,B2B
25356,Spinach AI,2022,2015-2024,Active,Surviving,USA,TRUE,5,1-5,FALSE,Productivity
25354,Blaze,2022,2015-2024,Active,Surviving,USA,TRUE,10,6-10,FALSE,B2B
25351,Axross Pte Ltd,2022,2015-2024,Active,Surviving,Singapore,FALSE,10,6-10,FALSE,B2B
25351,Axross Pte Ltd,2022,2015-2024,Active,Surviving,Singapore,FALSE,10,6-10,FALSE,"Engineering, Product and Design"
25350,Nest Genomics,2022,2015-2024,Active,Surviving,USA,TRUE,14,11-25,FALSE,Healthcare
25350,Nest Genomics,2022,2015-2024,Active,Surviving,USA,TRUE,14,11-25,FALSE,Healthcare IT
25349,Brown Foods,2022,2015-2024,Active,Surviving,USA,TRUE,5,1-5,FALSE,Healthcare
25349,Brown Foods,2022,2015-2024,Active,Surviving,USA,TRUE,5,1-5,FALSE,Industrial Bio
25348,Sei,2022,2015-2024,Active,Surviving,India,FALSE,NA,NA,FALSE,Fintech
25347,Perl Street,2022,2015-2024,Active,Surviving,USA,TRUE,4,1-5,FALSE,Fintech
25347,Perl Street,2022,2015-2024,Active,Surviving,USA,TRUE,4,1-5,FALSE,Credit and Lending
25346,Transfez,2022,2015-2024,Active,Surviving,Indonesia,FALSE,50,26-100,FALSE,Fintech
25346,Transfez,2022,2015-2024,Active,Surviving,Indonesia,FALSE,50,26-100,FALSE,Payments
25342,Stably AI,2022,2015-2024,Active,Surviving,USA,TRUE,8,6-10,FALSE,B2B
25342,Stably AI,2022,2015-2024,Active,Surviving,USA,TRUE,8,6-10,FALSE,"Engineering, Product and Design"
25341,Wagetap,2022,2015-2024,Active,Surviving,Australia,FALSE,10,6-10,FALSE,Fintech
25341,Wagetap,2022,2015-2024,Active,Surviving,Australia,FALSE,10,6-10,FALSE,Credit and Lending
25340,Loops,2022,2015-2024,Active,Surviving,USA,TRUE,9,6-10,FALSE,B2B
25340,Loops,2022,2015-2024,Active,Surviving,USA,TRUE,9,6-10,FALSE,Marketing
25339,AgentRouter,2022,2015-2024,Active,Surviving,USA,TRUE,4,1-5,FALSE,Consumer
25338,Cozmo AI,2022,2015-2024,Active,Surviving,USA,TRUE,6,6-10,FALSE,B2B
25333,Shinkei Systems,2022,2015-2024,Active,Surviving,USA,TRUE,80,26-100,FALSE,Industrials
25333,Shinkei Systems,2022,2015-2024,Active,Surviving,USA,TRUE,80,26-100,FALSE,Agriculture
25332,Craniometrix,2022,2015-2024,Active,Surviving,USA,TRUE,36,26-100,FALSE,Healthcare
25331,Engage Bio,2022,2015-2024,Active,Surviving,USA,TRUE,10,6-10,FALSE,Healthcare
25331,Engage Bio,2022,2015-2024,Active,Surviving,USA,TRUE,10,6-10,FALSE,Therapeutics
25330,Actipulse Neuroscience,2022,2015-2024,Active,Surviving,USA,TRUE,38,26-100,FALSE,Healthcare
25330,Actipulse Neuroscience,2022,2015-2024,Active,Surviving,USA,TRUE,38,26-100,FALSE,Medical Devices
25329,PromptLoop,2022,2015-2024,Active,Surviving,USA,TRUE,2,1-5,FALSE,B2B
25329,PromptLoop,2022,2015-2024,Active,Surviving,USA,TRUE,2,1-5,FALSE,Analytics
25328,Momento,2022,2015-2024,Active,Surviving,Mexico,FALSE,18,11-25,FALSE,Fintech
25328,Momento,2022,2015-2024,Active,Surviving,Mexico,FALSE,18,11-25,FALSE,Insurance
25327,Starling,2022,2015-2024,Active,Surviving,USA,TRUE,5,1-5,FALSE,Healthcare
25327,Starling,2022,2015-2024,Active,Surviving,USA,TRUE,5,1-5,FALSE,Diagnostics
25322,VantedgeAI,2022,2015-2024,Active,Surviving,USA,TRUE,11,11-25,FALSE,Fintech
25322,VantedgeAI,2022,2015-2024,Active,Surviving,USA,TRUE,11,11-25,FALSE,Banking and Exchange
25321,Rosebud Biosciences,2022,2015-2024,Active,Surviving,USA,TRUE,3,1-5,FALSE,Healthcare
25321,Rosebud Biosciences,2022,2015-2024,Active,Surviving,USA,TRUE,3,1-5,FALSE,Drug Discovery and Delivery
25319,Samos Insurance,2022,2015-2024,Active,Surviving,Canada,FALSE,6,6-10,FALSE,Fintech
25319,Samos Insurance,2022,2015-2024,Active,Surviving,Canada,FALSE,6,6-10,FALSE,Insurance
25318,WeReno,2022,2015-2024,Active,Surviving,USA,TRUE,12,11-25,FALSE,Real Estate and Construction
25318,WeReno,2022,2015-2024,Active,Surviving,USA,TRUE,12,11-25,FALSE,Construction
25317,Peakflo,2022,2015-2024,Active,Surviving,Singapore,FALSE,45,26-100,FALSE,Fintech
25317,Peakflo,2022,2015-2024,Active,Surviving,Singapore,FALSE,45,26-100,FALSE,Payments
25316,Trébol,2022,2015-2024,Active,Surviving,Colombia,FALSE,14,11-25,FALSE,B2B
25316,Trébol,2022,2015-2024,Active,Surviving,Colombia,FALSE,14,11-25,FALSE,Finance and Accounting
25315,Rebill,2022,2015-2024,Active,Surviving,Argentina,FALSE,10,6-10,FALSE,Fintech
25315,Rebill,2022,2015-2024,Active,Surviving,Argentina,FALSE,10,6-10,FALSE,Payments
25314,Trellus,2022,2015-2024,Active,Surviving,USA,TRUE,3,1-5,FALSE,B2B
25314,Trellus,2022,2015-2024,Active,Surviving,USA,TRUE,3,1-5,FALSE,Sales
25313,Hubble Network,2022,2015-2024,Active,Surviving,USA,TRUE,50,26-100,FALSE,Industrials
25313,Hubble Network,2022,2015-2024,Active,Surviving,USA,TRUE,50,26-100,FALSE,Aviation and Space
25312,Flightcontrol,2022,2015-2024,Active,Surviving,USA,TRUE,6,6-10,FALSE,B2B
25312,Flightcontrol,2022,2015-2024,Active,Surviving,USA,TRUE,6,6-10,FALSE,Infrastructure
25311,Lumina,2022,2015-2024,Active,Surviving,Singapore,FALSE,12,11-25,FALSE,B2B
25311,Lumina,2022,2015-2024,Active,Surviving,Singapore,FALSE,12,11-25,FALSE,Operations
25309,PolicyFly,2022,2015-2024,Active,Surviving,USA,TRUE,30,26-100,FALSE,Fintech
25309,PolicyFly,2022,2015-2024,Active,Surviving,USA,TRUE,30,26-100,FALSE,Insurance
25308,Selia,2022,2015-2024,Active,Surviving,Colombia,FALSE,20,11-25,FALSE,Healthcare
25308,Selia,2022,2015-2024,Active,Surviving,Colombia,FALSE,20,11-25,FALSE,Consumer Health and Wellness
25307,Sieve,2022,2015-2024,Active,Surviving,USA,TRUE,18,11-25,FALSE,B2B
25307,Sieve,2022,2015-2024,Active,Surviving,USA,TRUE,18,11-25,FALSE,Infrastructure
25306,WorldQL,2022,2015-2024,Active,Surviving,USA,TRUE,4,1-5,FALSE,B2B
25304,Kapital Bank,2022,2015-2024,Active,Surviving,Mexico,FALSE,500,101-500,FALSE,Fintech
25303,Syrona Health,2022,2015-2024,Active,Surviving,United Kingdom,FALSE,6,6-10,FALSE,Healthcare
25303,Syrona Health,2022,2015-2024,Active,Surviving,United Kingdom,FALSE,6,6-10,FALSE,Healthcare Services
25291,Boardcave,2022,2015-2024,Active,Surviving,Australia,FALSE,6,6-10,FALSE,Consumer
25287,LifeAt,2022,2015-2024,Active,Surviving,USA,TRUE,6,6-10,FALSE,Consumer
25286,TYBR Health,2022,2015-2024,Active,Surviving,USA,TRUE,3,1-5,FALSE,Healthcare
25286,TYBR Health,2022,2015-2024,Active,Surviving,USA,TRUE,3,1-5,FALSE,Medical Devices
25285,Scout,2022,2015-2024,Active,Surviving,USA,TRUE,12,11-25,FALSE,Healthcare
25285,Scout,2022,2015-2024,Active,Surviving,USA,TRUE,12,11-25,FALSE,Diagnostics
25279,Moots,2022,2015-2024,Active,Surviving,USA,TRUE,2,1-5,FALSE,B2B
25275,Strac,2022,2015-2024,Active,Surviving,USA,TRUE,8,6-10,FALSE,B2B
25275,Strac,2022,2015-2024,Active,Surviving,USA,TRUE,8,6-10,FALSE,Security
25274,Remedial Health,2022,2015-2024,Active,Surviving,Nigeria,FALSE,300,101-500,FALSE,Healthcare
25274,Remedial Health,2022,2015-2024,Active,Surviving,Nigeria,FALSE,300,101-500,FALSE,Healthcare Services
25273,Agave,2022,2015-2024,Active,Surviving,USA,TRUE,33,26-100,FALSE,B2B
25272,Redbird,2022,2015-2024,Active,Surviving,USA,TRUE,NA,NA,FALSE,B2B
25272,Redbird,2022,2015-2024,Active,Surviving,USA,TRUE,NA,NA,FALSE,Analytics
25262,AstroForge,2022,2015-2024,Active,Surviving,USA,TRUE,10,6-10,FALSE,Industrials
25262,AstroForge,2022,2015-2024,Active,Surviving,USA,TRUE,10,6-10,FALSE,Manufacturing and Robotics
25174,GrowthBook,2022,2015-2024,Active,Surviving,USA,TRUE,40,26-100,FALSE,B2B
25174,GrowthBook,2022,2015-2024,Active,Surviving,USA,TRUE,40,26-100,FALSE,Analytics
25160,Compra Rápida,2022,2015-2024,Active,Surviving,Brazil,FALSE,21,11-25,FALSE,B2B
25160,Compra Rápida,2022,2015-2024,Active,Surviving,Brazil,FALSE,21,11-25,FALSE,Retail
25152,Mederva,2022,2015-2024,Active,Surviving,USA,TRUE,13,11-25,FALSE,Healthcare
25144,StafBook,2022,2015-2024,Active,Surviving,Indonesia,FALSE,11,11-25,FALSE,B2B
25144,StafBook,2022,2015-2024,Active,Surviving,Indonesia,FALSE,11,11-25,FALSE,Human Resources
25120,Elevate (formerly Bloom),2022,2015-2024,Active,Surviving,United Arab Emirates,FALSE,7,6-10,FALSE,Fintech
25120,Elevate (formerly Bloom),2022,2015-2024,Active,Surviving,United Arab Emirates,FALSE,7,6-10,FALSE,Payments
25118,Arc,2022,2015-2024,Active,Surviving,USA,TRUE,40,26-100,FALSE,Fintech
25117,Uberduck,2022,2015-2024,Active,Surviving,USA,TRUE,2,1-5,FALSE,B2B
25117,Uberduck,2022,2015-2024,Active,Surviving,USA,TRUE,2,1-5,FALSE,Marketing
25110,Spot Health,2022,2015-2024,Active,Surviving,USA,TRUE,9,6-10,FALSE,Healthcare
25110,Spot Health,2022,2015-2024,Active,Surviving,USA,TRUE,9,6-10,FALSE,Diagnostics
25106,Apollo,2022,2015-2024,Active,Surviving,India,FALSE,11,11-25,FALSE,Fintech
25075,Attack Capital,2022,2015-2024,Active,Surviving,USA,TRUE,5,1-5,FALSE,B2B
25061,Optery,2022,2015-2024,Active,Surviving,USA,TRUE,55,26-100,FALSE,B2B
25061,Optery,2022,2015-2024,Active,Surviving,USA,TRUE,55,26-100,FALSE,Security
25060,Wyvern,2022,2015-2024,Active,Surviving,Canada,FALSE,26,26-100,FALSE,Industrials
25060,Wyvern,2022,2015-2024,Active,Surviving,Canada,FALSE,26,26-100,FALSE,Aviation and Space
25058,Andi,2022,2015-2024,Active,Surviving,USA,TRUE,2,1-5,FALSE,Consumer
25058,Andi,2022,2015-2024,Active,Surviving,USA,TRUE,2,1-5,FALSE,Content
24352,Nira Energy,2022,2015-2024,Active,Surviving,NA,FALSE,20,11-25,FALSE,Industrials
24352,Nira Energy,2022,2015-2024,Active,Surviving,NA,FALSE,20,11-25,FALSE,Climate
24078,Instalab,2022,2015-2024,Active,Surviving,USA,TRUE,0,NA,FALSE,Healthcare
24078,Instalab,2022,2015-2024,Active,Surviving,USA,TRUE,0,NA,FALSE,Consumer Health and Wellness
23954,Serif Health,2022,2015-2024,Active,Surviving,USA,TRUE,15,11-25,FALSE,Healthcare
23954,Serif Health,2022,2015-2024,Active,Surviving,USA,TRUE,15,11-25,FALSE,Healthcare Services
26425,SimpleHash,2022,2015-2024,Acquired,Successful,USA,TRUE,NA,NA,FALSE,B2B
26425,SimpleHash,2022,2015-2024,Acquired,Successful,USA,TRUE,NA,NA,FALSE,Infrastructure
26137,Pina Earth,2022,2015-2024,Acquired,Successful,Germany,FALSE,30,26-100,FALSE,Industrials
26137,Pina Earth,2022,2015-2024,Acquired,Successful,Germany,FALSE,30,26-100,FALSE,Climate
26065,TAI,2022,2015-2024,Acquired,Successful,USA,TRUE,3,1-5,FALSE,Fintech
26052,Nara,2022,2015-2024,Acquired,Successful,USA,TRUE,3,1-5,FALSE,B2B
25994,Glow Energy,2022,2015-2024,Acquired,Successful,USA,TRUE,6,6-10,FALSE,Industrials
25994,Glow Energy,2022,2015-2024,Acquired,Successful,USA,TRUE,6,6-10,FALSE,Climate
25972,Winter,2022,2015-2024,Acquired,Successful,USA,TRUE,3,1-5,FALSE,B2B
25972,Winter,2022,2015-2024,Acquired,Successful,USA,TRUE,3,1-5,FALSE,"Engineering, Product and Design"
25968,Rider,2022,2015-2024,Acquired,Successful,Pakistan,FALSE,180,101-500,FALSE,B2B
25968,Rider,2022,2015-2024,Acquired,Successful,Pakistan,FALSE,180,101-500,FALSE,Supply Chain and Logistics
25958,Unsaddl,2022,2015-2024,Acquired,Successful,USA,TRUE,10,6-10,FALSE,B2B
25958,Unsaddl,2022,2015-2024,Acquired,Successful,USA,TRUE,10,6-10,FALSE,Human Resources
25950,Decent,2022,2015-2024,Acquired,Successful,USA,TRUE,8,6-10,FALSE,B2B
25950,Decent,2022,2015-2024,Acquired,Successful,USA,TRUE,8,6-10,FALSE,Infrastructure
25949,Jamsocket,2022,2015-2024,Acquired,Successful,USA,TRUE,5,1-5,FALSE,B2B
25949,Jamsocket,2022,2015-2024,Acquired,Successful,USA,TRUE,5,1-5,FALSE,"Engineering, Product and Design"
25929,Quan,2022,2015-2024,Acquired,Successful,Netherlands,FALSE,17,11-25,FALSE,B2B
25929,Quan,2022,2015-2024,Acquired,Successful,Netherlands,FALSE,17,11-25,FALSE,Human Resources
25923,HOAi,2022,2015-2024,Acquired,Successful,USA,TRUE,10,6-10,FALSE,B2B
25923,HOAi,2022,2015-2024,Acquired,Successful,USA,TRUE,10,6-10,FALSE,Operations
25905,Bracket,2022,2015-2024,Acquired,Successful,USA,TRUE,3,1-5,FALSE,B2B
25905,Bracket,2022,2015-2024,Acquired,Successful,USA,TRUE,3,1-5,FALSE,"Engineering, Product and Design"
25831,mutable.ai,2022,2015-2024,Acquired,Successful,USA,TRUE,7,6-10,FALSE,B2B
25823,Joe,2022,2015-2024,Acquired,Successful,France,FALSE,12,11-25,FALSE,Fintech
25823,Joe,2022,2015-2024,Acquired,Successful,France,FALSE,12,11-25,FALSE,Consumer Finance
25738,Hydra,2022,2015-2024,Acquired,Successful,USA,TRUE,6,6-10,FALSE,B2B
25738,Hydra,2022,2015-2024,Acquired,Successful,USA,TRUE,6,6-10,FALSE,Infrastructure
25730,Blitzllama,2022,2015-2024,Acquired,Successful,India,FALSE,7,6-10,FALSE,B2B
25722,Fuell,2022,2015-2024,Acquired,Successful,Spain,FALSE,23,11-25,FALSE,B2B
25722,Fuell,2022,2015-2024,Acquired,Successful,Spain,FALSE,23,11-25,FALSE,Finance and Accounting
25693,Tola,2022,2015-2024,Acquired,Successful,USA,TRUE,12,11-25,FALSE,Fintech
25693,Tola,2022,2015-2024,Acquired,Successful,USA,TRUE,12,11-25,FALSE,Payments
25690,Requestly,2022,2015-2024,Acquired,Successful,USA,TRUE,19,11-25,FALSE,B2B
25690,Requestly,2022,2015-2024,Acquired,Successful,USA,TRUE,19,11-25,FALSE,"Engineering, Product and Design"
25635,SkyLink,2022,2015-2024,Acquired,Successful,USA,TRUE,22,11-25,FALSE,B2B
25620,Magna,2022,2015-2024,Acquired,Successful,USA,TRUE,18,11-25,FALSE,Fintech
25617,Speechly,2022,2015-2024,Acquired,Successful,Finland,FALSE,10,6-10,FALSE,B2B
25616,Stackshine,2022,2015-2024,Acquired,Successful,USA,TRUE,7,6-10,FALSE,B2B
25616,Stackshine,2022,2015-2024,Acquired,Successful,USA,TRUE,7,6-10,FALSE,Operations
25615,BharatX,2022,2015-2024,Acquired,Successful,India,FALSE,14,11-25,FALSE,Fintech
25615,BharatX,2022,2015-2024,Acquired,Successful,India,FALSE,14,11-25,FALSE,Credit and Lending
25486,Dioptra,2022,2015-2024,Acquired,Successful,USA,TRUE,4,1-5,FALSE,B2B
25486,Dioptra,2022,2015-2024,Acquired,Successful,USA,TRUE,4,1-5,FALSE,Legal
25448,HypaHub,2022,2015-2024,Acquired,Successful,USA,TRUE,6,6-10,FALSE,B2B
25448,HypaHub,2022,2015-2024,Acquired,Successful,USA,TRUE,6,6-10,FALSE,Analytics
25433,JumpWire,2022,2015-2024,Acquired,Successful,USA,TRUE,2,1-5,FALSE,B2B
25433,JumpWire,2022,2015-2024,Acquired,Successful,USA,TRUE,2,1-5,FALSE,Security
25401,Onyx Private,2022,2015-2024,Acquired,Successful,USA,TRUE,10,6-10,FALSE,Fintech
25396,HomeRoom,2022,2015-2024,Acquired,Successful,USA,TRUE,25,11-25,FALSE,Real Estate and Construction
25396,HomeRoom,2022,2015-2024,Acquired,Successful,USA,TRUE,25,11-25,FALSE,Housing and Real Estate
25353,Sarus,2022,2015-2024,Acquired,Successful,France,FALSE,16,11-25,FALSE,B2B
25353,Sarus,2022,2015-2024,Acquired,Successful,France,FALSE,16,11-25,FALSE,Analytics
25344,Proper,2022,2015-2024,Acquired,Successful,USA,TRUE,10,6-10,FALSE,B2B
25344,Proper,2022,2015-2024,Acquired,Successful,USA,TRUE,10,6-10,FALSE,Finance and Accounting
25305,Railbird,2022,2015-2024,Acquired,Successful,USA,TRUE,8,6-10,FALSE,Fintech
25271,Alfie,2022,2015-2024,Acquired,Successful,USA,TRUE,6,6-10,FALSE,Healthcare
25271,Alfie,2022,2015-2024,Acquired,Successful,USA,TRUE,6,6-10,FALSE,Healthcare Services
26278,NFTScoring,2022,2015-2024,Inactive,Failed,USA,TRUE,8,6-10,FALSE,Consumer
26253,AiSupervision,2022,2015-2024,Inactive,Failed,Germany,FALSE,13,11-25,FALSE,Industrials
26253,AiSupervision,2022,2015-2024,Inactive,Failed,Germany,FALSE,13,11-25,FALSE,Manufacturing and Robotics
26243,Phoenix Hydrogen,2022,2015-2024,Inactive,Failed,USA,TRUE,2,1-5,FALSE,Industrials
26243,Phoenix Hydrogen,2022,2015-2024,Inactive,Failed,USA,TRUE,2,1-5,FALSE,Energy
26238,Flike,2022,2015-2024,Inactive,Failed,USA,TRUE,8,6-10,FALSE,B2B
26206,Vecindario,2022,2015-2024,Inactive,Failed,Colombia,FALSE,87,26-100,FALSE,Real Estate and Construction
26206,Vecindario,2022,2015-2024,Inactive,Failed,Colombia,FALSE,87,26-100,FALSE,Housing and Real Estate
26043,Cashmere,2022,2015-2024,Inactive,Failed,USA,TRUE,3,1-5,FALSE,Fintech
26043,Cashmere,2022,2015-2024,Inactive,Failed,USA,TRUE,3,1-5,FALSE,Asset Management
26042,Pigeon,2022,2015-2024,Inactive,Failed,USA,TRUE,5,1-5,FALSE,Fintech
25996,Marathon Education,2022,2015-2024,Inactive,Failed,Vietnam,FALSE,20,11-25,FALSE,Education
25975,Ploomber,2022,2015-2024,Inactive,Failed,USA,TRUE,7,6-10,FALSE,B2B
25975,Ploomber,2022,2015-2024,Inactive,Failed,USA,TRUE,7,6-10,FALSE,"Engineering, Product and Design"
25966,Sendo,2022,2015-2024,Inactive,Failed,USA,TRUE,1,1-5,FALSE,B2B
25966,Sendo,2022,2015-2024,Inactive,Failed,USA,TRUE,1,1-5,FALSE,"Engineering, Product and Design"
25921,Nophin,2022,2015-2024,Inactive,Failed,USA,TRUE,5,1-5,FALSE,Fintech
25912,Vessel,2022,2015-2024,Inactive,Failed,USA,TRUE,5,1-5,FALSE,B2B
25912,Vessel,2022,2015-2024,Inactive,Failed,USA,TRUE,5,1-5,FALSE,"Engineering, Product and Design"
25892,AvairSense,2022,2015-2024,Inactive,Failed,India,FALSE,14,11-25,FALSE,Consumer
25892,AvairSense,2022,2015-2024,Inactive,Failed,India,FALSE,14,11-25,FALSE,Consumer Electronics
25820,Fello,2022,2015-2024,Inactive,Failed,India,FALSE,24,11-25,FALSE,Fintech
25817,Lifecast,2022,2015-2024,Inactive,Failed,USA,TRUE,2,1-5,FALSE,Consumer
25757,AntWalk,2022,2015-2024,Inactive,Failed,India,FALSE,50,26-100,FALSE,Education
25731,Demo Gorilla,2022,2015-2024,Inactive,Failed,USA,TRUE,2,1-5,FALSE,B2B
25731,Demo Gorilla,2022,2015-2024,Inactive,Failed,USA,TRUE,2,1-5,FALSE,Sales
25727,"Sendme, Inc",2022,2015-2024,Inactive,Failed,Nigeria,FALSE,40,26-100,FALSE,Consumer
25727,"Sendme, Inc",2022,2015-2024,Inactive,Failed,Nigeria,FALSE,40,26-100,FALSE,Food and Beverage
25723,Aklimate,2022,2015-2024,Inactive,Failed,United Kingdom,FALSE,3,1-5,FALSE,B2B
25723,Aklimate,2022,2015-2024,Inactive,Failed,United Kingdom,FALSE,3,1-5,FALSE,Supply Chain and Logistics
25712,Finnt,2022,2015-2024,Inactive,Failed,,FALSE,4,1-5,FALSE,B2B
25712,Finnt,2022,2015-2024,Inactive,Failed,,FALSE,4,1-5,FALSE,Finance and Accounting
25678,Botin,2022,2015-2024,Inactive,Failed,Costa Rica,FALSE,3,1-5,FALSE,Fintech
25678,Botin,2022,2015-2024,Inactive,Failed,Costa Rica,FALSE,3,1-5,FALSE,Asset Management
25644,Kable,2022,2015-2024,Inactive,Failed,USA,TRUE,NA,NA,FALSE,B2B
25644,Kable,2022,2015-2024,Inactive,Failed,USA,TRUE,NA,NA,FALSE,Finance and Accounting
25641,Suggestr,2022,2015-2024,Inactive,Failed,Singapore,FALSE,2,1-5,FALSE,B2B
25592,Ole,2022,2015-2024,Inactive,Failed,Israel,FALSE,10,6-10,FALSE,Consumer
25588,Castled.io,2022,2015-2024,Inactive,Failed,India,FALSE,8,6-10,FALSE,B2B
25588,Castled.io,2022,2015-2024,Inactive,Failed,India,FALSE,8,6-10,FALSE,Marketing
25576,Drivingforce,2022,2015-2024,Inactive,Failed,USA,TRUE,2,1-5,FALSE,B2B
25576,Drivingforce,2022,2015-2024,Inactive,Failed,USA,TRUE,2,1-5,FALSE,Supply Chain and Logistics
25569,Bifrost,2022,2015-2024,Inactive,Failed,USA,TRUE,4,1-5,FALSE,Fintech
25569,Bifrost,2022,2015-2024,Inactive,Failed,USA,TRUE,4,1-5,FALSE,Asset Management
25529,Criya,2022,2015-2024,Inactive,Failed,USA,TRUE,5,1-5,FALSE,B2B
25529,Criya,2022,2015-2024,Inactive,Failed,USA,TRUE,5,1-5,FALSE,Sales
25516,Emigre,2022,2015-2024,Inactive,Failed,USA,TRUE,2,1-5,FALSE,Fintech
25516,Emigre,2022,2015-2024,Inactive,Failed,USA,TRUE,2,1-5,FALSE,Banking and Exchange
25515,Whiz,2022,2015-2024,Inactive,Failed,Indonesia,FALSE,9,6-10,FALSE,Fintech
25515,Whiz,2022,2015-2024,Inactive,Failed,Indonesia,FALSE,9,6-10,FALSE,Payments
25513,Valari,2022,2015-2024,Inactive,Failed,Mexico,FALSE,3,1-5,FALSE,Fintech
25472,Ozone,2022,2015-2024,Inactive,Failed,USA,TRUE,8,6-10,FALSE,Consumer
25404,Castia,2022,2015-2024,Inactive,Failed,Colombia,FALSE,50,26-100,FALSE,Real Estate and Construction
25404,Castia,2022,2015-2024,Inactive,Failed,Colombia,FALSE,50,26-100,FALSE,Housing and Real Estate
25379,Skillza,2022,2015-2024,Inactive,Failed,United Arab Emirates,FALSE,20,11-25,FALSE,Education
25360,Pursuit,2022,2015-2024,Inactive,Failed,USA,TRUE,4,1-5,FALSE,Real Estate and Construction
25360,Pursuit,2022,2015-2024,Inactive,Failed,USA,TRUE,4,1-5,FALSE,Housing and Real Estate
25357,PeakPath,2022,2015-2024,Inactive,Failed,Sweden,FALSE,9,6-10,FALSE,B2B
25357,PeakPath,2022,2015-2024,Inactive,Failed,Sweden,FALSE,9,6-10,FALSE,Human Resources
25355,Supertone,2022,2015-2024,Inactive,Failed,USA,TRUE,3,1-5,FALSE,Consumer
25355,Supertone,2022,2015-2024,Inactive,Failed,USA,TRUE,3,1-5,FALSE,Content
25343,CoffeeAI,2022,2015-2024,Inactive,Failed,New Zealand,FALSE,5,1-5,FALSE,B2B
25337,Cherry Recommends,2022,2015-2024,Inactive,Failed,Singapore,FALSE,6,6-10,FALSE,B2B
25334,FlowDeploy,2022,2015-2024,Inactive,Failed,USA,TRUE,3,1-5,FALSE,B2B
25334,FlowDeploy,2022,2015-2024,Inactive,Failed,USA,TRUE,3,1-5,FALSE,Infrastructure
25320,Wingback,2022,2015-2024,Inactive,Failed,USA,TRUE,12,11-25,FALSE,B2B
25320,Wingback,2022,2015-2024,Inactive,Failed,USA,TRUE,12,11-25,FALSE,Infrastructure
25278,Pelm,2022,2015-2024,Inactive,Failed,USA,TRUE,5,1-5,FALSE,B2B
25278,Pelm,2022,2015-2024,Inactive,Failed,USA,TRUE,5,1-5,FALSE,"Engineering, Product and Design"
25086,Northwind,2022,2015-2024,Inactive,Failed,USA,TRUE,6,6-10,FALSE,Healthcare
25086,Northwind,2022,2015-2024,Inactive,Failed,USA,TRUE,6,6-10,FALSE,Healthcare Services
25047,Careerist,2021,2015-2024,Active,Surviving,USA,TRUE,100,26-100,FALSE,Education
24934,JABU,2021,2015-2024,Active,Surviving,Namibia,FALSE,40,26-100,FALSE,Fintech
24934,JABU,2021,2015-2024,Active,Surviving,Namibia,FALSE,40,26-100,FALSE,Payments
24926,Revolve Surgical,2021,2015-2024,Active,Surviving,Canada,FALSE,8,6-10,FALSE,Healthcare
24926,Revolve Surgical,2021,2015-2024,Active,Surviving,Canada,FALSE,8,6-10,FALSE,Medical Devices
24925,Liv Labs,2021,2015-2024,Active,Surviving,USA,TRUE,1,1-5,FALSE,Healthcare
24925,Liv Labs,2021,2015-2024,Active,Surviving,USA,TRUE,1,1-5,FALSE,Consumer Health and Wellness
24915,Mecho Autotech,2021,2015-2024,Active,Surviving,Nigeria,FALSE,35,26-100,FALSE,Industrials
24915,Mecho Autotech,2021,2015-2024,Active,Surviving,Nigeria,FALSE,35,26-100,FALSE,Automotive
24914,Sully.ai,2021,2015-2024,Active,Surviving,USA,TRUE,49,26-100,FALSE,B2B
24914,Sully.ai,2021,2015-2024,Active,Surviving,USA,TRUE,49,26-100,FALSE,Productivity
24913,Beau,2021,2015-2024,Active,Surviving,Spain,FALSE,5,1-5,FALSE,B2B
24913,Beau,2021,2015-2024,Active,Surviving,Spain,FALSE,5,1-5,FALSE,Operations
24907,Toku,2021,2015-2024,Active,Surviving,Mexico,FALSE,150,101-500,FALSE,B2B
24907,Toku,2021,2015-2024,Active,Surviving,Mexico,FALSE,150,101-500,FALSE,Finance and Accounting
24893,Exa,2021,2015-2024,Active,Surviving,USA,TRUE,75,26-100,FALSE,B2B
24892,Safer Management,2021,2015-2024,Active,Surviving,USA,TRUE,5,1-5,FALSE,B2B
24884,Chipax,2021,2015-2024,Active,Surviving,Chile,FALSE,37,26-100,FALSE,B2B
24884,Chipax,2021,2015-2024,Active,Surviving,Chile,FALSE,37,26-100,FALSE,Finance and Accounting
24883,Amenli,2021,2015-2024,Active,Surviving,Egypt,FALSE,65,26-100,FALSE,Fintech
24883,Amenli,2021,2015-2024,Active,Surviving,Egypt,FALSE,65,26-100,FALSE,Insurance
24882,Pide Directo,2021,2015-2024,Active,Surviving,Mexico,FALSE,150,101-500,FALSE,B2B
24882,Pide Directo,2021,2015-2024,Active,Surviving,Mexico,FALSE,150,101-500,FALSE,Supply Chain and Logistics
24879,Lightly,2021,2015-2024,Active,Surviving,Switzerland,FALSE,5,1-5,FALSE,B2B
24879,Lightly,2021,2015-2024,Active,Surviving,Switzerland,FALSE,5,1-5,FALSE,"Engineering, Product and Design"
24876,Nash,2021,2015-2024,Active,Surviving,USA,TRUE,40,26-100,FALSE,B2B
24876,Nash,2021,2015-2024,Active,Surviving,USA,TRUE,40,26-100,FALSE,Supply Chain and Logistics
24875,Equipt Health,2021,2015-2024,Active,Surviving,USA,TRUE,NA,NA,FALSE,Healthcare
24874,Payflow,2021,2015-2024,Active,Surviving,Spain,FALSE,50,26-100,FALSE,B2B
24874,Payflow,2021,2015-2024,Active,Surviving,Spain,FALSE,50,26-100,FALSE,Human Resources
24873,Charge Robotics,2021,2015-2024,Active,Surviving,USA,TRUE,25,11-25,FALSE,Industrials
24873,Charge Robotics,2021,2015-2024,Active,Surviving,USA,TRUE,25,11-25,FALSE,Manufacturing and Robotics
24871,Ahazou,2021,2015-2024,Active,Surviving,Brazil,FALSE,27,26-100,FALSE,B2B
24871,Ahazou,2021,2015-2024,Active,Surviving,Brazil,FALSE,27,26-100,FALSE,Marketing
24870,Titipku,2021,2015-2024,Active,Surviving,Indonesia,FALSE,19,11-25,FALSE,Consumer
24868,HEO Robotics,2021,2015-2024,Active,Surviving,Australia,FALSE,3,1-5,FALSE,Industrials
24868,HEO Robotics,2021,2015-2024,Active,Surviving,Australia,FALSE,3,1-5,FALSE,Aviation and Space
24865,Turion Space,2021,2015-2024,Active,Surviving,USA,TRUE,15,11-25,FALSE,Industrials
24865,Turion Space,2021,2015-2024,Active,Surviving,USA,TRUE,15,11-25,FALSE,Aviation and Space
24861,Stepful,2021,2015-2024,Active,Surviving,USA,TRUE,100,26-100,FALSE,Education
24859,Synder,2021,2015-2024,Active,Surviving,USA,TRUE,NA,NA,FALSE,B2B
24859,Synder,2021,2015-2024,Active,Surviving,USA,TRUE,NA,NA,FALSE,Finance and Accounting
24857,Café,2021,2015-2024,Active,Surviving,France,FALSE,10,6-10,FALSE,B2B
24857,Café,2021,2015-2024,Active,Surviving,France,FALSE,10,6-10,FALSE,Human Resources
24846,Datlo,2021,2015-2024,Active,Surviving,Brazil,FALSE,60,26-100,FALSE,B2B
24846,Datlo,2021,2015-2024,Active,Surviving,Brazil,FALSE,60,26-100,FALSE,Analytics
24841,Aviator,2021,2015-2024,Active,Surviving,USA,TRUE,6,6-10,FALSE,B2B
24841,Aviator,2021,2015-2024,Active,Surviving,USA,TRUE,6,6-10,FALSE,"Engineering, Product and Design"
24840,VedaBio,2021,2015-2024,Active,Surviving,USA,TRUE,30,26-100,FALSE,Healthcare
24840,VedaBio,2021,2015-2024,Active,Surviving,USA,TRUE,30,26-100,FALSE,Diagnostics
24828,Sitenna,2021,2015-2024,Active,Surviving,USA,TRUE,7,6-10,FALSE,B2B
24827,Evidence,2021,2015-2024,Active,Surviving,Canada,FALSE,6,6-10,FALSE,B2B
24827,Evidence,2021,2015-2024,Active,Surviving,Canada,FALSE,6,6-10,FALSE,Analytics
24822,Luminate,2021,2015-2024,Active,Surviving,Ireland,FALSE,55,26-100,FALSE,Healthcare
24822,Luminate,2021,2015-2024,Active,Surviving,Ireland,FALSE,55,26-100,FALSE,Medical Devices
24820,Medium Biosciences,2021,2015-2024,Active,Surviving,USA,TRUE,6,6-10,FALSE,Healthcare
24820,Medium Biosciences,2021,2015-2024,Active,Surviving,USA,TRUE,6,6-10,FALSE,Diagnostics
24819,Adravision,2021,2015-2024,Active,Surviving,Singapore,FALSE,8,6-10,FALSE,Healthcare
24819,Adravision,2021,2015-2024,Active,Surviving,Singapore,FALSE,8,6-10,FALSE,Healthcare IT
24799,Birdie,2021,2015-2024,Active,Surviving,USA,TRUE,2,1-5,FALSE,B2B
24799,Birdie,2021,2015-2024,Active,Surviving,USA,TRUE,2,1-5,FALSE,Sales
24795,SFA Therapeutics,2021,2015-2024,Active,Surviving,USA,TRUE,4,1-5,FALSE,Healthcare
24795,SFA Therapeutics,2021,2015-2024,Active,Surviving,USA,TRUE,4,1-5,FALSE,Therapeutics
24773,Crew,2021,2015-2024,Active,Surviving,France,FALSE,6,6-10,FALSE,B2B
24773,Crew,2021,2015-2024,Active,Surviving,France,FALSE,6,6-10,FALSE,Recruiting and Talent
24760,Therify,2021,2015-2024,Active,Surviving,NA,FALSE,3,1-5,FALSE,B2B
24760,Therify,2021,2015-2024,Active,Surviving,NA,FALSE,3,1-5,FALSE,Human Resources
24759,Phykos,2021,2015-2024,Active,Surviving,USA,TRUE,2,1-5,FALSE,Industrials
24759,Phykos,2021,2015-2024,Active,Surviving,USA,TRUE,2,1-5,FALSE,Climate
24756,Hirebolt,2021,2015-2024,Active,Surviving,United Kingdom,FALSE,3,1-5,FALSE,B2B
24756,Hirebolt,2021,2015-2024,Active,Surviving,United Kingdom,FALSE,3,1-5,FALSE,Human Resources
24754,Plai,2021,2015-2024,Active,Surviving,USA,TRUE,20,11-25,FALSE,B2B
24754,Plai,2021,2015-2024,Active,Surviving,USA,TRUE,20,11-25,FALSE,Marketing
24746,Atlas,2021,2015-2024,Active,Surviving,Singapore,FALSE,12,11-25,FALSE,B2B
24737,CellChorus,2021,2015-2024,Active,Surviving,USA,TRUE,4,1-5,FALSE,Healthcare
24737,CellChorus,2021,2015-2024,Active,Surviving,USA,TRUE,4,1-5,FALSE,Drug Discovery and Delivery
24727,Output Biosciences,2021,2015-2024,Active,Surviving,USA,TRUE,6,6-10,FALSE,Healthcare
24727,Output Biosciences,2021,2015-2024,Active,Surviving,USA,TRUE,6,6-10,FALSE,Therapeutics
24726,Abatable,2021,2015-2024,Active,Surviving,United Kingdom,FALSE,35,26-100,FALSE,Industrials
24726,Abatable,2021,2015-2024,Active,Surviving,United Kingdom,FALSE,35,26-100,FALSE,Climate
24725,ContraForce,2021,2015-2024,Active,Surviving,USA,TRUE,15,11-25,FALSE,B2B
24725,ContraForce,2021,2015-2024,Active,Surviving,USA,TRUE,15,11-25,FALSE,Security
24720,Storylane,2021,2015-2024,Active,Surviving,USA,TRUE,40,26-100,FALSE,B2B
24719,StrideQ,2021,2015-2024,Active,Surviving,USA,TRUE,2,1-5,FALSE,B2B
24719,StrideQ,2021,2015-2024,Active,Surviving,USA,TRUE,2,1-5,FALSE,Retail
24705,Sensible Biotechnologies,2021,2015-2024,Active,Surviving,United Kingdom,FALSE,24,11-25,FALSE,Healthcare
24705,Sensible Biotechnologies,2021,2015-2024,Active,Surviving,United Kingdom,FALSE,24,11-25,FALSE,Therapeutics
24691,Orderli,2021,2015-2024,Active,Surviving,Netherlands,FALSE,6,6-10,FALSE,B2B
24686,Suplias,2021,2015-2024,Active,Surviving,Nigeria,FALSE,9,6-10,FALSE,Fintech
24685,Abhi,2021,2015-2024,Active,Surviving,Pakistan,FALSE,10,6-10,FALSE,Fintech
24685,Abhi,2021,2015-2024,Active,Surviving,Pakistan,FALSE,10,6-10,FALSE,Credit and Lending
24682,Pandai,2021,2015-2024,Active,Surviving,Malaysia,FALSE,32,26-100,FALSE,Education
24679,idemeum,2021,2015-2024,Active,Surviving,USA,TRUE,10,6-10,FALSE,B2B
24679,idemeum,2021,2015-2024,Active,Surviving,USA,TRUE,10,6-10,FALSE,Security
24668,Shape,2021,2015-2024,Active,Surviving,United Kingdom,FALSE,4,1-5,FALSE,B2B
24668,Shape,2021,2015-2024,Active,Surviving,United Kingdom,FALSE,4,1-5,FALSE,Analytics
24666,Baubap,2021,2015-2024,Active,Surviving,Mexico,FALSE,150,101-500,FALSE,Fintech
24666,Baubap,2021,2015-2024,Active,Surviving,Mexico,FALSE,150,101-500,FALSE,Credit and Lending
24653,Novatr,2021,2015-2024,Active,Surviving,India,FALSE,180,101-500,FALSE,Education
24640,Malga,2021,2015-2024,Active,Surviving,Brazil,FALSE,46,26-100,FALSE,Fintech
24640,Malga,2021,2015-2024,Active,Surviving,Brazil,FALSE,46,26-100,FALSE,Payments
24638,Tuli Health,2021,2015-2024,Active,Surviving,United Kingdom,FALSE,4,1-5,FALSE,Healthcare
24635,Stownest,2021,2015-2024,Active,Surviving,India,FALSE,80,26-100,FALSE,Consumer
24629,Filadd,2021,2015-2024,Active,Surviving,Argentina,FALSE,100,26-100,FALSE,Education
24628,Kiwi Biosciences,2021,2015-2024,Active,Surviving,USA,TRUE,10,6-10,FALSE,Healthcare
24628,Kiwi Biosciences,2021,2015-2024,Active,Surviving,USA,TRUE,10,6-10,FALSE,Consumer Health and Wellness
24624,Luable,2021,2015-2024,Active,Surviving,Colombia,FALSE,40,26-100,FALSE,Fintech
24624,Luable,2021,2015-2024,Active,Surviving,Colombia,FALSE,40,26-100,FALSE,Asset Management
24622,Caire Health,2021,2015-2024,Active,Surviving,USA,TRUE,3,1-5,FALSE,Healthcare
24622,Caire Health,2021,2015-2024,Active,Surviving,USA,TRUE,3,1-5,FALSE,Diagnostics
24616,Vibe Kanban,2021,2015-2024,Active,Surviving,United Kingdom,FALSE,10,6-10,FALSE,B2B
24616,Vibe Kanban,2021,2015-2024,Active,Surviving,United Kingdom,FALSE,10,6-10,FALSE,"Engineering, Product and Design"
24615,Infer,2021,2015-2024,Active,Surviving,USA,TRUE,3,1-5,FALSE,B2B
24615,Infer,2021,2015-2024,Active,Surviving,USA,TRUE,3,1-5,FALSE,Sales
24606,Pylon,2021,2015-2024,Active,Surviving,Egypt,FALSE,72,26-100,FALSE,B2B
24606,Pylon,2021,2015-2024,Active,Surviving,Egypt,FALSE,72,26-100,FALSE,Infrastructure
24603,Zuma,2021,2015-2024,Active,Surviving,USA,TRUE,50,26-100,FALSE,B2B
24602,PAYZE,2021,2015-2024,Active,Surviving,Georgia,FALSE,4,1-5,FALSE,Fintech
24602,PAYZE,2021,2015-2024,Active,Surviving,Georgia,FALSE,4,1-5,FALSE,Payments
24601,Humane Genomics,2021,2015-2024,Active,Surviving,USA,TRUE,5,1-5,FALSE,Healthcare
24601,Humane Genomics,2021,2015-2024,Active,Surviving,USA,TRUE,5,1-5,FALSE,Therapeutics
24599,Female Invest,2021,2015-2024,Active,Surviving,Denmark,FALSE,35,26-100,FALSE,Fintech
24598,Ferveret,2021,2015-2024,Active,Surviving,USA,TRUE,13,11-25,FALSE,Industrials
24598,Ferveret,2021,2015-2024,Active,Surviving,USA,TRUE,13,11-25,FALSE,Climate
24597,Filta,2021,2015-2024,Active,Surviving,USA,TRUE,3,1-5,FALSE,Consumer
24596,Siglo,2021,2015-2024,Active,Surviving,Mexico,FALSE,20,11-25,FALSE,Consumer
24590,Waterplan,2021,2015-2024,Active,Surviving,USA,TRUE,80,26-100,FALSE,B2B
24589,Buoyant Aero,2021,2015-2024,Active,Surviving,USA,TRUE,2,1-5,FALSE,Industrials
24589,Buoyant Aero,2021,2015-2024,Active,Surviving,USA,TRUE,2,1-5,FALSE,Drones
24586,Hudson Labs (formerly Bedrock AI),2021,2015-2024,Active,Surviving,Canada,FALSE,5,1-5,FALSE,B2B
24586,Hudson Labs (formerly Bedrock AI),2021,2015-2024,Active,Surviving,Canada,FALSE,5,1-5,FALSE,Finance and Accounting
24579,Nomod,2021,2015-2024,Active,Surviving,United Arab Emirates,FALSE,65,26-100,FALSE,Fintech
24579,Nomod,2021,2015-2024,Active,Surviving,United Arab Emirates,FALSE,65,26-100,FALSE,Payments
24575,Genuity,2021,2015-2024,Active,Surviving,USA,TRUE,31,26-100,FALSE,B2B
24574,Genomelink,2021,2015-2024,Active,Surviving,USA,TRUE,15,11-25,FALSE,Healthcare
24574,Genomelink,2021,2015-2024,Active,Surviving,USA,TRUE,15,11-25,FALSE,Consumer Health and Wellness
24573,Telmai,2021,2015-2024,Active,Surviving,USA,TRUE,12,11-25,FALSE,B2B
24572,Infina,2021,2015-2024,Active,Surviving,Vietnam,FALSE,50,26-100,FALSE,Fintech
24571,Adni,2021,2015-2024,Active,Surviving,USA,TRUE,5,1-5,FALSE,Healthcare
24569,Pillar,2021,2015-2024,Active,Surviving,USA,TRUE,5,1-5,FALSE,Healthcare
24569,Pillar,2021,2015-2024,Active,Surviving,USA,TRUE,5,1-5,FALSE,Healthcare Services
24567,Tenyks,2021,2015-2024,Active,Surviving,United Kingdom,FALSE,11,11-25,FALSE,B2B
24563,Chari,2021,2015-2024,Active,Surviving,Morocco,FALSE,100,26-100,FALSE,Consumer
24563,Chari,2021,2015-2024,Active,Surviving,Morocco,FALSE,100,26-100,FALSE,Food and Beverage
24562,Noloco,2021,2015-2024,Active,Surviving,Ireland,FALSE,15,11-25,FALSE,B2B
24562,Noloco,2021,2015-2024,Active,Surviving,Ireland,FALSE,15,11-25,FALSE,"Engineering, Product and Design"
24558,Litnerd,2021,2015-2024,Active,Surviving,USA,TRUE,6,6-10,FALSE,Education
24557,Dots 💸,2021,2015-2024,Active,Surviving,USA,TRUE,10,6-10,FALSE,Fintech
24557,Dots 💸,2021,2015-2024,Active,Surviving,USA,TRUE,10,6-10,FALSE,Payments
24555,RMFG,2021,2015-2024,Active,Surviving,USA,TRUE,9,6-10,FALSE,Industrials
24555,RMFG,2021,2015-2024,Active,Surviving,USA,TRUE,9,6-10,FALSE,Manufacturing and Robotics
24551,Mach9,2021,2015-2024,Active,Surviving,USA,TRUE,25,11-25,FALSE,B2B
24551,Mach9,2021,2015-2024,Active,Surviving,USA,TRUE,25,11-25,FALSE,"Engineering, Product and Design"
24550,Examedi,2021,2015-2024,Active,Surviving,Chile,FALSE,3,1-5,FALSE,Healthcare
24549,Ancana,2021,2015-2024,Active,Surviving,Mexico,FALSE,7,6-10,FALSE,Consumer
24549,Ancana,2021,2015-2024,Active,Surviving,Mexico,FALSE,7,6-10,FALSE,"Travel, Leisure and Tourism"
24543,Bolster,2021,2015-2024,Active,Surviving,Canada,FALSE,25,11-25,FALSE,Real Estate and Construction
24543,Bolster,2021,2015-2024,Active,Surviving,Canada,FALSE,25,11-25,FALSE,Construction
24540,Floatpays Inc,2021,2015-2024,Active,Surviving,South Africa,FALSE,15,11-25,FALSE,Fintech
24539,HitPay,2021,2015-2024,Active,Surviving,Singapore,FALSE,35,26-100,FALSE,Fintech
24539,HitPay,2021,2015-2024,Active,Surviving,Singapore,FALSE,35,26-100,FALSE,Payments
24538,Coast,2021,2015-2024,Active,Surviving,USA,TRUE,35,26-100,FALSE,B2B
24531,TransAstra Corporation,2021,2015-2024,Active,Surviving,USA,TRUE,8,6-10,FALSE,Industrials
24531,TransAstra Corporation,2021,2015-2024,Active,Surviving,USA,TRUE,8,6-10,FALSE,Aviation and Space
24530,Float,2021,2015-2024,Active,Surviving,USA,TRUE,2,1-5,FALSE,Fintech
24529,The Breakaway,2021,2015-2024,Active,Surviving,USA,TRUE,6,6-10,FALSE,Consumer
24528,Matrubials,2021,2015-2024,Active,Surviving,USA,TRUE,4,1-5,FALSE,Healthcare
24528,Matrubials,2021,2015-2024,Active,Surviving,USA,TRUE,4,1-5,FALSE,Drug Discovery and Delivery
24526,Writesonic,2021,2015-2024,Active,Surviving,USA,TRUE,35,26-100,FALSE,B2B
24526,Writesonic,2021,2015-2024,Active,Surviving,USA,TRUE,35,26-100,FALSE,Marketing
24525,Akute Health,2021,2015-2024,Active,Surviving,USA,TRUE,4,1-5,FALSE,Healthcare
24525,Akute Health,2021,2015-2024,Active,Surviving,USA,TRUE,4,1-5,FALSE,Healthcare IT
24514,Sirka,2021,2015-2024,Active,Surviving,Indonesia,FALSE,9,6-10,FALSE,Healthcare
24514,Sirka,2021,2015-2024,Active,Surviving,Indonesia,FALSE,9,6-10,FALSE,Consumer Health and Wellness
24508,Meticulous,2021,2015-2024,Active,Surviving,United Kingdom,FALSE,15,11-25,FALSE,B2B
24508,Meticulous,2021,2015-2024,Active,Surviving,United Kingdom,FALSE,15,11-25,FALSE,"Engineering, Product and Design"
24506,Spark Studio,2021,2015-2024,Active,Surviving,India,FALSE,27,26-100,FALSE,Education
24505,Adaptyv,2021,2015-2024,Active,Surviving,Switzerland,FALSE,25,11-25,FALSE,Healthcare
24505,Adaptyv,2021,2015-2024,Active,Surviving,Switzerland,FALSE,25,11-25,FALSE,Drug Discovery and Delivery
24499,Endla,2021,2015-2024,Active,Surviving,Australia,FALSE,8,6-10,FALSE,B2B
24499,Endla,2021,2015-2024,Active,Surviving,Australia,FALSE,8,6-10,FALSE,"Engineering, Product and Design"
24497,aSim,2021,2015-2024,Active,Surviving,USA,TRUE,9,6-10,FALSE,Consumer
24489,HeyCharge,2021,2015-2024,Active,Surviving,Germany,FALSE,17,11-25,FALSE,Industrials
24489,HeyCharge,2021,2015-2024,Active,Surviving,Germany,FALSE,17,11-25,FALSE,Energy
24485,Cumbuca,2021,2015-2024,Active,Surviving,Brazil,FALSE,5,1-5,FALSE,Fintech
24484,Evidently AI,2021,2015-2024,Active,Surviving,London,FALSE,2,1-5,FALSE,B2B
24484,Evidently AI,2021,2015-2024,Active,Surviving,London,FALSE,2,1-5,FALSE,Analytics
24481,Whaly,2021,2015-2024,Active,Surviving,France,FALSE,3,1-5,FALSE,B2B
24481,Whaly,2021,2015-2024,Active,Surviving,France,FALSE,3,1-5,FALSE,Analytics
24479,Payhippo,2021,2015-2024,Active,Surviving,Nigeria,FALSE,11,11-25,FALSE,Fintech
24479,Payhippo,2021,2015-2024,Active,Surviving,Nigeria,FALSE,11,11-25,FALSE,Credit and Lending
24477,Portão 3,2021,2015-2024,Active,Surviving,Brazil,FALSE,40,26-100,FALSE,B2B
24477,Portão 3,2021,2015-2024,Active,Surviving,Brazil,FALSE,40,26-100,FALSE,Finance and Accounting
24476,Zensors,2021,2015-2024,Active,Surviving,USA,TRUE,12,11-25,FALSE,B2B
24475,Flowly,2021,2015-2024,Active,Surviving,USA,TRUE,3,1-5,FALSE,Healthcare
24475,Flowly,2021,2015-2024,Active,Surviving,USA,TRUE,3,1-5,FALSE,Consumer Health and Wellness
24467,Harmonic Discovery,2021,2015-2024,Active,Surviving,USA,TRUE,8,6-10,FALSE,Healthcare
24467,Harmonic Discovery,2021,2015-2024,Active,Surviving,USA,TRUE,8,6-10,FALSE,Drug Discovery and Delivery
24466,Makani Science,2021,2015-2024,Active,Surviving,USA,TRUE,2,1-5,FALSE,Healthcare
24466,Makani Science,2021,2015-2024,Active,Surviving,USA,TRUE,2,1-5,FALSE,Medical Devices
24461,Mine,2021,2015-2024,Active,Surviving,USA,TRUE,18,11-25,FALSE,Fintech
24461,Mine,2021,2015-2024,Active,Surviving,USA,TRUE,18,11-25,FALSE,Consumer Finance
24459,lapzo,2021,2015-2024,Active,Surviving,Mexico,FALSE,135,101-500,FALSE,B2B
24459,lapzo,2021,2015-2024,Active,Surviving,Mexico,FALSE,135,101-500,FALSE,Human Resources
24450,Astek Diagnostics,2021,2015-2024,Active,Surviving,USA,TRUE,5,1-5,FALSE,Healthcare
24450,Astek Diagnostics,2021,2015-2024,Active,Surviving,USA,TRUE,5,1-5,FALSE,Diagnostics
24446,Freterium,2021,2015-2024,Active,Surviving,Morocco,FALSE,21,11-25,FALSE,B2B
24446,Freterium,2021,2015-2024,Active,Surviving,Morocco,FALSE,21,11-25,FALSE,Supply Chain and Logistics
24445,Digistain,2021,2015-2024,Active,Surviving,United Kingdom,FALSE,40,26-100,FALSE,Healthcare
24445,Digistain,2021,2015-2024,Active,Surviving,United Kingdom,FALSE,40,26-100,FALSE,Diagnostics
24444,Protex AI,2021,2015-2024,Active,Surviving,Ireland,FALSE,5,1-5,FALSE,B2B
24444,Protex AI,2021,2015-2024,Active,Surviving,Ireland,FALSE,5,1-5,FALSE,Supply Chain and Logistics
24429,Vinco,2021,2015-2024,Active,Surviving,Mexico,FALSE,35,26-100,FALSE,B2B
24429,Vinco,2021,2015-2024,Active,Surviving,Mexico,FALSE,35,26-100,FALSE,Human Resources
24428,Aleph,2021,2015-2024,Active,Surviving,USA,TRUE,30,26-100,FALSE,B2B
24428,Aleph,2021,2015-2024,Active,Surviving,USA,TRUE,30,26-100,FALSE,Finance and Accounting
24426,KaiPod Learning,2021,2015-2024,Active,Surviving,USA,TRUE,27,26-100,FALSE,Education
24422,Aleph Solutions (Alephee),2021,2015-2024,Active,Surviving,Argentina,FALSE,60,26-100,FALSE,B2B
24422,Aleph Solutions (Alephee),2021,2015-2024,Active,Surviving,Argentina,FALSE,60,26-100,FALSE,Retail
24416,Zoios.,2021,2015-2024,Active,Surviving,Denmark,FALSE,8,6-10,FALSE,B2B
24416,Zoios.,2021,2015-2024,Active,Surviving,Denmark,FALSE,8,6-10,FALSE,Human Resources
24415,Kurios,2021,2015-2024,Active,Surviving,Peru,FALSE,10,6-10,FALSE,Education
24414,Encuadrado,2021,2015-2024,Active,Surviving,Chile,FALSE,3,1-5,FALSE,B2B
24414,Encuadrado,2021,2015-2024,Active,Surviving,Chile,FALSE,3,1-5,FALSE,Productivity
24407,Stardex,2021,2015-2024,Active,Surviving,USA,TRUE,4,1-5,FALSE,B2B
24406,Shimmer,2021,2015-2024,Active,Surviving,USA,TRUE,9,6-10,FALSE,Healthcare
24406,Shimmer,2021,2015-2024,Active,Surviving,USA,TRUE,9,6-10,FALSE,Consumer Health and Wellness
24404,OneSchema,2021,2015-2024,Active,Surviving,USA,TRUE,20,11-25,FALSE,B2B
24404,OneSchema,2021,2015-2024,Active,Surviving,USA,TRUE,20,11-25,FALSE,Operations
24395,Miniloop,2021,2015-2024,Active,Surviving,USA,TRUE,2,1-5,FALSE,B2B
24391,CoLoop,2021,2015-2024,Active,Surviving,United Kingdom,FALSE,16,11-25,FALSE,B2B
24390,Dot,2021,2015-2024,Active,Surviving,Germany,FALSE,6,6-10,FALSE,B2B
24390,Dot,2021,2015-2024,Active,Surviving,Germany,FALSE,6,6-10,FALSE,Analytics
24385,ShipBlu,2021,2015-2024,Active,Surviving,Egypt,FALSE,300,101-500,FALSE,B2B
24385,ShipBlu,2021,2015-2024,Active,Surviving,Egypt,FALSE,300,101-500,FALSE,Supply Chain and Logistics
24384,Whalesync,2021,2015-2024,Active,Surviving,USA,TRUE,8,6-10,FALSE,B2B
24384,Whalesync,2021,2015-2024,Active,Surviving,USA,TRUE,8,6-10,FALSE,Marketing
24382,Malloc Inc,2021,2015-2024,Active,Surviving,Cyprus,FALSE,10,6-10,FALSE,B2B
24382,Malloc Inc,2021,2015-2024,Active,Surviving,Cyprus,FALSE,10,6-10,FALSE,Security
24381,Sequin,2021,2015-2024,Active,Surviving,USA,TRUE,2,1-5,FALSE,B2B
24379,Formance,2021,2015-2024,Active,Surviving,France,FALSE,30,26-100,FALSE,B2B
24378,Mergent,2021,2015-2024,Active,Surviving,USA,TRUE,1,1-5,FALSE,B2B
24378,Mergent,2021,2015-2024,Active,Surviving,USA,TRUE,1,1-5,FALSE,"Engineering, Product and Design"
24374,Coinrule,2021,2015-2024,Active,Surviving,United Kingdom,FALSE,7,6-10,FALSE,Fintech
24373,Infiuss Health,2021,2015-2024,Active,Surviving,USA,TRUE,4,1-5,FALSE,B2B
24372,LemFi,2021,2015-2024,Active,Surviving,United Kingdom,FALSE,500,101-500,FALSE,Fintech
24372,LemFi,2021,2015-2024,Active,Surviving,United Kingdom,FALSE,500,101-500,FALSE,Banking and Exchange
24371,Momo Medical,2021,2015-2024,Active,Surviving,USA,TRUE,10,6-10,FALSE,Healthcare
24368,Yemaachi Biotechnology,2021,2015-2024,Active,Surviving,Ghana,FALSE,16,11-25,FALSE,Healthcare
24368,Yemaachi Biotechnology,2021,2015-2024,Active,Surviving,Ghana,FALSE,16,11-25,FALSE,Diagnostics
24367,Scispot,2021,2015-2024,Active,Surviving,Canada,FALSE,16,11-25,FALSE,B2B
24355,LootRush,2021,2015-2024,Active,Surviving,USA,TRUE,NA,NA,FALSE,Consumer
24355,LootRush,2021,2015-2024,Active,Surviving,USA,TRUE,NA,NA,FALSE,Gaming
24354,Cartpanda,2021,2015-2024,Active,Surviving,Brazil,FALSE,60,26-100,FALSE,B2B
24354,Cartpanda,2021,2015-2024,Active,Surviving,Brazil,FALSE,60,26-100,FALSE,Sales
24353,Intellect,2021,2015-2024,Active,Surviving,Singapore,FALSE,200,101-500,FALSE,Healthcare
24353,Intellect,2021,2015-2024,Active,Surviving,Singapore,FALSE,200,101-500,FALSE,Healthcare Services
24349,Arrow,2021,2015-2024,Active,Surviving,Singapore,FALSE,18,11-25,FALSE,Fintech
24349,Arrow,2021,2015-2024,Active,Surviving,Singapore,FALSE,18,11-25,FALSE,Payments
24347,Truss,2021,2015-2024,Active,Surviving,USA,TRUE,12,11-25,FALSE,Fintech
24347,Truss,2021,2015-2024,Active,Surviving,USA,TRUE,12,11-25,FALSE,Banking and Exchange
24346,MindFi,2021,2015-2024,Active,Surviving,Singapore,FALSE,25,11-25,FALSE,B2B
24346,MindFi,2021,2015-2024,Active,Surviving,Singapore,FALSE,25,11-25,FALSE,Human Resources
24345,Geostar,2021,2015-2024,Active,Surviving,USA,TRUE,2,1-5,FALSE,B2B
24344,WarpBuild,2021,2015-2024,Active,Surviving,USA,TRUE,5,1-5,FALSE,B2B
24344,WarpBuild,2021,2015-2024,Active,Surviving,USA,TRUE,5,1-5,FALSE,"Engineering, Product and Design"
24330,Matidor.com,2021,2015-2024,Active,Surviving,Canada,FALSE,6,6-10,FALSE,B2B
24330,Matidor.com,2021,2015-2024,Active,Surviving,Canada,FALSE,6,6-10,FALSE,Productivity
24303,Cero,2021,2015-2024,Active,Surviving,Chile,FALSE,10,6-10,FALSE,B2B
24302,OneStopKitchen,2021,2015-2024,Active,Surviving,USA,TRUE,10,6-10,FALSE,Consumer
24302,OneStopKitchen,2021,2015-2024,Active,Surviving,USA,TRUE,10,6-10,FALSE,Food and Beverage
24292,fluke,2021,2015-2024,Active,Surviving,Brazil,FALSE,26,26-100,FALSE,B2B
24291,DigiBuild,2021,2015-2024,Active,Surviving,USA,TRUE,15,11-25,FALSE,Real Estate and Construction
24291,DigiBuild,2021,2015-2024,Active,Surviving,USA,TRUE,15,11-25,FALSE,Construction
24282,SigmaOS,2021,2015-2024,Active,Surviving,USA,TRUE,5,1-5,FALSE,Consumer
24280,Palenca,2021,2015-2024,Active,Surviving,Brazil,FALSE,25,11-25,FALSE,B2B
24280,Palenca,2021,2015-2024,Active,Surviving,Brazil,FALSE,25,11-25,FALSE,Infrastructure
24275,Cloudanix,2021,2015-2024,Active,Surviving,USA,TRUE,8,6-10,FALSE,B2B
24275,Cloudanix,2021,2015-2024,Active,Surviving,USA,TRUE,8,6-10,FALSE,Security
24271,TrackChain,2021,2015-2024,Active,Surviving,USA,TRUE,20,11-25,FALSE,B2B
24271,TrackChain,2021,2015-2024,Active,Surviving,USA,TRUE,20,11-25,FALSE,Supply Chain and Logistics
24270,Enso,2021,2015-2024,Active,Surviving,Poland,FALSE,20,11-25,FALSE,B2B
24270,Enso,2021,2015-2024,Active,Surviving,Poland,FALSE,20,11-25,FALSE,Analytics
24269,Monet,2021,2015-2024,Active,Surviving,USA,TRUE,42,26-100,FALSE,Fintech
24268,testRigor,2021,2015-2024,Active,Surviving,USA,TRUE,25,11-25,FALSE,B2B
24268,testRigor,2021,2015-2024,Active,Surviving,USA,TRUE,25,11-25,FALSE,"Engineering, Product and Design"
24264,Glitzi,2021,2015-2024,Active,Surviving,Mexico,FALSE,33,26-100,FALSE,Consumer
24264,Glitzi,2021,2015-2024,Active,Surviving,Mexico,FALSE,33,26-100,FALSE,Home and Personal
24260,Planet A Foods,2021,2015-2024,Active,Surviving,Germany,FALSE,6,6-10,FALSE,Consumer
24260,Planet A Foods,2021,2015-2024,Active,Surviving,Germany,FALSE,6,6-10,FALSE,Food and Beverage
24259,Warpfy,2021,2015-2024,Active,Surviving,Singapore,FALSE,3,1-5,FALSE,Consumer
24259,Warpfy,2021,2015-2024,Active,Surviving,Singapore,FALSE,3,1-5,FALSE,Home and Personal
24258,Enerjazz,2021,2015-2024,Active,Surviving,India,FALSE,9,6-10,FALSE,Industrials
24258,Enerjazz,2021,2015-2024,Active,Surviving,India,FALSE,9,6-10,FALSE,Climate
24256,AI Tech Packs,2021,2015-2024,Active,Surviving,USA,TRUE,2,1-5,FALSE,B2B
24256,AI Tech Packs,2021,2015-2024,Active,Surviving,USA,TRUE,2,1-5,FALSE,Supply Chain and Logistics
24254,Okani,2021,2015-2024,Active,Surviving,Mexico,FALSE,3,1-5,FALSE,Healthcare
24254,Okani,2021,2015-2024,Active,Surviving,Mexico,FALSE,3,1-5,FALSE,Consumer Health and Wellness
24253,Pluggy,2021,2015-2024,Active,Surviving,Brazil,FALSE,31,26-100,FALSE,B2B
24253,Pluggy,2021,2015-2024,Active,Surviving,Brazil,FALSE,31,26-100,FALSE,"Engineering, Product and Design"
24252,Govly,2021,2015-2024,Active,Surviving,USA,TRUE,30,26-100,FALSE,Government
24251,Pideaky,2021,2015-2024,Active,Surviving,Mexico,FALSE,3,1-5,FALSE,Fintech
24251,Pideaky,2021,2015-2024,Active,Surviving,Mexico,FALSE,3,1-5,FALSE,Payments
24248,Monto,2021,2015-2024,Active,Surviving,Mexico,FALSE,13,11-25,FALSE,Fintech
24244,Bree,2021,2015-2024,Active,Surviving,Canada,FALSE,2,1-5,FALSE,Fintech
24244,Bree,2021,2015-2024,Active,Surviving,Canada,FALSE,2,1-5,FALSE,Consumer Finance
24243,Repool,2021,2015-2024,Active,Surviving,USA,TRUE,11,11-25,FALSE,Fintech
24243,Repool,2021,2015-2024,Active,Surviving,USA,TRUE,11,11-25,FALSE,Asset Management
24230,Onebrief,2021,2015-2024,Active,Surviving,USA,TRUE,200,101-500,FALSE,B2B
24229,AlgoViral,2021,2015-2024,Active,Surviving,,FALSE,5,1-5,FALSE,B2B
24229,AlgoViral,2021,2015-2024,Active,Surviving,,FALSE,5,1-5,FALSE,Marketing
24206,Hyperbrowser,2021,2015-2024,Active,Surviving,USA,TRUE,4,1-5,FALSE,B2B
24206,Hyperbrowser,2021,2015-2024,Active,Surviving,USA,TRUE,4,1-5,FALSE,Security
24205,Jovian,2021,2015-2024,Active,Surviving,India,FALSE,NA,NA,FALSE,Education
24204,Sentiyen,2021,2015-2024,Active,Surviving,USA,TRUE,2,1-5,FALSE,B2B
24204,Sentiyen,2021,2015-2024,Active,Surviving,USA,TRUE,2,1-5,FALSE,Marketing
24203,Redbean,2021,2015-2024,Active,Surviving,Singapore,FALSE,6,6-10,FALSE,Consumer
24199,Rinse,2021,2015-2024,Active,Surviving,USA,TRUE,6,6-10,FALSE,Healthcare
24199,Rinse,2021,2015-2024,Active,Surviving,USA,TRUE,6,6-10,FALSE,Consumer Health and Wellness
24198,SalaryBox,2021,2015-2024,Active,Surviving,India,FALSE,40,26-100,FALSE,B2B
24198,SalaryBox,2021,2015-2024,Active,Surviving,India,FALSE,40,26-100,FALSE,Human Resources
24194,Aqua,2021,2015-2024,Active,Surviving,USA,TRUE,34,26-100,FALSE,Fintech
24192,Kaya,2021,2015-2024,Active,Surviving,United Kingdom,FALSE,12,11-25,FALSE,B2B
24192,Kaya,2021,2015-2024,Active,Surviving,United Kingdom,FALSE,12,11-25,FALSE,Marketing
24191,Secoda,2021,2015-2024,Active,Surviving,Canada,FALSE,27,26-100,FALSE,B2B
24191,Secoda,2021,2015-2024,Active,Surviving,Canada,FALSE,27,26-100,FALSE,Analytics
24190,Locale,2021,2015-2024,Active,Surviving,USA,TRUE,11,11-25,FALSE,Consumer
24190,Locale,2021,2015-2024,Active,Surviving,USA,TRUE,11,11-25,FALSE,Food and Beverage
24188,Pirouette Pharma,2021,2015-2024,Active,Surviving,USA,TRUE,9,6-10,FALSE,Healthcare
24188,Pirouette Pharma,2021,2015-2024,Active,Surviving,USA,TRUE,9,6-10,FALSE,Drug Discovery and Delivery
24181,Kodex,2021,2015-2024,Active,Surviving,USA,TRUE,30,26-100,FALSE,B2B
24181,Kodex,2021,2015-2024,Active,Surviving,USA,TRUE,30,26-100,FALSE,Legal
24180,Verihubs,2021,2015-2024,Active,Surviving,Indonesia,FALSE,63,26-100,FALSE,B2B
24180,Verihubs,2021,2015-2024,Active,Surviving,Indonesia,FALSE,63,26-100,FALSE,"Engineering, Product and Design"
24177,HyperTrader,2021,2015-2024,Active,Surviving,USA,TRUE,10,6-10,FALSE,Fintech
24170,Awesomic,2021,2015-2024,Active,Surviving,USA,TRUE,150,101-500,FALSE,B2B
24169,Fitia,2021,2015-2024,Active,Surviving,USA,TRUE,26,26-100,FALSE,Healthcare
24169,Fitia,2021,2015-2024,Active,Surviving,USA,TRUE,26,26-100,FALSE,Consumer Health and Wellness
24168,trii,2021,2015-2024,Active,Surviving,USA,TRUE,41,26-100,FALSE,Fintech
24168,trii,2021,2015-2024,Active,Surviving,USA,TRUE,41,26-100,FALSE,Banking and Exchange
24166,SafeBeat,2021,2015-2024,Active,Surviving,USA,TRUE,9,6-10,FALSE,Healthcare
24166,SafeBeat,2021,2015-2024,Active,Surviving,USA,TRUE,9,6-10,FALSE,Medical Devices
24165,Brite,2021,2015-2024,Active,Surviving,USA,TRUE,15,11-25,FALSE,B2B
24165,Brite,2021,2015-2024,Active,Surviving,USA,TRUE,15,11-25,FALSE,Human Resources
24164,Ivy Homes,2021,2015-2024,Active,Surviving,India,FALSE,80,26-100,FALSE,Real Estate and Construction
24164,Ivy Homes,2021,2015-2024,Active,Surviving,India,FALSE,80,26-100,FALSE,Housing and Real Estate
24162,Konta.com,2021,2015-2024,Active,Surviving,Mexico,FALSE,35,26-100,FALSE,B2B
24162,Konta.com,2021,2015-2024,Active,Surviving,Mexico,FALSE,35,26-100,FALSE,Finance and Accounting
24161,Tavus,2021,2015-2024,Active,Surviving,USA,TRUE,40,26-100,FALSE,B2B
24160,Zen,2021,2015-2024,Active,Surviving,,FALSE,0,NA,FALSE,Healthcare
24160,Zen,2021,2015-2024,Active,Surviving,,FALSE,0,NA,FALSE,Consumer Health and Wellness
24158,Forage,2021,2015-2024,Active,Surviving,USA,TRUE,43,26-100,FALSE,Fintech
24158,Forage,2021,2015-2024,Active,Surviving,USA,TRUE,43,26-100,FALSE,Payments
24153,Dailybot,2021,2015-2024,Active,Surviving,USA,TRUE,11,11-25,FALSE,B2B
24153,Dailybot,2021,2015-2024,Active,Surviving,USA,TRUE,11,11-25,FALSE,Productivity
24152,RendaloMaq,2021,2015-2024,Active,Surviving,Chile,FALSE,25,11-25,FALSE,Real Estate and Construction
24152,RendaloMaq,2021,2015-2024,Active,Surviving,Chile,FALSE,25,11-25,FALSE,Construction
24151,Lago,2021,2015-2024,Active,Surviving,France,FALSE,45,26-100,FALSE,B2B
24151,Lago,2021,2015-2024,Active,Surviving,France,FALSE,45,26-100,FALSE,Finance and Accounting
24150,Hypercore,2021,2015-2024,Active,Surviving,Israel,FALSE,7,6-10,FALSE,Fintech
24150,Hypercore,2021,2015-2024,Active,Surviving,Israel,FALSE,7,6-10,FALSE,Credit and Lending
24149,Union54,2021,2015-2024,Active,Surviving,Zambia,FALSE,17,11-25,FALSE,Fintech
24148,StudyStream,2021,2015-2024,Active,Surviving,United Kingdom,FALSE,8,6-10,FALSE,Education
24143,InstaKin,2021,2015-2024,Active,Surviving,USA,TRUE,15,11-25,FALSE,Fintech
24143,InstaKin,2021,2015-2024,Active,Surviving,USA,TRUE,15,11-25,FALSE,Consumer Finance
24142,SnapCalorie,2021,2015-2024,Active,Surviving,USA,TRUE,5,1-5,FALSE,Consumer
24141,Anakin,2021,2015-2024,Active,Surviving,USA,TRUE,70,26-100,FALSE,B2B
24141,Anakin,2021,2015-2024,Active,Surviving,USA,TRUE,70,26-100,FALSE,Retail
24140,Bite Ninja,2021,2015-2024,Active,Surviving,USA,TRUE,20,11-25,FALSE,B2B
24139,REPROSENT,2021,2015-2024,Active,Surviving,USA,TRUE,4,1-5,FALSE,Healthcare
24138,Epinoma,2021,2015-2024,Active,Surviving,USA,TRUE,8,6-10,FALSE,Healthcare
24137,Soco,2021,2015-2024,Active,Surviving,USA,TRUE,NA,NA,FALSE,Consumer
24137,Soco,2021,2015-2024,Active,Surviving,USA,TRUE,NA,NA,FALSE,Apparel and Cosmetics
24132,Double,2021,2015-2024,Active,Surviving,USA,TRUE,80,26-100,FALSE,B2B
24132,Double,2021,2015-2024,Active,Surviving,USA,TRUE,80,26-100,FALSE,Finance and Accounting
24131,Strive Math,2021,2015-2024,Active,Surviving,Singapore,FALSE,13,11-25,FALSE,Education
24130,VitalStrata,2021,2015-2024,Active,Surviving,USA,TRUE,1,1-5,FALSE,Healthcare
24130,VitalStrata,2021,2015-2024,Active,Surviving,USA,TRUE,1,1-5,FALSE,Healthcare IT
24129,Cabal,2021,2015-2024,Active,Surviving,USA,TRUE,8,6-10,FALSE,B2B
24100,MobileBoost,2021,2015-2024,Active,Surviving,USA,TRUE,15,11-25,FALSE,B2B
24100,MobileBoost,2021,2015-2024,Active,Surviving,USA,TRUE,15,11-25,FALSE,"Engineering, Product and Design"
24096,AppX,2021,2015-2024,Active,Surviving,India,FALSE,30,26-100,FALSE,Education
24095,Neodocs,2021,2015-2024,Active,Surviving,India,FALSE,20,11-25,FALSE,Healthcare
24094,AlgoUniversity,2021,2015-2024,Active,Surviving,India,FALSE,10,6-10,FALSE,Education
24093,Swipe,2021,2015-2024,Active,Surviving,India,FALSE,60,26-100,FALSE,B2B
24093,Swipe,2021,2015-2024,Active,Surviving,India,FALSE,60,26-100,FALSE,Finance and Accounting
24091,Echoes HQ,2021,2015-2024,Active,Surviving,Netherlands,FALSE,3,1-5,FALSE,B2B
24091,Echoes HQ,2021,2015-2024,Active,Surviving,Netherlands,FALSE,3,1-5,FALSE,"Engineering, Product and Design"
24086,Advantage Club,2021,2015-2024,Active,Surviving,India,FALSE,220,101-500,FALSE,B2B
24086,Advantage Club,2021,2015-2024,Active,Surviving,India,FALSE,220,101-500,FALSE,Human Resources
24084,Nino Foods,2021,2015-2024,Active,Surviving,India,FALSE,250,101-500,FALSE,Consumer
24084,Nino Foods,2021,2015-2024,Active,Surviving,India,FALSE,250,101-500,FALSE,Food and Beverage
24083,Rivia.AI,2021,2015-2024,Active,Surviving,India,FALSE,5,1-5,FALSE,B2B
24083,Rivia.AI,2021,2015-2024,Active,Surviving,India,FALSE,5,1-5,FALSE,Marketing
24082,BLUUMBIO,2021,2015-2024,Active,Surviving,USA,TRUE,4,1-5,FALSE,Healthcare
24082,BLUUMBIO,2021,2015-2024,Active,Surviving,USA,TRUE,4,1-5,FALSE,Industrial Bio
24081,Parallel Bio,2021,2015-2024,Active,Surviving,USA,TRUE,20,11-25,FALSE,Healthcare
24081,Parallel Bio,2021,2015-2024,Active,Surviving,USA,TRUE,20,11-25,FALSE,Drug Discovery and Delivery
24080,Zaz OS,2021,2015-2024,Active,Surviving,Brazil,FALSE,9,6-10,FALSE,B2B
24079,Instacrops,2021,2015-2024,Active,Surviving,Chile,FALSE,34,26-100,FALSE,Industrials
24079,Instacrops,2021,2015-2024,Active,Surviving,Chile,FALSE,34,26-100,FALSE,Agriculture
24065,BoldVoice,2021,2015-2024,Active,Surviving,USA,TRUE,12,11-25,FALSE,Consumer
24064,Confido,2021,2015-2024,Active,Surviving,USA,TRUE,28,26-100,FALSE,B2B
24064,Confido,2021,2015-2024,Active,Surviving,USA,TRUE,28,26-100,FALSE,Finance and Accounting
24059,SalaryBook,2021,2015-2024,Active,Surviving,India,FALSE,7,6-10,FALSE,B2B
24058,Zeit Medical,2021,2015-2024,Active,Surviving,USA,TRUE,2,1-5,FALSE,Healthcare
24058,Zeit Medical,2021,2015-2024,Active,Surviving,USA,TRUE,2,1-5,FALSE,Medical Devices
24055,Atmana,2021,2015-2024,Active,Surviving,United Arab Emirates,FALSE,8,6-10,FALSE,Consumer
24053,ODWEN,2021,2015-2024,Active,Surviving,India,FALSE,21,11-25,FALSE,B2B
24053,ODWEN,2021,2015-2024,Active,Surviving,India,FALSE,21,11-25,FALSE,Supply Chain and Logistics
24046,PropReturns,2021,2015-2024,Active,Surviving,India,FALSE,40,26-100,FALSE,Real Estate and Construction
24046,PropReturns,2021,2015-2024,Active,Surviving,India,FALSE,40,26-100,FALSE,Housing and Real Estate
24045,Coulomb AI,2021,2015-2024,Active,Surviving,India,FALSE,10,6-10,FALSE,B2B
24041,Koshex,2021,2015-2024,Active,Surviving,India,FALSE,21,11-25,FALSE,Fintech
24041,Koshex,2021,2015-2024,Active,Surviving,India,FALSE,21,11-25,FALSE,Asset Management
24040,Affogato AI,2021,2015-2024,Active,Surviving,USA,TRUE,15,11-25,FALSE,B2B
24040,Affogato AI,2021,2015-2024,Active,Surviving,USA,TRUE,15,11-25,FALSE,"Engineering, Product and Design"
24039,Kalam Labs,2021,2015-2024,Active,Surviving,India,FALSE,10,6-10,FALSE,Industrials
24039,Kalam Labs,2021,2015-2024,Active,Surviving,India,FALSE,10,6-10,FALSE,Drones
24038,FrontPage,2021,2015-2024,Active,Surviving,India,FALSE,5,1-5,FALSE,Fintech
24038,FrontPage,2021,2015-2024,Active,Surviving,India,FALSE,5,1-5,FALSE,Asset Management
24037,Levro,2021,2015-2024,Active,Surviving,USA,TRUE,12,11-25,FALSE,Fintech
24037,Levro,2021,2015-2024,Active,Surviving,USA,TRUE,12,11-25,FALSE,Banking and Exchange
24034,Ananya Health,2021,2015-2024,Active,Surviving,USA,TRUE,8,6-10,FALSE,Healthcare
24034,Ananya Health,2021,2015-2024,Active,Surviving,USA,TRUE,8,6-10,FALSE,Medical Devices
24008,Catena Biosciences,2021,2015-2024,Active,Surviving,USA,TRUE,7,6-10,FALSE,Healthcare
24008,Catena Biosciences,2021,2015-2024,Active,Surviving,USA,TRUE,7,6-10,FALSE,Therapeutics
24006,Karbon Card,2021,2015-2024,Active,Surviving,India,FALSE,144,101-500,FALSE,Fintech
24006,Karbon Card,2021,2015-2024,Active,Surviving,India,FALSE,144,101-500,FALSE,Credit and Lending
23988,ARQ,2021,2015-2024,Active,Surviving,,FALSE,100,26-100,FALSE,Fintech
23986,Fingo Africa,2021,2015-2024,Active,Surviving,Kenya,FALSE,8,6-10,FALSE,Fintech
23979,Replo,2021,2015-2024,Active,Surviving,USA,TRUE,20,11-25,FALSE,B2B
23979,Replo,2021,2015-2024,Active,Surviving,USA,TRUE,20,11-25,FALSE,"Engineering, Product and Design"
23978,Rootly,2021,2015-2024,Active,Surviving,USA,TRUE,75,26-100,FALSE,B2B
23978,Rootly,2021,2015-2024,Active,Surviving,USA,TRUE,75,26-100,FALSE,Infrastructure
23977,Potion,2021,2015-2024,Active,Surviving,USA,TRUE,7,6-10,FALSE,B2B
23973,Jestor,2021,2015-2024,Active,Surviving,USA,TRUE,9,6-10,FALSE,B2B
23973,Jestor,2021,2015-2024,Active,Surviving,USA,TRUE,9,6-10,FALSE,Productivity
23972,Flow Club,2021,2015-2024,Active,Surviving,USA,TRUE,6,6-10,FALSE,B2B
23972,Flow Club,2021,2015-2024,Active,Surviving,USA,TRUE,6,6-10,FALSE,Productivity
23971,Concord Materials,2021,2015-2024,Active,Surviving,USA,TRUE,7,6-10,FALSE,Real Estate and Construction
23971,Concord Materials,2021,2015-2024,Active,Surviving,USA,TRUE,7,6-10,FALSE,Construction
23969,Baraka,2021,2015-2024,Active,Surviving,United Arab Emirates,FALSE,34,26-100,FALSE,Fintech
23969,Baraka,2021,2015-2024,Active,Surviving,United Arab Emirates,FALSE,34,26-100,FALSE,Asset Management
23968,Archbee,2021,2015-2024,Active,Surviving,Romania,FALSE,12,11-25,FALSE,B2B
23968,Archbee,2021,2015-2024,Active,Surviving,Romania,FALSE,12,11-25,FALSE,"Engineering, Product and Design"
23967,Varos,2021,2015-2024,Active,Surviving,USA,TRUE,9,6-10,FALSE,B2B
23967,Varos,2021,2015-2024,Active,Surviving,USA,TRUE,9,6-10,FALSE,Analytics
23960,Carbonfact,2021,2015-2024,Active,Surviving,France,FALSE,22,11-25,FALSE,Industrials
23960,Carbonfact,2021,2015-2024,Active,Surviving,France,FALSE,22,11-25,FALSE,Climate
23959,TAG,2021,2015-2024,Active,Surviving,Pakistan,FALSE,36,26-100,FALSE,Fintech
23959,TAG,2021,2015-2024,Active,Surviving,Pakistan,FALSE,36,26-100,FALSE,Banking and Exchange
23958,Abstra,2021,2015-2024,Active,Surviving,Brazil,FALSE,18,11-25,FALSE,B2B
23958,Abstra,2021,2015-2024,Active,Surviving,Brazil,FALSE,18,11-25,FALSE,"Engineering, Product and Design"
23957,Stipop,2021,2015-2024,Active,Surviving,USA,TRUE,8,6-10,FALSE,Consumer
23957,Stipop,2021,2015-2024,Active,Surviving,USA,TRUE,8,6-10,FALSE,Content
23956,Customily,2021,2015-2024,Active,Surviving,USA,TRUE,30,26-100,FALSE,B2B
23956,Customily,2021,2015-2024,Active,Surviving,USA,TRUE,30,26-100,FALSE,"Engineering, Product and Design"
23955,Deskimo,2021,2015-2024,Active,Surviving,Singapore,FALSE,12,11-25,FALSE,B2B
23955,Deskimo,2021,2015-2024,Active,Surviving,Singapore,FALSE,12,11-25,FALSE,Office Management
23953,Hive Health,2021,2015-2024,Active,Surviving,Philippines,FALSE,NA,NA,FALSE,Healthcare
23952,Yummy,2021,2015-2024,Active,Surviving,USA,TRUE,260,101-500,FALSE,Consumer
23951,Mindstate Design Labs,2021,2015-2024,Active,Surviving,USA,TRUE,7,6-10,FALSE,Healthcare
23951,Mindstate Design Labs,2021,2015-2024,Active,Surviving,USA,TRUE,7,6-10,FALSE,Drug Discovery and Delivery
23950,Pipekit,2021,2015-2024,Active,Surviving,NA,FALSE,9,6-10,FALSE,B2B
23950,Pipekit,2021,2015-2024,Active,Surviving,NA,FALSE,9,6-10,FALSE,Infrastructure
23948,Superwall,2021,2015-2024,Active,Surviving,USA,TRUE,15,11-25,FALSE,B2B
23948,Superwall,2021,2015-2024,Active,Surviving,USA,TRUE,15,11-25,FALSE,"Engineering, Product and Design"
23947,Odys Aviation,2021,2015-2024,Active,Surviving,USA,TRUE,11,11-25,FALSE,Industrials
23947,Odys Aviation,2021,2015-2024,Active,Surviving,USA,TRUE,11,11-25,FALSE,Aviation and Space
23946,Legion Health,2021,2015-2024,Active,Surviving,USA,TRUE,11,11-25,FALSE,Healthcare
23946,Legion Health,2021,2015-2024,Active,Surviving,USA,TRUE,11,11-25,FALSE,Consumer Health and Wellness
23945,Talus Bio,2021,2015-2024,Active,Surviving,USA,TRUE,16,11-25,FALSE,Healthcare
23945,Talus Bio,2021,2015-2024,Active,Surviving,USA,TRUE,16,11-25,FALSE,Drug Discovery and Delivery
23944,hotglue,2021,2015-2024,Active,Surviving,USA,TRUE,13,11-25,FALSE,B2B
23944,hotglue,2021,2015-2024,Active,Surviving,USA,TRUE,13,11-25,FALSE,"Engineering, Product and Design"
23943,Artillery,2021,2015-2024,Active,Surviving,Ireland,FALSE,5,1-5,FALSE,B2B
23943,Artillery,2021,2015-2024,Active,Surviving,Ireland,FALSE,5,1-5,FALSE,Infrastructure
23885,marketfeed,2021,2015-2024,Active,Surviving,India,FALSE,55,26-100,FALSE,Fintech
23885,marketfeed,2021,2015-2024,Active,Surviving,India,FALSE,55,26-100,FALSE,Consumer Finance
23884,AOA Dx,2021,2015-2024,Active,Surviving,USA,TRUE,25,11-25,FALSE,Healthcare
23884,AOA Dx,2021,2015-2024,Active,Surviving,USA,TRUE,25,11-25,FALSE,Diagnostics
23862,Contalink,2021,2015-2024,Active,Surviving,Mexico,FALSE,75,26-100,FALSE,B2B
23862,Contalink,2021,2015-2024,Active,Surviving,Mexico,FALSE,75,26-100,FALSE,Finance and Accounting
23845,Agapé,2021,2015-2024,Active,Surviving,USA,TRUE,6,6-10,FALSE,Healthcare
23845,Agapé,2021,2015-2024,Active,Surviving,USA,TRUE,6,6-10,FALSE,Consumer Health and Wellness
23832,Reframe (Glucobit),2021,2015-2024,Active,Surviving,USA,TRUE,35,26-100,FALSE,Healthcare
23832,Reframe (Glucobit),2021,2015-2024,Active,Surviving,USA,TRUE,35,26-100,FALSE,Consumer Health and Wellness
23820,Blixo,2021,2015-2024,Active,Surviving,USA,TRUE,2,1-5,FALSE,B2B
23820,Blixo,2021,2015-2024,Active,Surviving,USA,TRUE,2,1-5,FALSE,Finance and Accounting
23819,Inversion Space,2021,2015-2024,Active,Surviving,USA,TRUE,28,26-100,FALSE,Industrials
23819,Inversion Space,2021,2015-2024,Active,Surviving,USA,TRUE,28,26-100,FALSE,Aviation and Space
23817,Epsilon3,2021,2015-2024,Active,Surviving,USA,TRUE,12,11-25,FALSE,B2B
23817,Epsilon3,2021,2015-2024,Active,Surviving,USA,TRUE,12,11-25,FALSE,Operations
23796,Slope,2021,2015-2024,Active,Surviving,USA,TRUE,16,11-25,FALSE,Fintech
23796,Slope,2021,2015-2024,Active,Surviving,USA,TRUE,16,11-25,FALSE,Payments
23783,Promakhos Therapeutics,2021,2015-2024,Active,Surviving,USA,TRUE,2,1-5,FALSE,Healthcare
23783,Promakhos Therapeutics,2021,2015-2024,Active,Surviving,USA,TRUE,2,1-5,FALSE,Therapeutics
23781,Openlayer,2021,2015-2024,Active,Surviving,USA,TRUE,19,11-25,FALSE,B2B
23781,Openlayer,2021,2015-2024,Active,Surviving,USA,TRUE,19,11-25,FALSE,"Engineering, Product and Design"
23780,PaletteHQ,2021,2015-2024,Active,Surviving,France,FALSE,14,11-25,FALSE,B2B
23780,PaletteHQ,2021,2015-2024,Active,Surviving,France,FALSE,14,11-25,FALSE,Sales
23777,Cococart,2021,2015-2024,Active,Surviving,Singapore,FALSE,18,11-25,FALSE,B2B
23776,Palla,2021,2015-2024,Active,Surviving,NA,FALSE,22,11-25,FALSE,Fintech
23776,Palla,2021,2015-2024,Active,Surviving,NA,FALSE,22,11-25,FALSE,Payments
23451,MarqVision,2021,2015-2024,Active,Surviving,USA,TRUE,200,101-500,FALSE,B2B
23120,Slash,2021,2015-2024,Active,Surviving,USA,TRUE,70,26-100,FALSE,Fintech
24866,Satsuma,2021,2015-2024,Acquired,Successful,USA,TRUE,5,1-5,FALSE,B2B
24866,Satsuma,2021,2015-2024,Acquired,Successful,USA,TRUE,5,1-5,FALSE,Infrastructure
24845,Verano Health,2021,2015-2024,Acquired,Successful,USA,TRUE,3,1-5,FALSE,Healthcare
24842,FirstIgnite,2021,2015-2024,Acquired,Successful,NA,FALSE,9,6-10,FALSE,B2B
24830,GamerPay,2021,2015-2024,Acquired,Successful,Denmark,FALSE,6,6-10,FALSE,Consumer
24830,GamerPay,2021,2015-2024,Acquired,Successful,Denmark,FALSE,6,6-10,FALSE,Gaming
24821,Pactima,2021,2015-2024,Acquired,Successful,Canada,FALSE,3,1-5,FALSE,B2B
24821,Pactima,2021,2015-2024,Acquired,Successful,Canada,FALSE,3,1-5,FALSE,Legal
24817,Bytebot,2021,2015-2024,Acquired,Successful,USA,TRUE,3,1-5,FALSE,B2B
24817,Bytebot,2021,2015-2024,Acquired,Successful,USA,TRUE,3,1-5,FALSE,"Engineering, Product and Design"
24701,Byte Kitchen,2021,2015-2024,Acquired,Successful,USA,TRUE,5,1-5,FALSE,Consumer
24701,Byte Kitchen,2021,2015-2024,Acquired,Successful,USA,TRUE,5,1-5,FALSE,Food and Beverage
24649,Kapacity.io,2021,2015-2024,Acquired,Successful,Finland,FALSE,7,6-10,FALSE,Industrials
24649,Kapacity.io,2021,2015-2024,Acquired,Successful,Finland,FALSE,7,6-10,FALSE,Energy
24627,Nasdisc,2021,2015-2024,Acquired,Successful,USA,TRUE,4,1-5,FALSE,Consumer
24604,Telivy,2021,2015-2024,Acquired,Successful,USA,TRUE,6,6-10,FALSE,B2B
24604,Telivy,2021,2015-2024,Acquired,Successful,USA,TRUE,6,6-10,FALSE,Security
24587,Aer,2021,2015-2024,Acquired,Successful,USA,TRUE,18,11-25,FALSE,Fintech
24544,Onfolk,2021,2015-2024,Acquired,Successful,United Kingdom,FALSE,4,1-5,FALSE,B2B
24544,Onfolk,2021,2015-2024,Acquired,Successful,United Kingdom,FALSE,4,1-5,FALSE,Human Resources
24509,Mentum,2021,2015-2024,Acquired,Successful,USA,TRUE,2,1-5,FALSE,B2B
24509,Mentum,2021,2015-2024,Acquired,Successful,USA,TRUE,2,1-5,FALSE,Supply Chain and Logistics
24507,Warrant,2021,2015-2024,Acquired,Successful,USA,TRUE,3,1-5,FALSE,B2B
24507,Warrant,2021,2015-2024,Acquired,Successful,USA,TRUE,3,1-5,FALSE,Infrastructure
24443,Inflow,2021,2015-2024,Acquired,Successful,United Kingdom,FALSE,20,11-25,FALSE,Healthcare
24443,Inflow,2021,2015-2024,Acquired,Successful,United Kingdom,FALSE,20,11-25,FALSE,Therapeutics
24398,Arengu,2021,2015-2024,Acquired,Successful,Spain,FALSE,10,6-10,FALSE,B2B
24369,Mable,2021,2015-2024,Acquired,Successful,London,FALSE,7,6-10,FALSE,Healthcare
24369,Mable,2021,2015-2024,Acquired,Successful,London,FALSE,7,6-10,FALSE,Medical Devices
24348,Cloudthread,2021,2015-2024,Acquired,Successful,USA,TRUE,8,6-10,FALSE,B2B
24348,Cloudthread,2021,2015-2024,Acquired,Successful,USA,TRUE,8,6-10,FALSE,Analytics
24329,inai,2021,2015-2024,Acquired,Successful,United Kingdom,FALSE,14,11-25,FALSE,Fintech
24329,inai,2021,2015-2024,Acquired,Successful,United Kingdom,FALSE,14,11-25,FALSE,Payments
24250,Breadcrumbs.io,2021,2015-2024,Acquired,Successful,USA,TRUE,20,11-25,FALSE,B2B
24250,Breadcrumbs.io,2021,2015-2024,Acquired,Successful,USA,TRUE,20,11-25,FALSE,Sales
24241,Laudable,2021,2015-2024,Acquired,Successful,USA,TRUE,5,1-5,FALSE,B2B
24241,Laudable,2021,2015-2024,Acquired,Successful,USA,TRUE,5,1-5,FALSE,Marketing
24237,Sproutfi,2021,2015-2024,Acquired,Successful,Brazil,FALSE,17,11-25,FALSE,Fintech
24207,Keyri,2021,2015-2024,Acquired,Successful,USA,TRUE,5,1-5,FALSE,B2B
24207,Keyri,2021,2015-2024,Acquired,Successful,USA,TRUE,5,1-5,FALSE,Security
24197,Hilos,2021,2015-2024,Acquired,Successful,Mexico,FALSE,5,1-5,FALSE,B2B
24197,Hilos,2021,2015-2024,Acquired,Successful,Mexico,FALSE,5,1-5,FALSE,Marketing
24195,Tarsal,2021,2015-2024,Acquired,Successful,USA,TRUE,10,6-10,FALSE,B2B
24195,Tarsal,2021,2015-2024,Acquired,Successful,USA,TRUE,10,6-10,FALSE,Security
24176,Maroo,2021,2015-2024,Acquired,Successful,USA,TRUE,5,1-5,FALSE,B2B
24176,Maroo,2021,2015-2024,Acquired,Successful,USA,TRUE,5,1-5,FALSE,Finance and Accounting
24154,Tablevibe,2021,2015-2024,Acquired,Successful,Singapore,FALSE,10,6-10,FALSE,B2B
24154,Tablevibe,2021,2015-2024,Acquired,Successful,Singapore,FALSE,10,6-10,FALSE,Retail
24136,MadEats,2021,2015-2024,Acquired,Successful,Philippines,FALSE,NA,NA,FALSE,Consumer
24136,MadEats,2021,2015-2024,Acquired,Successful,Philippines,FALSE,NA,NA,FALSE,Food and Beverage
24135,Sleek,2021,2015-2024,Acquired,Successful,Canada,FALSE,5,1-5,FALSE,B2B
24049,Deed,2021,2015-2024,Acquired,Successful,USA,TRUE,40,26-100,FALSE,B2B
24049,Deed,2021,2015-2024,Acquired,Successful,USA,TRUE,40,26-100,FALSE,Human Resources
24044,Mailmodo,2021,2015-2024,Acquired,Successful,USA,TRUE,70,26-100,FALSE,B2B
24044,Mailmodo,2021,2015-2024,Acquired,Successful,USA,TRUE,70,26-100,FALSE,Marketing
24005,Goodkind,2021,2015-2024,Acquired,Successful,Canada,FALSE,30,26-100,FALSE,B2B
24005,Goodkind,2021,2015-2024,Acquired,Successful,Canada,FALSE,30,26-100,FALSE,Sales
23974,Level,2021,2015-2024,Acquired,Successful,USA,TRUE,0,NA,FALSE,Fintech
23974,Level,2021,2015-2024,Acquired,Successful,USA,TRUE,0,NA,FALSE,Credit and Lending
23939,Beeper,2021,2015-2024,Acquired,Successful,USA,TRUE,16,11-25,FALSE,Consumer
23860,Positional,2021,2015-2024,Acquired,Successful,USA,TRUE,5,1-5,FALSE,B2B
23860,Positional,2021,2015-2024,Acquired,Successful,USA,TRUE,5,1-5,FALSE,Marketing
22763,Hyper,2021,2015-2024,Acquired,Successful,USA,TRUE,6,6-10,FALSE,Fintech
22763,Hyper,2021,2015-2024,Acquired,Successful,USA,TRUE,6,6-10,FALSE,Payments
22694,Vogent,2021,2015-2024,Acquired,Successful,USA,TRUE,3,1-5,FALSE,B2B
24867,Cache,2021,2015-2024,Inactive,Failed,USA,TRUE,2,1-5,FALSE,Consumer
24867,Cache,2021,2015-2024,Inactive,Failed,USA,TRUE,2,1-5,FALSE,Food and Beverage
24858,Quest,2021,2015-2024,Inactive,Failed,Netherlands,FALSE,5,1-5,FALSE,Consumer
24858,Quest,2021,2015-2024,Inactive,Failed,Netherlands,FALSE,5,1-5,FALSE,Content
24843,OneShop,2021,2015-2024,Inactive,Failed,USA,TRUE,10,6-10,FALSE,Consumer
24839,Talentdrop,2021,2015-2024,Inactive,Failed,USA,TRUE,3,1-5,FALSE,B2B
24839,Talentdrop,2021,2015-2024,Inactive,Failed,USA,TRUE,3,1-5,FALSE,Recruiting and Talent
24823,Protego,2021,2015-2024,Inactive,Failed,Colombia,FALSE,5,1-5,FALSE,B2B
24823,Protego,2021,2015-2024,Inactive,Failed,Colombia,FALSE,5,1-5,FALSE,Security
24818,BlackOakTV,2021,2015-2024,Inactive,Failed,USA,TRUE,2,1-5,FALSE,Consumer
24818,BlackOakTV,2021,2015-2024,Inactive,Failed,USA,TRUE,2,1-5,FALSE,Content
24816,Spoken,2021,2015-2024,Inactive,Failed,USA,TRUE,7,6-10,FALSE,Consumer
24816,Spoken,2021,2015-2024,Inactive,Failed,USA,TRUE,7,6-10,FALSE,Home and Personal
24787,Squire.ai,2021,2015-2024,Inactive,Failed,USA,TRUE,8,6-10,FALSE,B2B
24787,Squire.ai,2021,2015-2024,Inactive,Failed,USA,TRUE,8,6-10,FALSE,"Engineering, Product and Design"
24779,Mindmesh,2021,2015-2024,Inactive,Failed,USA,TRUE,7,6-10,FALSE,B2B
24779,Mindmesh,2021,2015-2024,Inactive,Failed,USA,TRUE,7,6-10,FALSE,Productivity
24774,Opkit,2021,2015-2024,Inactive,Failed,USA,TRUE,NA,NA,FALSE,Healthcare
24774,Opkit,2021,2015-2024,Inactive,Failed,USA,TRUE,NA,NA,FALSE,Healthcare IT
24762,Canopi,2021,2015-2024,Inactive,Failed,USA,TRUE,NA,NA,FALSE,B2B
24700,Moving Parts,2021,2015-2024,Inactive,Failed,Germany,FALSE,2,1-5,FALSE,B2B
24700,Moving Parts,2021,2015-2024,Inactive,Failed,Germany,FALSE,2,1-5,FALSE,"Engineering, Product and Design"
24692,Membo,2021,2015-2024,Inactive,Failed,Estonia,FALSE,3,1-5,FALSE,Consumer
24692,Membo,2021,2015-2024,Inactive,Failed,Estonia,FALSE,3,1-5,FALSE,Food and Beverage
24681,Verde,2021,2015-2024,Inactive,Failed,Brazil,FALSE,4,1-5,FALSE,Fintech
24681,Verde,2021,2015-2024,Inactive,Failed,Brazil,FALSE,4,1-5,FALSE,Credit and Lending
24669,Ruth Health,2021,2015-2024,Inactive,Failed,USA,TRUE,8,6-10,FALSE,Healthcare
24669,Ruth Health,2021,2015-2024,Inactive,Failed,USA,TRUE,8,6-10,FALSE,Healthcare Services
24605,Dime,2021,2015-2024,Inactive,Failed,USA,TRUE,2,1-5,FALSE,B2B
24605,Dime,2021,2015-2024,Inactive,Failed,USA,TRUE,2,1-5,FALSE,"Engineering, Product and Design"
24600,Algofi,2021,2015-2024,Inactive,Failed,,FALSE,7,6-10,FALSE,Fintech
24580,Onsite Pro,2021,2015-2024,Inactive,Failed,USA,TRUE,4,1-5,FALSE,B2B
24556,Revery AI,2021,2015-2024,Inactive,Failed,USA,TRUE,5,1-5,FALSE,Consumer
24556,Revery AI,2021,2015-2024,Inactive,Failed,USA,TRUE,5,1-5,FALSE,Social
24524,outloud.ai,2021,2015-2024,Inactive,Failed,USA,TRUE,5,1-5,FALSE,B2B
24524,outloud.ai,2021,2015-2024,Inactive,Failed,USA,TRUE,5,1-5,FALSE,Retail
24498,Levo,2021,2015-2024,Inactive,Failed,Mexico,FALSE,6,6-10,FALSE,Fintech
24498,Levo,2021,2015-2024,Inactive,Failed,Mexico,FALSE,6,6-10,FALSE,Asset Management
24488,Heimdal,2021,2015-2024,Inactive,Failed,USA,TRUE,12,11-25,FALSE,Industrials
24488,Heimdal,2021,2015-2024,Inactive,Failed,USA,TRUE,12,11-25,FALSE,Climate
24460,Hera,2021,2015-2024,Inactive,Failed,France,FALSE,3,1-5,FALSE,B2B
24460,Hera,2021,2015-2024,Inactive,Failed,France,FALSE,3,1-5,FALSE,Productivity
24424,Kodda,2021,2015-2024,Inactive,Failed,Mexico,FALSE,7,6-10,FALSE,Healthcare
24424,Kodda,2021,2015-2024,Inactive,Failed,Mexico,FALSE,7,6-10,FALSE,Consumer Health and Wellness
24408,Forage Mail,2021,2015-2024,Inactive,Failed,USA,TRUE,4,1-5,FALSE,Consumer
24405,Mixr,2021,2015-2024,Inactive,Failed,Canada,FALSE,4,1-5,FALSE,B2B
24405,Mixr,2021,2015-2024,Inactive,Failed,Canada,FALSE,4,1-5,FALSE,Human Resources
24383,Milky Way AI,2021,2015-2024,Inactive,Failed,Singapore,FALSE,5,1-5,FALSE,B2B
24383,Milky Way AI,2021,2015-2024,Inactive,Failed,Singapore,FALSE,5,1-5,FALSE,Retail
24380,FastFarma,2021,2015-2024,Inactive,Failed,Ecuador,FALSE,8,6-10,FALSE,Healthcare
24380,FastFarma,2021,2015-2024,Inactive,Failed,Ecuador,FALSE,8,6-10,FALSE,Consumer Health and Wellness
24370,Comet Health,2021,2015-2024,Inactive,Failed,USA,TRUE,3,1-5,FALSE,Healthcare
24370,Comet Health,2021,2015-2024,Inactive,Failed,USA,TRUE,3,1-5,FALSE,Consumer Health and Wellness
24351,Hypercontext,2021,2015-2024,Inactive,Failed,Canada,FALSE,15,11-25,FALSE,B2B
24351,Hypercontext,2021,2015-2024,Inactive,Failed,Canada,FALSE,15,11-25,FALSE,Productivity
24343,Apollo,2021,2015-2024,Inactive,Failed,USA,TRUE,3,1-5,FALSE,Fintech
24343,Apollo,2021,2015-2024,Inactive,Failed,USA,TRUE,3,1-5,FALSE,Consumer Finance
24339,Ruta Health,2021,2015-2024,Inactive,Failed,USA,TRUE,1,1-5,FALSE,B2B
24304,Scratch Data,2021,2015-2024,Inactive,Failed,USA,TRUE,1,1-5,FALSE,B2B
24304,Scratch Data,2021,2015-2024,Inactive,Failed,USA,TRUE,1,1-5,FALSE,Infrastructure
24266,Ivella,2021,2015-2024,Inactive,Failed,USA,TRUE,8,6-10,FALSE,Fintech
24266,Ivella,2021,2015-2024,Inactive,Failed,USA,TRUE,8,6-10,FALSE,Consumer Finance
24257,Covie,2021,2015-2024,Inactive,Failed,USA,TRUE,14,11-25,FALSE,Fintech
24257,Covie,2021,2015-2024,Inactive,Failed,USA,TRUE,14,11-25,FALSE,Insurance
24255,Perfekto,2021,2015-2024,Inactive,Failed,Mexico,FALSE,33,26-100,FALSE,Consumer
24255,Perfekto,2021,2015-2024,Inactive,Failed,Mexico,FALSE,33,26-100,FALSE,Food and Beverage
24235,SenpAI.GG,2021,2015-2024,Inactive,Failed,USA,TRUE,12,11-25,FALSE,Consumer
24235,SenpAI.GG,2021,2015-2024,Inactive,Failed,USA,TRUE,12,11-25,FALSE,Gaming
24185,Micro Meat,2021,2015-2024,Inactive,Failed,Mexico,FALSE,0,NA,FALSE,Industrials
24185,Micro Meat,2021,2015-2024,Inactive,Failed,Mexico,FALSE,0,NA,FALSE,Agriculture
24167,Kindamagical,2021,2015-2024,Inactive,Failed,USA,TRUE,1,1-5,FALSE,B2B
24163,Commery,2021,2015-2024,Inactive,Failed,USA,TRUE,3,1-5,FALSE,Real Estate and Construction
24163,Commery,2021,2015-2024,Inactive,Failed,USA,TRUE,3,1-5,FALSE,Housing and Real Estate
24159,Patterns,2021,2015-2024,Inactive,Failed,USA,TRUE,2,1-5,FALSE,B2B
24159,Patterns,2021,2015-2024,Inactive,Failed,USA,TRUE,2,1-5,FALSE,Analytics
24157,Nexus,2021,2015-2024,Inactive,Failed,USA,TRUE,2,1-5,FALSE,Fintech
24157,Nexus,2021,2015-2024,Inactive,Failed,USA,TRUE,2,1-5,FALSE,Consumer Finance
24156,Lariat Data,2021,2015-2024,Inactive,Failed,USA,TRUE,3,1-5,FALSE,B2B
24156,Lariat Data,2021,2015-2024,Inactive,Failed,USA,TRUE,3,1-5,FALSE,"Engineering, Product and Design"
24147,Abbot,2021,2015-2024,Inactive,Failed,USA,TRUE,5,1-5,FALSE,B2B
24147,Abbot,2021,2015-2024,Inactive,Failed,USA,TRUE,5,1-5,FALSE,Sales
24108,V-Flow Medical,2021,2015-2024,Inactive,Failed,USA,TRUE,4,1-5,FALSE,Healthcare
24108,V-Flow Medical,2021,2015-2024,Inactive,Failed,USA,TRUE,4,1-5,FALSE,Medical Devices
24042,Akudo,2021,2015-2024,Inactive,Failed,India,FALSE,20,11-25,FALSE,Fintech
24042,Akudo,2021,2015-2024,Inactive,Failed,India,FALSE,20,11-25,FALSE,Payments
24026,Flowbo,2021,2015-2024,Inactive,Failed,USA,TRUE,2,1-5,FALSE,Fintech
24026,Flowbo,2021,2015-2024,Inactive,Failed,USA,TRUE,2,1-5,FALSE,Consumer Finance
24025,Buzzle,2021,2015-2024,Inactive,Failed,USA,TRUE,3,1-5,FALSE,B2B
24025,Buzzle,2021,2015-2024,Inactive,Failed,USA,TRUE,3,1-5,FALSE,"Engineering, Product and Design"
24024,SolarMente,2021,2015-2024,Inactive,Failed,Spain,FALSE,65,26-100,FALSE,Consumer
23985,FirstQuadrant,2021,2015-2024,Inactive,Failed,USA,TRUE,2,1-5,FALSE,B2B
23985,FirstQuadrant,2021,2015-2024,Inactive,Failed,USA,TRUE,2,1-5,FALSE,Sales
23970,Jupe,2021,2015-2024,Inactive,Failed,USA,TRUE,7,6-10,FALSE,Real Estate and Construction
23970,Jupe,2021,2015-2024,Inactive,Failed,USA,TRUE,7,6-10,FALSE,Housing and Real Estate
23963,Gobillion,2021,2015-2024,Inactive,Failed,India,FALSE,10,6-10,FALSE,Consumer
23861,Wabi,2021,2015-2024,Inactive,Failed,USA,TRUE,3,1-5,FALSE,B2B
23842,Hedgehog,2021,2015-2024,Inactive,Failed,USA,TRUE,5,1-5,FALSE,Fintech
23831,Lobby,2021,2015-2024,Inactive,Failed,United Kingdom,FALSE,1,1-5,FALSE,Healthcare
23818,Mentorcam,2021,2015-2024,Inactive,Failed,USA,TRUE,9,6-10,FALSE,Education
23727,Hyperseed,2021,2015-2024,Inactive,Failed,USA,TRUE,3,1-5,FALSE,B2B
23727,Hyperseed,2021,2015-2024,Inactive,Failed,USA,TRUE,3,1-5,FALSE,Finance and Accounting
23659,Zage,2021,2015-2024,Inactive,Failed,USA,TRUE,10,6-10,FALSE,Fintech
23202,Moxion Power Co.,2021,2015-2024,Inactive,Failed,USA,TRUE,380,101-500,TRUE,Industrials
23202,Moxion Power Co.,2021,2015-2024,Inactive,Failed,USA,TRUE,380,101-500,TRUE,Energy
22721,Zepto,2021,2015-2024,Active,Surviving,India,FALSE,1300,500+,TRUE,Consumer
22721,Zepto,2021,2015-2024,Active,Surviving,India,FALSE,1300,500+,TRUE,Food and Beverage
23661,Kiwify,2021,2015-2024,Active,Surviving,Brazil,FALSE,200,101-500,FALSE,Education
23656,Nano Technologies,2021,2015-2024,Active,Surviving,Vietnam,FALSE,17,11-25,FALSE,Fintech
23656,Nano Technologies,2021,2015-2024,Active,Surviving,Vietnam,FALSE,17,11-25,FALSE,Credit and Lending
23645,Flux,2021,2015-2024,Active,Surviving,Nigeria,FALSE,8,6-10,FALSE,Fintech
23645,Flux,2021,2015-2024,Active,Surviving,Nigeria,FALSE,8,6-10,FALSE,Payments
23642,Meru.com,2021,2015-2024,Active,Surviving,Mexico,FALSE,70,26-100,FALSE,B2B
23642,Meru.com,2021,2015-2024,Active,Surviving,Mexico,FALSE,70,26-100,FALSE,Retail
23636,R.care,2021,2015-2024,Active,Surviving,NA,FALSE,3,1-5,FALSE,Healthcare
23636,R.care,2021,2015-2024,Active,Surviving,NA,FALSE,3,1-5,FALSE,Consumer Health and Wellness
23635,Kanda,2021,2015-2024,Active,Surviving,United Kingdom,FALSE,8,6-10,FALSE,Fintech
23635,Kanda,2021,2015-2024,Active,Surviving,United Kingdom,FALSE,8,6-10,FALSE,Credit and Lending
23634,Ollama,2021,2015-2024,Active,Surviving,USA,TRUE,NA,NA,FALSE,B2B
23634,Ollama,2021,2015-2024,Active,Surviving,USA,TRUE,NA,NA,FALSE,Infrastructure
23633,Chorus Sleep,2021,2015-2024,Active,Surviving,USA,TRUE,4,1-5,FALSE,B2B
23632,NextPay,2021,2015-2024,Active,Surviving,Philippines,FALSE,25,11-25,FALSE,Fintech
23632,NextPay,2021,2015-2024,Active,Surviving,Philippines,FALSE,25,11-25,FALSE,Banking and Exchange
23631,Camlist,2021,2015-2024,Active,Surviving,United Kingdom,FALSE,5,1-5,FALSE,Consumer
23631,Camlist,2021,2015-2024,Active,Surviving,United Kingdom,FALSE,5,1-5,FALSE,Home and Personal
23629,AXAR AI,2021,2015-2024,Active,Surviving,USA,TRUE,41,26-100,FALSE,B2B
23613,MagicBell,2021,2015-2024,Active,Surviving,Spain,FALSE,4,1-5,FALSE,B2B
23613,MagicBell,2021,2015-2024,Active,Surviving,Spain,FALSE,4,1-5,FALSE,"Engineering, Product and Design"
23612,Terra API,2021,2015-2024,Active,Surviving,United Kingdom,FALSE,25,11-25,FALSE,B2B
23612,Terra API,2021,2015-2024,Active,Surviving,United Kingdom,FALSE,25,11-25,FALSE,"Engineering, Product and Design"
23611,Reshape Biotech,2021,2015-2024,Active,Surviving,Denmark,FALSE,40,26-100,FALSE,Healthcare
23611,Reshape Biotech,2021,2015-2024,Active,Surviving,Denmark,FALSE,40,26-100,FALSE,Industrial Bio
23599,Shepherd,2021,2015-2024,Active,Surviving,USA,TRUE,60,26-100,FALSE,Fintech
23599,Shepherd,2021,2015-2024,Active,Surviving,USA,TRUE,60,26-100,FALSE,Insurance
23598,SwiftSku,2021,2015-2024,Active,Surviving,USA,TRUE,35,26-100,FALSE,B2B
23598,SwiftSku,2021,2015-2024,Active,Surviving,USA,TRUE,35,26-100,FALSE,Retail
23597,Kilobaser,2021,2015-2024,Active,Surviving,Austria,FALSE,10,6-10,FALSE,Healthcare
23597,Kilobaser,2021,2015-2024,Active,Surviving,Austria,FALSE,10,6-10,FALSE,Medical Devices
23568,My NextDerma,2021,2015-2024,Active,Surviving,Mexico,FALSE,12,11-25,FALSE,Healthcare
23568,My NextDerma,2021,2015-2024,Active,Surviving,Mexico,FALSE,12,11-25,FALSE,Consumer Health and Wellness
23556,H3X Technologies,2021,2015-2024,Active,Surviving,USA,TRUE,58,26-100,FALSE,Industrials
23556,H3X Technologies,2021,2015-2024,Active,Surviving,USA,TRUE,58,26-100,FALSE,Aviation and Space
23555,Bloom,2021,2015-2024,Active,Surviving,USA,TRUE,8,6-10,FALSE,Fintech
23555,Bloom,2021,2015-2024,Active,Surviving,USA,TRUE,8,6-10,FALSE,Consumer Finance
23550,Clear,2021,2015-2024,Active,Surviving,United Kingdom,FALSE,2,1-5,FALSE,Consumer
23550,Clear,2021,2015-2024,Active,Surviving,United Kingdom,FALSE,2,1-5,FALSE,Social
23541,Mayan,2021,2015-2024,Active,Surviving,USA,TRUE,14,11-25,FALSE,B2B
23541,Mayan,2021,2015-2024,Active,Surviving,USA,TRUE,14,11-25,FALSE,Operations
23539,Triomics,2021,2015-2024,Active,Surviving,USA,TRUE,50,26-100,FALSE,Healthcare
23539,Triomics,2021,2015-2024,Active,Surviving,USA,TRUE,50,26-100,FALSE,Healthcare Services
23537,Arpio,2021,2015-2024,Active,Surviving,USA,TRUE,7,6-10,FALSE,B2B
23537,Arpio,2021,2015-2024,Active,Surviving,USA,TRUE,7,6-10,FALSE,Infrastructure
23531,Authologic,2021,2015-2024,Active,Surviving,NA,FALSE,33,26-100,FALSE,B2B
23531,Authologic,2021,2015-2024,Active,Surviving,NA,FALSE,33,26-100,FALSE,"Engineering, Product and Design"
23530,Waydev AI,2021,2015-2024,Active,Surviving,USA,TRUE,13,11-25,FALSE,B2B
23530,Waydev AI,2021,2015-2024,Active,Surviving,USA,TRUE,13,11-25,FALSE,Productivity
23522,Nuntius Therapeutics,2021,2015-2024,Active,Surviving,United Kingdom,FALSE,2,1-5,FALSE,Healthcare
23522,Nuntius Therapeutics,2021,2015-2024,Active,Surviving,United Kingdom,FALSE,2,1-5,FALSE,Therapeutics
23511,Forcyte Biotechnologies,2021,2015-2024,Active,Surviving,USA,TRUE,5,1-5,FALSE,Healthcare
23511,Forcyte Biotechnologies,2021,2015-2024,Active,Surviving,USA,TRUE,5,1-5,FALSE,Diagnostics
23472,Moonvalley,2021,2015-2024,Active,Surviving,,FALSE,95,26-100,FALSE,Consumer
23472,Moonvalley,2021,2015-2024,Active,Surviving,,FALSE,95,26-100,FALSE,Virtual and Augmented Reality
23460,hoop.dev,2021,2015-2024,Active,Surviving,Brazil,FALSE,3,1-5,FALSE,B2B
23460,hoop.dev,2021,2015-2024,Active,Surviving,Brazil,FALSE,3,1-5,FALSE,"Engineering, Product and Design"
23459,Routine,2021,2015-2024,Active,Surviving,France,FALSE,8,6-10,FALSE,B2B
23459,Routine,2021,2015-2024,Active,Surviving,France,FALSE,8,6-10,FALSE,Productivity
23458,Djamo,2021,2015-2024,Active,Surviving,Ivory Coast,FALSE,250,101-500,FALSE,Fintech
23458,Djamo,2021,2015-2024,Active,Surviving,Ivory Coast,FALSE,250,101-500,FALSE,Banking and Exchange
23457,Turing College,2021,2015-2024,Active,Surviving,Lithuania,FALSE,50,26-100,FALSE,Education
23453,HUBUC,2021,2015-2024,Active,Surviving,Spain,FALSE,11,11-25,FALSE,Fintech
23453,HUBUC,2021,2015-2024,Active,Surviving,Spain,FALSE,11,11-25,FALSE,Payments
23452,Wasp,2021,2015-2024,Active,Surviving,Croatia,FALSE,2,1-5,FALSE,B2B
23452,Wasp,2021,2015-2024,Active,Surviving,Croatia,FALSE,2,1-5,FALSE,"Engineering, Product and Design"
23443,Vendease,2021,2015-2024,Active,Surviving,Nigeria,FALSE,250,101-500,FALSE,B2B
23443,Vendease,2021,2015-2024,Active,Surviving,Nigeria,FALSE,250,101-500,FALSE,Supply Chain and Logistics
23440,Jiga,2021,2015-2024,Active,Surviving,NA,FALSE,25,11-25,FALSE,B2B
23440,Jiga,2021,2015-2024,Active,Surviving,NA,FALSE,25,11-25,FALSE,Supply Chain and Logistics
23434,Broad,2021,2015-2024,Active,Surviving,United Kingdom,FALSE,5,1-5,FALSE,Fintech
23434,Broad,2021,2015-2024,Active,Surviving,United Kingdom,FALSE,5,1-5,FALSE,Banking and Exchange
23433,Estoca,2021,2015-2024,Active,Surviving,Brazil,FALSE,150,101-500,FALSE,B2B
23433,Estoca,2021,2015-2024,Active,Surviving,Brazil,FALSE,150,101-500,FALSE,Supply Chain and Logistics
23432,Recover,2021,2015-2024,Active,Surviving,USA,TRUE,10,6-10,FALSE,Healthcare
23432,Recover,2021,2015-2024,Active,Surviving,USA,TRUE,10,6-10,FALSE,Consumer Health and Wellness
23431,Navattic,2021,2015-2024,Active,Surviving,USA,TRUE,35,26-100,FALSE,B2B
23431,Navattic,2021,2015-2024,Active,Surviving,USA,TRUE,35,26-100,FALSE,Marketing
23430,Mystic,2021,2015-2024,Active,Surviving,USA,TRUE,11,11-25,FALSE,B2B
23430,Mystic,2021,2015-2024,Active,Surviving,USA,TRUE,11,11-25,FALSE,Infrastructure
23429,UPchieve,2021,2015-2024,Active,Surviving,USA,TRUE,15,11-25,FALSE,Education
23421,Somos,2021,2015-2024,Active,Surviving,Colombia,FALSE,250,101-500,FALSE,Real Estate and Construction
23421,Somos,2021,2015-2024,Active,Surviving,Colombia,FALSE,250,101-500,FALSE,Housing and Real Estate
23416,Voosh,2021,2015-2024,Active,Surviving,India,FALSE,15,11-25,FALSE,B2B
23414,Poliglota,2021,2015-2024,Active,Surviving,Chile,FALSE,170,101-500,FALSE,Education
23413,peopleCQ,2021,2015-2024,Active,Surviving,Egypt,FALSE,85,26-100,FALSE,Fintech
23413,peopleCQ,2021,2015-2024,Active,Surviving,Egypt,FALSE,85,26-100,FALSE,Asset Management
23412,Axolo,2021,2015-2024,Active,Surviving,France,FALSE,2,1-5,FALSE,B2B
23412,Axolo,2021,2015-2024,Active,Surviving,France,FALSE,2,1-5,FALSE,"Engineering, Product and Design"
23405,Dayra,2021,2015-2024,Active,Surviving,Egypt,FALSE,10,6-10,FALSE,Fintech
23405,Dayra,2021,2015-2024,Active,Surviving,Egypt,FALSE,10,6-10,FALSE,Credit and Lending
23399,Rethoric,2021,2015-2024,Active,Surviving,USA,TRUE,4,1-5,FALSE,B2B
23399,Rethoric,2021,2015-2024,Active,Surviving,USA,TRUE,4,1-5,FALSE,Marketing
23398,Prospa,2021,2015-2024,Active,Surviving,London,FALSE,70,26-100,FALSE,Fintech
23398,Prospa,2021,2015-2024,Active,Surviving,London,FALSE,70,26-100,FALSE,Banking and Exchange
23397,Jetdocs,2021,2015-2024,Active,Surviving,Canada,FALSE,2,1-5,FALSE,B2B
23397,Jetdocs,2021,2015-2024,Active,Surviving,Canada,FALSE,2,1-5,FALSE,Operations
23389,Gigs,2021,2015-2024,Active,Surviving,USA,TRUE,150,101-500,FALSE,B2B
23389,Gigs,2021,2015-2024,Active,Surviving,USA,TRUE,150,101-500,FALSE,"Engineering, Product and Design"
23371,BusinessOnBot,2021,2015-2024,Active,Surviving,India,FALSE,25,11-25,FALSE,B2B
23371,BusinessOnBot,2021,2015-2024,Active,Surviving,India,FALSE,25,11-25,FALSE,Operations
23369,REGENT,2021,2015-2024,Active,Surviving,USA,TRUE,40,26-100,FALSE,Industrials
23369,REGENT,2021,2015-2024,Active,Surviving,USA,TRUE,40,26-100,FALSE,Aviation and Space
23368,Spline,2021,2015-2024,Active,Surviving,USA,TRUE,25,11-25,FALSE,B2B
23368,Spline,2021,2015-2024,Active,Surviving,USA,TRUE,25,11-25,FALSE,Productivity
23366,OlaClick,2021,2015-2024,Active,Surviving,Peru,FALSE,30,26-100,FALSE,Consumer
23366,OlaClick,2021,2015-2024,Active,Surviving,Peru,FALSE,30,26-100,FALSE,Food and Beverage
23357,Treinta,2021,2015-2024,Active,Surviving,Colombia,FALSE,60,26-100,FALSE,B2B
23357,Treinta,2021,2015-2024,Active,Surviving,Colombia,FALSE,60,26-100,FALSE,Productivity
23355,Svix,2021,2015-2024,Active,Surviving,USA,TRUE,12,11-25,FALSE,B2B
23355,Svix,2021,2015-2024,Active,Surviving,USA,TRUE,12,11-25,FALSE,Infrastructure
23328,Foster,2021,2015-2024,Active,Surviving,USA,TRUE,15,11-25,FALSE,Consumer
23328,Foster,2021,2015-2024,Active,Surviving,USA,TRUE,15,11-25,FALSE,Home and Personal
23327,Machine26,2021,2015-2024,Active,Surviving,Germany,FALSE,12,11-25,FALSE,Real Estate and Construction
23327,Machine26,2021,2015-2024,Active,Surviving,Germany,FALSE,12,11-25,FALSE,Construction
23324,Swadesi Way,2021,2015-2024,Active,Surviving,India,FALSE,9,6-10,FALSE,Consumer
23324,Swadesi Way,2021,2015-2024,Active,Surviving,India,FALSE,9,6-10,FALSE,Food and Beverage
23317,Rejoy Health,2021,2015-2024,Active,Surviving,USA,TRUE,8,6-10,FALSE,Healthcare
23317,Rejoy Health,2021,2015-2024,Active,Surviving,USA,TRUE,8,6-10,FALSE,Healthcare IT
23316,FlowEQ,2021,2015-2024,Active,Surviving,USA,TRUE,7,6-10,FALSE,B2B
23316,FlowEQ,2021,2015-2024,Active,Surviving,USA,TRUE,7,6-10,FALSE,Productivity
23315,Alpas,2021,2015-2024,Active,Surviving,Germany,FALSE,5,1-5,FALSE,B2B
23306,GreaseBoss,2021,2015-2024,Active,Surviving,Australia,FALSE,10,6-10,FALSE,Industrials
23306,GreaseBoss,2021,2015-2024,Active,Surviving,Australia,FALSE,10,6-10,FALSE,Manufacturing and Robotics
23302,Kidato,2021,2015-2024,Active,Surviving,Kenya,FALSE,15,11-25,FALSE,Education
23301,FlutterFlow,2021,2015-2024,Active,Surviving,,FALSE,55,26-100,FALSE,B2B
23301,FlutterFlow,2021,2015-2024,Active,Surviving,,FALSE,55,26-100,FALSE,"Engineering, Product and Design"
23292,AgendaPro,2021,2015-2024,Active,Surviving,Chile,FALSE,50,26-100,FALSE,B2B
23292,AgendaPro,2021,2015-2024,Active,Surviving,Chile,FALSE,50,26-100,FALSE,Marketing
23280,Infracost,2021,2015-2024,Active,Surviving,NA,FALSE,20,11-25,FALSE,B2B
23280,Infracost,2021,2015-2024,Active,Surviving,NA,FALSE,20,11-25,FALSE,"Engineering, Product and Design"
23279,Chatwoot,2021,2015-2024,Active,Surviving,USA,TRUE,12,11-25,FALSE,B2B
23279,Chatwoot,2021,2015-2024,Active,Surviving,USA,TRUE,12,11-25,FALSE,Operations
23277,Pagaloop,2021,2015-2024,Active,Surviving,Mexico,FALSE,23,11-25,FALSE,Fintech
23277,Pagaloop,2021,2015-2024,Active,Surviving,Mexico,FALSE,23,11-25,FALSE,Payments
23271,Ziina,2021,2015-2024,Active,Surviving,United Arab Emirates,FALSE,57,26-100,FALSE,Fintech
23271,Ziina,2021,2015-2024,Active,Surviving,United Arab Emirates,FALSE,57,26-100,FALSE,Consumer Finance
23270,Alokai,2021,2015-2024,Active,Surviving,Poland,FALSE,100,26-100,FALSE,B2B
23270,Alokai,2021,2015-2024,Active,Surviving,Poland,FALSE,100,26-100,FALSE,"Engineering, Product and Design"
23268,Zealth,2021,2015-2024,Active,Surviving,India,FALSE,2,1-5,FALSE,Healthcare
23268,Zealth,2021,2015-2024,Active,Surviving,India,FALSE,2,1-5,FALSE,Healthcare IT
23266,Houm,2021,2015-2024,Active,Surviving,Chile,FALSE,400,101-500,FALSE,Real Estate and Construction
23266,Houm,2021,2015-2024,Active,Surviving,Chile,FALSE,400,101-500,FALSE,Housing and Real Estate
23263,Entelexo Biotherapeutics,2021,2015-2024,Active,Surviving,USA,TRUE,3,1-5,FALSE,Healthcare
23263,Entelexo Biotherapeutics,2021,2015-2024,Active,Surviving,USA,TRUE,3,1-5,FALSE,Therapeutics
23261,Morada Uno,2021,2015-2024,Active,Surviving,Mexico,FALSE,150,101-500,FALSE,Real Estate and Construction
23261,Morada Uno,2021,2015-2024,Active,Surviving,Mexico,FALSE,150,101-500,FALSE,Housing and Real Estate
23260,Z1,2021,2015-2024,Active,Surviving,Brazil,FALSE,80,26-100,FALSE,Fintech
23260,Z1,2021,2015-2024,Active,Surviving,Brazil,FALSE,80,26-100,FALSE,Consumer Finance
23259,Haystack,2021,2015-2024,Active,Surviving,USA,TRUE,6,6-10,FALSE,B2B
23259,Haystack,2021,2015-2024,Active,Surviving,USA,TRUE,6,6-10,FALSE,"Engineering, Product and Design"
23240,Mendel,2021,2015-2024,Active,Surviving,Mexico,FALSE,5,1-5,FALSE,Fintech
23240,Mendel,2021,2015-2024,Active,Surviving,Mexico,FALSE,5,1-5,FALSE,Banking and Exchange
23238,Ontop,2021,2015-2024,Active,Surviving,USA,TRUE,192,101-500,FALSE,B2B
23236,Stayflexi,2021,2015-2024,Active,Surviving,USA,TRUE,58,26-100,FALSE,B2B
23226,Soraban,2021,2015-2024,Active,Surviving,USA,TRUE,50,26-100,FALSE,B2B
23226,Soraban,2021,2015-2024,Active,Surviving,USA,TRUE,50,26-100,FALSE,Finance and Accounting
23220,Lamar Health,2021,2015-2024,Active,Surviving,USA,TRUE,15,11-25,FALSE,Healthcare
23220,Lamar Health,2021,2015-2024,Active,Surviving,USA,TRUE,15,11-25,FALSE,Healthcare IT
23200,Compose.ai,2021,2015-2024,Active,Surviving,USA,TRUE,7,6-10,FALSE,B2B
23200,Compose.ai,2021,2015-2024,Active,Surviving,USA,TRUE,7,6-10,FALSE,Productivity
23193,Manara,2021,2015-2024,Active,Surviving,USA,TRUE,10,6-10,FALSE,B2B
23193,Manara,2021,2015-2024,Active,Surviving,USA,TRUE,10,6-10,FALSE,Recruiting and Talent
23191,Venu AI,2021,2015-2024,Active,Surviving,USA,TRUE,5,1-5,FALSE,B2B
23190,Biodock,2021,2015-2024,Active,Surviving,USA,TRUE,8,6-10,FALSE,Healthcare
23190,Biodock,2021,2015-2024,Active,Surviving,USA,TRUE,8,6-10,FALSE,Therapeutics
23186,Camp,2021,2015-2024,Active,Surviving,USA,TRUE,3,1-5,FALSE,Consumer
23175,Betterhalf,2021,2015-2024,Active,Surviving,India,FALSE,25,11-25,FALSE,Consumer
23175,Betterhalf,2021,2015-2024,Active,Surviving,India,FALSE,25,11-25,FALSE,Social
23174,Feroot Security,2021,2015-2024,Active,Surviving,Canada,FALSE,24,11-25,FALSE,B2B
23174,Feroot Security,2021,2015-2024,Active,Surviving,Canada,FALSE,24,11-25,FALSE,Security
23162,Phoenix,2021,2015-2024,Active,Surviving,Canada,FALSE,70,26-100,FALSE,Healthcare
23162,Phoenix,2021,2015-2024,Active,Surviving,Canada,FALSE,70,26-100,FALSE,Consumer Health and Wellness
23156,ROGER,2021,2015-2024,Active,Surviving,USA,TRUE,4,1-5,FALSE,B2B
23146,Redcliffe Lifetech,2021,2015-2024,Active,Surviving,India,FALSE,3500,500+,FALSE,Healthcare
23146,Redcliffe Lifetech,2021,2015-2024,Active,Surviving,India,FALSE,3500,500+,FALSE,Diagnostics
23139,Seer,2021,2015-2024,Active,Surviving,USA,TRUE,4,1-5,FALSE,B2B
23139,Seer,2021,2015-2024,Active,Surviving,USA,TRUE,4,1-5,FALSE,Retail
23128,FitHub,2021,2015-2024,Active,Surviving,Colombia,FALSE,60,26-100,FALSE,Consumer
23128,FitHub,2021,2015-2024,Active,Surviving,Colombia,FALSE,60,26-100,FALSE,Food and Beverage
23127,Rulebricks,2021,2015-2024,Active,Surviving,USA,TRUE,2,1-5,FALSE,B2B
23127,Rulebricks,2021,2015-2024,Active,Surviving,USA,TRUE,2,1-5,FALSE,Operations
23121,BotBuilt,2021,2015-2024,Active,Surviving,USA,TRUE,8,6-10,FALSE,Industrials
23121,BotBuilt,2021,2015-2024,Active,Surviving,USA,TRUE,8,6-10,FALSE,Manufacturing and Robotics
23105,Reclaim Protocol,2021,2015-2024,Active,Surviving,India,FALSE,26,26-100,FALSE,B2B
23105,Reclaim Protocol,2021,2015-2024,Active,Surviving,India,FALSE,26,26-100,FALSE,Retail
23074,ZOKO,2021,2015-2024,Active,Surviving,India,FALSE,18,11-25,FALSE,B2B
23074,ZOKO,2021,2015-2024,Active,Surviving,India,FALSE,18,11-25,FALSE,Retail
23064,Tint,2021,2015-2024,Active,Surviving,USA,TRUE,40,26-100,FALSE,Fintech
23064,Tint,2021,2015-2024,Active,Surviving,USA,TRUE,40,26-100,FALSE,Insurance
23062,InpharmD,2021,2015-2024,Active,Surviving,USA,TRUE,16,11-25,FALSE,Healthcare
23062,InpharmD,2021,2015-2024,Active,Surviving,USA,TRUE,16,11-25,FALSE,Healthcare Services
23056,Simplify,2021,2015-2024,Active,Surviving,USA,TRUE,5,1-5,FALSE,Consumer
23056,Simplify,2021,2015-2024,Active,Surviving,USA,TRUE,5,1-5,FALSE,Job and Career Services
23054,Unschool,2021,2015-2024,Active,Surviving,India,FALSE,35,26-100,FALSE,Education
23053,Tilt,2021,2015-2024,Active,Surviving,India,FALSE,12,11-25,FALSE,Consumer
23052,Juicy Marbles,2021,2015-2024,Active,Surviving,Slovenia,FALSE,45,26-100,FALSE,Consumer
23052,Juicy Marbles,2021,2015-2024,Active,Surviving,Slovenia,FALSE,45,26-100,FALSE,Food and Beverage
23048,Stoke Space,2021,2015-2024,Active,Surviving,USA,TRUE,305,101-500,FALSE,Industrials
23048,Stoke Space,2021,2015-2024,Active,Surviving,USA,TRUE,305,101-500,FALSE,Aviation and Space
23042,clicOH,2021,2015-2024,Active,Surviving,Argentina,FALSE,155,101-500,FALSE,B2B
23042,clicOH,2021,2015-2024,Active,Surviving,Argentina,FALSE,155,101-500,FALSE,Supply Chain and Logistics
23036,Solo,2021,2015-2024,Active,Surviving,USA,TRUE,25,11-25,FALSE,Fintech
23036,Solo,2021,2015-2024,Active,Surviving,USA,TRUE,25,11-25,FALSE,Consumer Finance
23017,Tractian,2021,2015-2024,Active,Surviving,USA,TRUE,530,500+,FALSE,Industrials
22997,Codingal,2021,2015-2024,Active,Surviving,India,FALSE,60,26-100,FALSE,Education
22996,Resquared,2021,2015-2024,Active,Surviving,USA,TRUE,40,26-100,FALSE,B2B
22996,Resquared,2021,2015-2024,Active,Surviving,USA,TRUE,40,26-100,FALSE,Marketing
22995,Quicknode,2021,2015-2024,Active,Surviving,USA,TRUE,115,101-500,FALSE,B2B
22995,Quicknode,2021,2015-2024,Active,Surviving,USA,TRUE,115,101-500,FALSE,Infrastructure
22991,Topline Pro,2021,2015-2024,Active,Surviving,USA,TRUE,28,26-100,FALSE,B2B
22991,Topline Pro,2021,2015-2024,Active,Surviving,USA,TRUE,28,26-100,FALSE,Operations
22990,QuotaBook,2021,2015-2024,Active,Surviving,South Korea,FALSE,50,26-100,FALSE,B2B
22990,QuotaBook,2021,2015-2024,Active,Surviving,South Korea,FALSE,50,26-100,FALSE,Finance and Accounting
22989,Flextock,2021,2015-2024,Active,Surviving,Egypt,FALSE,10,6-10,FALSE,B2B
22989,Flextock,2021,2015-2024,Active,Surviving,Egypt,FALSE,10,6-10,FALSE,Supply Chain and Logistics
22987,Darrow,2021,2015-2024,Active,Surviving,Israel,FALSE,95,26-100,FALSE,B2B
22987,Darrow,2021,2015-2024,Active,Surviving,Israel,FALSE,95,26-100,FALSE,Legal
22986,SST,2021,2015-2024,Active,Surviving,Canada,FALSE,8,6-10,FALSE,B2B
22986,SST,2021,2015-2024,Active,Surviving,Canada,FALSE,8,6-10,FALSE,Infrastructure
22983,Homebase,2021,2015-2024,Active,Surviving,Vietnam,FALSE,20,11-25,FALSE,Real Estate and Construction
22983,Homebase,2021,2015-2024,Active,Surviving,Vietnam,FALSE,20,11-25,FALSE,Housing and Real Estate
22974,LogisticsOS,2021,2015-2024,Active,Surviving,USA,TRUE,6,6-10,FALSE,B2B
22974,LogisticsOS,2021,2015-2024,Active,Surviving,USA,TRUE,6,6-10,FALSE,Supply Chain and Logistics
22970,Veera Health,2021,2015-2024,Active,Surviving,India,FALSE,4,1-5,FALSE,Healthcare
22970,Veera Health,2021,2015-2024,Active,Surviving,India,FALSE,4,1-5,FALSE,Consumer Health and Wellness
22969,LightTwist,2021,2015-2024,Active,Surviving,USA,TRUE,4,1-5,FALSE,B2B
22969,LightTwist,2021,2015-2024,Active,Surviving,USA,TRUE,4,1-5,FALSE,"Engineering, Product and Design"
22958,Text Blaze,2021,2015-2024,Active,Surviving,USA,TRUE,9,6-10,FALSE,B2B
22958,Text Blaze,2021,2015-2024,Active,Surviving,USA,TRUE,9,6-10,FALSE,Productivity
22957,Sendbox,2021,2015-2024,Active,Surviving,Nigeria,FALSE,25,11-25,FALSE,B2B
22957,Sendbox,2021,2015-2024,Active,Surviving,Nigeria,FALSE,25,11-25,FALSE,Supply Chain and Logistics
22955,Coderhouse,2021,2015-2024,Active,Surviving,Argentina,FALSE,225,101-500,FALSE,Education
22953,Enode,2021,2015-2024,Active,Surviving,Norway,FALSE,40,26-100,FALSE,Industrials
22953,Enode,2021,2015-2024,Active,Surviving,Norway,FALSE,40,26-100,FALSE,Energy
22952,Trela,2021,2015-2024,Active,Surviving,Brazil,FALSE,120,101-500,FALSE,Consumer
22951,Datrics,2021,2015-2024,Active,Surviving,USA,TRUE,22,11-25,FALSE,Healthcare
22947,Great Question,2021,2015-2024,Active,Surviving,USA,TRUE,50,26-100,FALSE,B2B
22947,Great Question,2021,2015-2024,Active,Surviving,USA,TRUE,50,26-100,FALSE,"Engineering, Product and Design"
22942,Hudu,2021,2015-2024,Active,Surviving,USA,TRUE,26,26-100,FALSE,B2B
22942,Hudu,2021,2015-2024,Active,Surviving,USA,TRUE,26,26-100,FALSE,Operations
22935,Aurabeat,2021,2015-2024,Active,Surviving,Hong Kong,FALSE,12,11-25,FALSE,Industrials
22935,Aurabeat,2021,2015-2024,Active,Surviving,Hong Kong,FALSE,12,11-25,FALSE,Energy
22934,Auricle,2021,2015-2024,Active,Surviving,USA,TRUE,2,1-5,FALSE,Healthcare
22934,Auricle,2021,2015-2024,Active,Surviving,USA,TRUE,2,1-5,FALSE,Medical Devices
22906,LiveFlow,2021,2015-2024,Active,Surviving,USA,TRUE,51,26-100,FALSE,B2B
22906,LiveFlow,2021,2015-2024,Active,Surviving,USA,TRUE,51,26-100,FALSE,Finance and Accounting
22905,Remora,2021,2015-2024,Active,Surviving,USA,TRUE,45,26-100,FALSE,Industrials
22905,Remora,2021,2015-2024,Active,Surviving,USA,TRUE,45,26-100,FALSE,Climate
22903,Finary.com,2021,2015-2024,Active,Surviving,France,FALSE,5,1-5,FALSE,Fintech
22903,Finary.com,2021,2015-2024,Active,Surviving,France,FALSE,5,1-5,FALSE,Asset Management
22890,zingbus,2021,2015-2024,Active,Surviving,India,FALSE,40,26-100,FALSE,Consumer
22890,zingbus,2021,2015-2024,Active,Surviving,India,FALSE,40,26-100,FALSE,Transportation Services
22889,Greywing,2021,2015-2024,Active,Surviving,Singapore,FALSE,3,1-5,FALSE,B2B
22889,Greywing,2021,2015-2024,Active,Surviving,Singapore,FALSE,3,1-5,FALSE,Supply Chain and Logistics
22888,GimBooks,2021,2015-2024,Active,Surviving,India,FALSE,16,11-25,FALSE,B2B
22888,GimBooks,2021,2015-2024,Active,Surviving,India,FALSE,16,11-25,FALSE,Finance and Accounting
22885,Measured,2021,2015-2024,Active,Surviving,USA,TRUE,12,11-25,FALSE,Healthcare
22885,Measured,2021,2015-2024,Active,Surviving,USA,TRUE,12,11-25,FALSE,Consumer Health and Wellness
22884,Rinsed,2021,2015-2024,Active,Surviving,USA,TRUE,80,26-100,FALSE,B2B
22882,FirstSupport.ai,2021,2015-2024,Active,Surviving,Indonesia,FALSE,4,1-5,FALSE,B2B
22882,FirstSupport.ai,2021,2015-2024,Active,Surviving,Indonesia,FALSE,4,1-5,FALSE,Operations
22881,BrioHR,2021,2015-2024,Active,Surviving,Malaysia,FALSE,35,26-100,FALSE,B2B
22881,BrioHR,2021,2015-2024,Active,Surviving,Malaysia,FALSE,35,26-100,FALSE,Human Resources
22880,True3D Labs,2021,2015-2024,Active,Surviving,USA,TRUE,4,1-5,FALSE,B2B
22880,True3D Labs,2021,2015-2024,Active,Surviving,USA,TRUE,4,1-5,FALSE,Infrastructure
22879,Fathom,2021,2015-2024,Active,Surviving,USA,TRUE,95,26-100,FALSE,B2B
22879,Fathom,2021,2015-2024,Active,Surviving,USA,TRUE,95,26-100,FALSE,Productivity
22878,Popl,2021,2015-2024,Active,Surviving,USA,TRUE,60,26-100,FALSE,B2B
22876,Hermes Robotics,2021,2015-2024,Active,Surviving,USA,TRUE,5,1-5,FALSE,Industrials
22876,Hermes Robotics,2021,2015-2024,Active,Surviving,USA,TRUE,5,1-5,FALSE,Defense
22870,Care Weather,2021,2015-2024,Active,Surviving,USA,TRUE,2,1-5,FALSE,Industrials
22870,Care Weather,2021,2015-2024,Active,Surviving,USA,TRUE,2,1-5,FALSE,Aviation and Space
22869,Logica,2021,2015-2024,Active,Surviving,USA,TRUE,2,1-5,FALSE,B2B
22869,Logica,2021,2015-2024,Active,Surviving,USA,TRUE,2,1-5,FALSE,Finance and Accounting
22866,Anima,2021,2015-2024,Active,Surviving,United Kingdom,FALSE,20,11-25,FALSE,Healthcare
22861,Pangea.app,2021,2015-2024,Active,Surviving,USA,TRUE,3,1-5,FALSE,B2B
22861,Pangea.app,2021,2015-2024,Active,Surviving,USA,TRUE,3,1-5,FALSE,Recruiting and Talent
22857,Kredi,2021,2015-2024,Active,Surviving,Mexico,FALSE,66,26-100,FALSE,Fintech
22857,Kredi,2021,2015-2024,Active,Surviving,Mexico,FALSE,66,26-100,FALSE,Credit and Lending
22856,weweb.io,2021,2015-2024,Active,Surviving,France,FALSE,12,11-25,FALSE,B2B
22856,weweb.io,2021,2015-2024,Active,Surviving,France,FALSE,12,11-25,FALSE,Operations
22855,Mindee,2021,2015-2024,Active,Surviving,France,FALSE,60,26-100,FALSE,B2B
22855,Mindee,2021,2015-2024,Active,Surviving,France,FALSE,60,26-100,FALSE,"Engineering, Product and Design"
22854,Topkey,2021,2015-2024,Active,Surviving,USA,TRUE,17,11-25,FALSE,B2B
22854,Topkey,2021,2015-2024,Active,Surviving,USA,TRUE,17,11-25,FALSE,Finance and Accounting
22853,Udhaar App,2021,2015-2024,Active,Surviving,Pakistan,FALSE,32,26-100,FALSE,Fintech
22853,Udhaar App,2021,2015-2024,Active,Surviving,Pakistan,FALSE,32,26-100,FALSE,Payments
22850,Quadrant Health,2021,2015-2024,Active,Surviving,USA,TRUE,7,6-10,FALSE,Healthcare
22850,Quadrant Health,2021,2015-2024,Active,Surviving,USA,TRUE,7,6-10,FALSE,Healthcare IT
22844,Kodo,2021,2015-2024,Active,Surviving,India,FALSE,45,26-100,FALSE,Fintech
22844,Kodo,2021,2015-2024,Active,Surviving,India,FALSE,45,26-100,FALSE,Payments
22842,Dashlabs.ai,2021,2015-2024,Active,Surviving,Philippines,FALSE,30,26-100,FALSE,Healthcare
22842,Dashlabs.ai,2021,2015-2024,Active,Surviving,Philippines,FALSE,30,26-100,FALSE,Healthcare IT
22840,Nirva,2021,2015-2024,Active,Surviving,USA,TRUE,5,1-5,FALSE,Healthcare
22840,Nirva,2021,2015-2024,Active,Surviving,USA,TRUE,5,1-5,FALSE,Healthcare Services
22836,Fintoc,2021,2015-2024,Active,Surviving,Chile,FALSE,60,26-100,FALSE,Fintech
22836,Fintoc,2021,2015-2024,Active,Surviving,Chile,FALSE,60,26-100,FALSE,Payments
22835,Vapi,2021,2015-2024,Active,Surviving,USA,TRUE,50,26-100,FALSE,B2B
22835,Vapi,2021,2015-2024,Active,Surviving,USA,TRUE,50,26-100,FALSE,"Engineering, Product and Design"
22834,Alinea,2021,2015-2024,Active,Surviving,USA,TRUE,12,11-25,FALSE,Fintech
22834,Alinea,2021,2015-2024,Active,Surviving,USA,TRUE,12,11-25,FALSE,Consumer Finance
22833,Lendflow,2021,2015-2024,Active,Surviving,USA,TRUE,55,26-100,FALSE,Fintech
22833,Lendflow,2021,2015-2024,Active,Surviving,USA,TRUE,55,26-100,FALSE,Payments
22832,Parsagon,2021,2015-2024,Active,Surviving,USA,TRUE,2,1-5,FALSE,B2B
22829,Camber,2021,2015-2024,Active,Surviving,USA,TRUE,85,26-100,FALSE,Healthcare
22829,Camber,2021,2015-2024,Active,Surviving,USA,TRUE,85,26-100,FALSE,Healthcare IT
22828,Aviron Interactive,2021,2015-2024,Active,Surviving,Canada,FALSE,90,26-100,FALSE,Consumer
22828,Aviron Interactive,2021,2015-2024,Active,Surviving,Canada,FALSE,90,26-100,FALSE,Home and Personal
22826,FifthTry,2021,2015-2024,Active,Surviving,India,FALSE,4,1-5,FALSE,B2B
22826,FifthTry,2021,2015-2024,Active,Surviving,India,FALSE,4,1-5,FALSE,Productivity
22806,Per Diem,2021,2015-2024,Active,Surviving,USA,TRUE,25,11-25,FALSE,B2B
22806,Per Diem,2021,2015-2024,Active,Surviving,USA,TRUE,25,11-25,FALSE,Marketing
22796,Firstbase.io,2021,2015-2024,Active,Surviving,USA,TRUE,50,26-100,FALSE,B2B
22796,Firstbase.io,2021,2015-2024,Active,Surviving,USA,TRUE,50,26-100,FALSE,Operations
22792,Bimaplan,2021,2015-2024,Active,Surviving,India,FALSE,30,26-100,FALSE,Fintech
22792,Bimaplan,2021,2015-2024,Active,Surviving,India,FALSE,30,26-100,FALSE,Insurance
22790,Version Story,2021,2015-2024,Active,Surviving,USA,TRUE,6,6-10,FALSE,B2B
22790,Version Story,2021,2015-2024,Active,Surviving,USA,TRUE,6,6-10,FALSE,Legal
22789,Gridware,2021,2015-2024,Active,Surviving,USA,TRUE,125,101-500,FALSE,Industrials
22789,Gridware,2021,2015-2024,Active,Surviving,USA,TRUE,125,101-500,FALSE,Energy
22787,Expent Inc,2021,2015-2024,Active,Surviving,USA,TRUE,10,6-10,FALSE,B2B
22787,Expent Inc,2021,2015-2024,Active,Surviving,USA,TRUE,10,6-10,FALSE,Operations
22785,Supadock,2021,2015-2024,Active,Surviving,USA,TRUE,1,1-5,FALSE,B2B
22785,Supadock,2021,2015-2024,Active,Surviving,USA,TRUE,1,1-5,FALSE,Supply Chain and Logistics
22782,Terapify,2021,2015-2024,Active,Surviving,Mexico,FALSE,15,11-25,FALSE,Healthcare
22782,Terapify,2021,2015-2024,Active,Surviving,Mexico,FALSE,15,11-25,FALSE,Consumer Health and Wellness
22781,Cyble,2021,2015-2024,Active,Surviving,USA,TRUE,200,101-500,FALSE,B2B
22781,Cyble,2021,2015-2024,Active,Surviving,USA,TRUE,200,101-500,FALSE,Security
22779,Axle Health,2021,2015-2024,Active,Surviving,USA,TRUE,14,11-25,FALSE,Healthcare
22779,Axle Health,2021,2015-2024,Active,Surviving,USA,TRUE,14,11-25,FALSE,Healthcare IT
22777,Gradia Health,2021,2015-2024,Active,Surviving,USA,TRUE,7,6-10,FALSE,Healthcare
22777,Gradia Health,2021,2015-2024,Active,Surviving,USA,TRUE,7,6-10,FALSE,Healthcare IT
22776,Sivo,2021,2015-2024,Active,Surviving,USA,TRUE,15,11-25,FALSE,Fintech
22776,Sivo,2021,2015-2024,Active,Surviving,USA,TRUE,15,11-25,FALSE,Credit and Lending
22772,Prequel,2021,2015-2024,Active,Surviving,USA,TRUE,9,6-10,FALSE,B2B
22772,Prequel,2021,2015-2024,Active,Surviving,USA,TRUE,9,6-10,FALSE,Analytics
22764,Valink Therapeutics,2021,2015-2024,Active,Surviving,USA,TRUE,15,11-25,FALSE,Healthcare
22764,Valink Therapeutics,2021,2015-2024,Active,Surviving,USA,TRUE,15,11-25,FALSE,Therapeutics
22751,Fractional,2021,2015-2024,Active,Surviving,USA,TRUE,10,6-10,FALSE,Fintech
22745,CashBook,2021,2015-2024,Active,Surviving,India,FALSE,4,1-5,FALSE,B2B
22745,CashBook,2021,2015-2024,Active,Surviving,India,FALSE,4,1-5,FALSE,Finance and Accounting
22744,Encord,2021,2015-2024,Active,Surviving,United Kingdom,FALSE,150,101-500,FALSE,B2B
22744,Encord,2021,2015-2024,Active,Surviving,United Kingdom,FALSE,150,101-500,FALSE,Infrastructure
22742,Axiom.ai,2021,2015-2024,Active,Surviving,United Kingdom,FALSE,8,6-10,FALSE,B2B
22742,Axiom.ai,2021,2015-2024,Active,Surviving,United Kingdom,FALSE,8,6-10,FALSE,Operations
22738,Pragmatic Leaders (Ankai Inc),2021,2015-2024,Active,Surviving,India,FALSE,10,6-10,FALSE,B2B
22722,Pesto,2021,2015-2024,Active,Surviving,USA,TRUE,8,6-10,FALSE,Fintech
22722,Pesto,2021,2015-2024,Active,Surviving,USA,TRUE,8,6-10,FALSE,Credit and Lending
22720,Smartcuts,2021,2015-2024,Active,Surviving,USA,TRUE,3,1-5,FALSE,B2B
22720,Smartcuts,2021,2015-2024,Active,Surviving,USA,TRUE,3,1-5,FALSE,Productivity
22719,Weekday,2021,2015-2024,Active,Surviving,India,FALSE,38,26-100,FALSE,B2B
22719,Weekday,2021,2015-2024,Active,Surviving,India,FALSE,38,26-100,FALSE,Recruiting and Talent
22717,Avocado,2021,2015-2024,Active,Surviving,USA,TRUE,4,1-5,FALSE,B2B
22717,Avocado,2021,2015-2024,Active,Surviving,USA,TRUE,4,1-5,FALSE,Retail
22715,Tupelo,2021,2015-2024,Active,Surviving,USA,TRUE,2,1-5,FALSE,B2B
22715,Tupelo,2021,2015-2024,Active,Surviving,USA,TRUE,2,1-5,FALSE,Finance and Accounting
22713,SpruceID,2021,2015-2024,Active,Surviving,USA,TRUE,25,11-25,FALSE,Government
22708,Flux Auto,2021,2015-2024,Active,Surviving,USA,TRUE,56,26-100,FALSE,Industrials
22708,Flux Auto,2021,2015-2024,Active,Surviving,USA,TRUE,56,26-100,FALSE,Manufacturing and Robotics
22707,Wyndly,2021,2015-2024,Active,Surviving,USA,TRUE,10,6-10,FALSE,Healthcare
22707,Wyndly,2021,2015-2024,Active,Surviving,USA,TRUE,10,6-10,FALSE,Consumer Health and Wellness
22706,Curvenote,2021,2015-2024,Active,Surviving,Canada,FALSE,3,1-5,FALSE,Healthcare
22706,Curvenote,2021,2015-2024,Active,Surviving,Canada,FALSE,3,1-5,FALSE,Healthcare IT
22703,Bluelight,2021,2015-2024,Active,Surviving,USA,TRUE,3,1-5,FALSE,B2B
22703,Bluelight,2021,2015-2024,Active,Surviving,USA,TRUE,3,1-5,FALSE,Analytics
22702,"Gerald Technologies, Inc",2021,2015-2024,Active,Surviving,USA,TRUE,12,11-25,FALSE,Fintech
22700,Moichor,2021,2015-2024,Active,Surviving,USA,TRUE,29,26-100,FALSE,Healthcare
22700,Moichor,2021,2015-2024,Active,Surviving,USA,TRUE,29,26-100,FALSE,Diagnostics
22699,Nourish,2021,2015-2024,Active,Surviving,USA,TRUE,250,101-500,FALSE,Healthcare
22693,Lion Pose,2021,2015-2024,Active,Surviving,USA,TRUE,3,1-5,FALSE,Consumer
22681,Pibit.ai,2021,2015-2024,Active,Surviving,USA,TRUE,116,101-500,FALSE,Fintech
22681,Pibit.ai,2021,2015-2024,Active,Surviving,USA,TRUE,116,101-500,FALSE,Insurance
22677,GroMo,2021,2015-2024,Active,Surviving,India,FALSE,100,26-100,FALSE,Fintech
22676,ModernLoop,2021,2015-2024,Active,Surviving,USA,TRUE,15,11-25,FALSE,B2B
22676,ModernLoop,2021,2015-2024,Active,Surviving,USA,TRUE,15,11-25,FALSE,Recruiting and Talent
22674,arnata,2021,2015-2024,Active,Surviving,USA,TRUE,15,11-25,FALSE,B2B
22674,arnata,2021,2015-2024,Active,Surviving,USA,TRUE,15,11-25,FALSE,Supply Chain and Logistics
22671,SigNoz,2021,2015-2024,Active,Surviving,USA,TRUE,38,26-100,FALSE,B2B
22671,SigNoz,2021,2015-2024,Active,Surviving,USA,TRUE,38,26-100,FALSE,Infrastructure
22670,PowerRouter,2021,2015-2024,Active,Surviving,USA,TRUE,3,1-5,FALSE,B2B
22670,PowerRouter,2021,2015-2024,Active,Surviving,USA,TRUE,3,1-5,FALSE,Sales
22668,Hapi,2021,2015-2024,Active,Surviving,NA,FALSE,45,26-100,FALSE,Fintech
22668,Hapi,2021,2015-2024,Active,Surviving,NA,FALSE,45,26-100,FALSE,Consumer Finance
22666,Spokn,2021,2015-2024,Active,Surviving,USA,TRUE,20,11-25,FALSE,B2B
22666,Spokn,2021,2015-2024,Active,Surviving,USA,TRUE,20,11-25,FALSE,Operations
22665,Waypoint,2021,2015-2024,Active,Surviving,United States,TRUE,NA,NA,FALSE,B2B
22663,MedMe Health,2021,2015-2024,Active,Surviving,Canada,FALSE,60,26-100,FALSE,Healthcare
22663,MedMe Health,2021,2015-2024,Active,Surviving,Canada,FALSE,60,26-100,FALSE,Healthcare IT
22662,Taloflow,2021,2015-2024,Active,Surviving,USA,TRUE,4,1-5,FALSE,B2B
22662,Taloflow,2021,2015-2024,Active,Surviving,USA,TRUE,4,1-5,FALSE,"Engineering, Product and Design"
22660,RocketSDR,2021,2015-2024,Active,Surviving,India,FALSE,30,26-100,FALSE,B2B
22660,RocketSDR,2021,2015-2024,Active,Surviving,India,FALSE,30,26-100,FALSE,Sales
22659,Lygg,2021,2015-2024,Active,Surviving,USA,TRUE,1,1-5,FALSE,Consumer
22659,Lygg,2021,2015-2024,Active,Surviving,USA,TRUE,1,1-5,FALSE,Apparel and Cosmetics
22658,Howdy.com,2021,2015-2024,Active,Surviving,USA,TRUE,140,101-500,FALSE,B2B
22658,Howdy.com,2021,2015-2024,Active,Surviving,USA,TRUE,140,101-500,FALSE,Recruiting and Talent
22656,DreamWorld,2021,2015-2024,Active,Surviving,USA,TRUE,30,26-100,FALSE,Consumer
22656,DreamWorld,2021,2015-2024,Active,Surviving,USA,TRUE,30,26-100,FALSE,Gaming
22640,Albedo,2021,2015-2024,Active,Surviving,USA,TRUE,55,26-100,FALSE,Industrials
22640,Albedo,2021,2015-2024,Active,Surviving,USA,TRUE,55,26-100,FALSE,Aviation and Space
22638,Humaans,2021,2015-2024,Active,Surviving,United Kingdom,FALSE,48,26-100,FALSE,B2B
22638,Humaans,2021,2015-2024,Active,Surviving,United Kingdom,FALSE,48,26-100,FALSE,Human Resources
22632,authzed,2021,2015-2024,Active,Surviving,USA,TRUE,31,26-100,FALSE,B2B
22632,authzed,2021,2015-2024,Active,Surviving,USA,TRUE,31,26-100,FALSE,"Engineering, Product and Design"
22630,Alba Orbital,2021,2015-2024,Active,Surviving,United Kingdom,FALSE,10,6-10,FALSE,Industrials
22630,Alba Orbital,2021,2015-2024,Active,Surviving,United Kingdom,FALSE,10,6-10,FALSE,Aviation and Space
22627,Atomic Industries,2021,2015-2024,Active,Surviving,USA,TRUE,60,26-100,FALSE,Industrials
22627,Atomic Industries,2021,2015-2024,Active,Surviving,USA,TRUE,60,26-100,FALSE,Manufacturing and Robotics
22625,Gaiia,2021,2015-2024,Active,Surviving,USA,TRUE,40,26-100,FALSE,B2B
22625,Gaiia,2021,2015-2024,Active,Surviving,USA,TRUE,40,26-100,FALSE,Operations
22624,The Third Place,2021,2015-2024,Active,Surviving,USA,TRUE,2,1-5,FALSE,B2B
22624,The Third Place,2021,2015-2024,Active,Surviving,USA,TRUE,2,1-5,FALSE,Retail
22618,Trestle Biotherapeutics,2021,2015-2024,Active,Surviving,USA,TRUE,2,1-5,FALSE,Healthcare
22618,Trestle Biotherapeutics,2021,2015-2024,Active,Surviving,USA,TRUE,2,1-5,FALSE,Industrial Bio
22617,Serna Bio,2021,2015-2024,Active,Surviving,USA,TRUE,5,1-5,FALSE,Healthcare
22617,Serna Bio,2021,2015-2024,Active,Surviving,USA,TRUE,5,1-5,FALSE,Therapeutics
22612,Bristle,2021,2015-2024,Active,Surviving,USA,TRUE,6,6-10,FALSE,Healthcare
22612,Bristle,2021,2015-2024,Active,Surviving,USA,TRUE,6,6-10,FALSE,Consumer Health and Wellness
22608,cloud humans,2021,2015-2024,Active,Surviving,Brazil,FALSE,30,26-100,FALSE,B2B
22608,cloud humans,2021,2015-2024,Active,Surviving,Brazil,FALSE,30,26-100,FALSE,Operations
22591,Runway,2021,2015-2024,Active,Surviving,USA,TRUE,18,11-25,FALSE,B2B
22591,Runway,2021,2015-2024,Active,Surviving,USA,TRUE,18,11-25,FALSE,"Engineering, Product and Design"
22581,Atrato,2021,2015-2024,Active,Surviving,Mexico,FALSE,80,26-100,FALSE,Fintech
22581,Atrato,2021,2015-2024,Active,Surviving,Mexico,FALSE,80,26-100,FALSE,Payments
22579,Abacum,2021,2015-2024,Active,Surviving,USA,TRUE,125,101-500,FALSE,B2B
22579,Abacum,2021,2015-2024,Active,Surviving,USA,TRUE,125,101-500,FALSE,Finance and Accounting
22566,Lovd,2021,2015-2024,Active,Surviving,USA,TRUE,4,1-5,FALSE,Consumer
22533,Webiny,2021,2015-2024,Active,Surviving,United Kingdom,FALSE,6,6-10,FALSE,B2B
22533,Webiny,2021,2015-2024,Active,Surviving,United Kingdom,FALSE,6,6-10,FALSE,"Engineering, Product and Design"
23640,eqtble,2021,2015-2024,Acquired,Successful,USA,TRUE,5,1-5,FALSE,B2B
23640,eqtble,2021,2015-2024,Acquired,Successful,USA,TRUE,5,1-5,FALSE,Human Resources
23638,Journey,2021,2015-2024,Acquired,Successful,NA,FALSE,10,6-10,FALSE,B2B
23638,Journey,2021,2015-2024,Acquired,Successful,NA,FALSE,10,6-10,FALSE,Sales
23610,PipeBio,2021,2015-2024,Acquired,Successful,Denmark,FALSE,10,6-10,FALSE,Healthcare
23610,PipeBio,2021,2015-2024,Acquired,Successful,Denmark,FALSE,10,6-10,FALSE,Therapeutics
23423,Awari,2021,2015-2024,Acquired,Successful,Brazil,FALSE,35,26-100,FALSE,Education
23415,Friz,2021,2015-2024,Acquired,Successful,Singapore,FALSE,4,1-5,FALSE,Consumer
23415,Friz,2021,2015-2024,Acquired,Successful,Singapore,FALSE,4,1-5,FALSE,Job and Career Services
23370,Uiflow,2021,2015-2024,Acquired,Successful,USA,TRUE,21,11-25,FALSE,B2B
23370,Uiflow,2021,2015-2024,Acquired,Successful,USA,TRUE,21,11-25,FALSE,"Engineering, Product and Design"
23318,inBalance,2021,2015-2024,Acquired,Successful,USA,TRUE,10,6-10,FALSE,Industrials
23318,inBalance,2021,2015-2024,Acquired,Successful,USA,TRUE,10,6-10,FALSE,Energy
23290,Kitemaker,2021,2015-2024,Acquired,Successful,Norway,FALSE,5,1-5,FALSE,B2B
23290,Kitemaker,2021,2015-2024,Acquired,Successful,Norway,FALSE,5,1-5,FALSE,"Engineering, Product and Design"
23265,Mono,2021,2015-2024,Acquired,Successful,Nigeria,FALSE,10,6-10,FALSE,Fintech
23265,Mono,2021,2015-2024,Acquired,Successful,Nigeria,FALSE,10,6-10,FALSE,Banking and Exchange
23239,Preki,2021,2015-2024,Acquired,Successful,Colombia,FALSE,15,11-25,FALSE,B2B
23229,Pyroscope,2021,2015-2024,Acquired,Successful,USA,TRUE,5,1-5,FALSE,B2B
23229,Pyroscope,2021,2015-2024,Acquired,Successful,USA,TRUE,5,1-5,FALSE,"Engineering, Product and Design"
23167,Worksphere,2021,2015-2024,Acquired,Successful,USA,TRUE,6,6-10,FALSE,B2B
23167,Worksphere,2021,2015-2024,Acquired,Successful,USA,TRUE,6,6-10,FALSE,Operations
23075,TaoFi,2021,2015-2024,Acquired,Successful,USA,TRUE,11,11-25,FALSE,Fintech
23073,unSurvey,2021,2015-2024,Acquired,Successful,USA,TRUE,8,6-10,FALSE,B2B
23073,unSurvey,2021,2015-2024,Acquired,Successful,USA,TRUE,8,6-10,FALSE,"Engineering, Product and Design"
23063,Striga,2021,2015-2024,Acquired,Successful,Estonia,FALSE,14,11-25,FALSE,Fintech
23063,Striga,2021,2015-2024,Acquired,Successful,Estonia,FALSE,14,11-25,FALSE,Payments
23038,Dyte,2021,2015-2024,Acquired,Successful,India,FALSE,45,26-100,FALSE,B2B
23038,Dyte,2021,2015-2024,Acquired,Successful,India,FALSE,45,26-100,FALSE,Infrastructure
23037,Enable Us,2021,2015-2024,Acquired,Successful,USA,TRUE,14,11-25,FALSE,B2B
23037,Enable Us,2021,2015-2024,Acquired,Successful,USA,TRUE,14,11-25,FALSE,Sales
23008,TechBiz,2021,2015-2024,Acquired,Successful,India,FALSE,3,1-5,FALSE,B2B
22985,Partnered,2021,2015-2024,Acquired,Successful,USA,TRUE,2,1-5,FALSE,B2B
22985,Partnered,2021,2015-2024,Acquired,Successful,USA,TRUE,2,1-5,FALSE,Sales
22968,Trendpop,2021,2015-2024,Acquired,Successful,USA,TRUE,10,6-10,FALSE,B2B
22968,Trendpop,2021,2015-2024,Acquired,Successful,USA,TRUE,10,6-10,FALSE,Analytics
22902,Verak,2021,2015-2024,Acquired,Successful,Bengaluru,FALSE,45,26-100,FALSE,Fintech
22902,Verak,2021,2015-2024,Acquired,Successful,Bengaluru,FALSE,45,26-100,FALSE,Insurance
22887,R2,2021,2015-2024,Acquired,Successful,Mexico,FALSE,75,26-100,FALSE,Fintech
22887,R2,2021,2015-2024,Acquired,Successful,Mexico,FALSE,75,26-100,FALSE,Credit and Lending
22875,Roin Technologies,2021,2015-2024,Acquired,Successful,USA,TRUE,3,1-5,FALSE,Industrials
22875,Roin Technologies,2021,2015-2024,Acquired,Successful,USA,TRUE,3,1-5,FALSE,Manufacturing and Robotics
22867,Procoto,2021,2015-2024,Acquired,Successful,USA,TRUE,4,1-5,FALSE,B2B
22867,Procoto,2021,2015-2024,Acquired,Successful,USA,TRUE,4,1-5,FALSE,Finance and Accounting
22843,Orbillion Bio,2021,2015-2024,Acquired,Successful,USA,TRUE,7,6-10,FALSE,Industrials
22843,Orbillion Bio,2021,2015-2024,Acquired,Successful,USA,TRUE,7,6-10,FALSE,Climate
22831,Emerge Tools,2021,2015-2024,Acquired,Successful,USA,TRUE,9,6-10,FALSE,B2B
22831,Emerge Tools,2021,2015-2024,Acquired,Successful,USA,TRUE,9,6-10,FALSE,"Engineering, Product and Design"
22830,Pry Financials,2021,2015-2024,Acquired,Successful,USA,TRUE,7,6-10,FALSE,B2B
22830,Pry Financials,2021,2015-2024,Acquired,Successful,USA,TRUE,7,6-10,FALSE,Finance and Accounting
22827,Promoted.ai,2021,2015-2024,Acquired,Successful,USA,TRUE,12,11-25,FALSE,B2B
22797,OctiFi,2021,2015-2024,Acquired,Successful,Singapore,FALSE,11,11-25,FALSE,Fintech
22797,OctiFi,2021,2015-2024,Acquired,Successful,Singapore,FALSE,11,11-25,FALSE,Consumer Finance
22791,Bueno Finance,2021,2015-2024,Acquired,Successful,India,FALSE,18,11-25,FALSE,Fintech
22791,Bueno Finance,2021,2015-2024,Acquired,Successful,India,FALSE,18,11-25,FALSE,Credit and Lending
22788,FunctionUp (FanPlay),2021,2015-2024,Acquired,Successful,India,FALSE,20,11-25,FALSE,Education
22778,HyperGlue,2021,2015-2024,Acquired,Successful,USA,TRUE,5,1-5,FALSE,B2B
22778,HyperGlue,2021,2015-2024,Acquired,Successful,USA,TRUE,5,1-5,FALSE,Analytics
22774,Flok,2021,2015-2024,Acquired,Successful,USA,TRUE,5,1-5,FALSE,B2B
22771,Avenue,2021,2015-2024,Acquired,Successful,USA,TRUE,8,6-10,FALSE,B2B
22771,Avenue,2021,2015-2024,Acquired,Successful,USA,TRUE,8,6-10,FALSE,Operations
22752,ClipDrop,2021,2015-2024,Acquired,Successful,France,FALSE,5,1-5,FALSE,Consumer
22752,ClipDrop,2021,2015-2024,Acquired,Successful,France,FALSE,5,1-5,FALSE,Content
22750,PingPong,2021,2015-2024,Acquired,Successful,USA,TRUE,8,6-10,FALSE,B2B
22750,PingPong,2021,2015-2024,Acquired,Successful,USA,TRUE,8,6-10,FALSE,Productivity
22743,Segments.ai,2021,2015-2024,Acquired,Successful,Belgium,FALSE,8,6-10,FALSE,B2B
22743,Segments.ai,2021,2015-2024,Acquired,Successful,Belgium,FALSE,8,6-10,FALSE,"Engineering, Product and Design"
22741,Laudspeaker,2021,2015-2024,Acquired,Successful,USA,TRUE,3,1-5,FALSE,B2B
22741,Laudspeaker,2021,2015-2024,Acquired,Successful,USA,TRUE,3,1-5,FALSE,Marketing
22714,Fountain9,2021,2015-2024,Acquired,Successful,USA,TRUE,8,6-10,FALSE,B2B
22714,Fountain9,2021,2015-2024,Acquired,Successful,USA,TRUE,8,6-10,FALSE,Retail
22695,Furmacy,2021,2015-2024,Acquired,Successful,USA,TRUE,5,1-5,FALSE,Healthcare
22695,Furmacy,2021,2015-2024,Acquired,Successful,USA,TRUE,5,1-5,FALSE,Healthcare IT
22669,Stacksi,2021,2015-2024,Acquired,Successful,USA,TRUE,4,1-5,FALSE,B2B
22669,Stacksi,2021,2015-2024,Acquired,Successful,USA,TRUE,4,1-5,FALSE,Security
22667,Finley,2021,2015-2024,Acquired,Successful,USA,TRUE,32,26-100,FALSE,Fintech
22667,Finley,2021,2015-2024,Acquired,Successful,USA,TRUE,32,26-100,FALSE,Credit and Lending
23630,Alltruists,2021,2015-2024,Inactive,Failed,USA,TRUE,1,1-5,FALSE,Consumer
23630,Alltruists,2021,2015-2024,Inactive,Failed,USA,TRUE,1,1-5,FALSE,Job and Career Services
23521,MindPortal,2021,2015-2024,Inactive,Failed,United Kingdom,FALSE,10,6-10,FALSE,Consumer
23521,MindPortal,2021,2015-2024,Inactive,Failed,United Kingdom,FALSE,10,6-10,FALSE,Consumer Electronics
23518,MeetAnyway,2021,2015-2024,Inactive,Failed,Germany,FALSE,3,1-5,FALSE,B2B
23518,MeetAnyway,2021,2015-2024,Inactive,Failed,Germany,FALSE,3,1-5,FALSE,Operations
23515,Avion School,2021,2015-2024,Inactive,Failed,Philippines,FALSE,4,1-5,FALSE,Education
23462,boitas.com,2021,2015-2024,Inactive,Failed,Mexico,FALSE,35,26-100,FALSE,B2B
23462,boitas.com,2021,2015-2024,Inactive,Failed,Mexico,FALSE,35,26-100,FALSE,Retail
23461,Outfit,2021,2015-2024,Inactive,Failed,USA,TRUE,1,1-5,FALSE,Consumer
23461,Outfit,2021,2015-2024,Inactive,Failed,USA,TRUE,1,1-5,FALSE,Home and Personal
23445,Blink,2021,2015-2024,Inactive,Failed,Italy,FALSE,5,1-5,FALSE,Industrials
23445,Blink,2021,2015-2024,Inactive,Failed,Italy,FALSE,5,1-5,FALSE,Automotive
23437,Mezli,2021,2015-2024,Inactive,Failed,USA,TRUE,8,6-10,FALSE,Consumer
23437,Mezli,2021,2015-2024,Inactive,Failed,USA,TRUE,8,6-10,FALSE,Food and Beverage
23435,Cheqout,2021,2015-2024,Inactive,Failed,USA,TRUE,6,6-10,FALSE,Fintech
23435,Cheqout,2021,2015-2024,Inactive,Failed,USA,TRUE,6,6-10,FALSE,Payments
23400,Dressd,2021,2015-2024,Inactive,Failed,USA,TRUE,1,1-5,FALSE,Consumer
23400,Dressd,2021,2015-2024,Inactive,Failed,USA,TRUE,1,1-5,FALSE,Apparel and Cosmetics
23305,Galaxy,2021,2015-2024,Inactive,Failed,USA,TRUE,2,1-5,FALSE,B2B
23305,Galaxy,2021,2015-2024,Inactive,Failed,USA,TRUE,2,1-5,FALSE,Infrastructure
23304,Moonshot Brands,2021,2015-2024,Inactive,Failed,USA,TRUE,35,26-100,FALSE,Fintech
23304,Moonshot Brands,2021,2015-2024,Inactive,Failed,USA,TRUE,35,26-100,FALSE,Asset Management
23303,Dataherald,2021,2015-2024,Inactive,Failed,USA,TRUE,18,11-25,FALSE,B2B
23278,Prendea,2021,2015-2024,Inactive,Failed,Peru,FALSE,5,1-5,FALSE,Education
23276,Codeball,2021,2015-2024,Inactive,Failed,Sweden,FALSE,3,1-5,FALSE,B2B
23276,Codeball,2021,2015-2024,Inactive,Failed,Sweden,FALSE,3,1-5,FALSE,"Engineering, Product and Design"
23269,Lunatic,2021,2015-2024,Inactive,Failed,Austria,FALSE,2,1-5,FALSE,B2B
23269,Lunatic,2021,2015-2024,Inactive,Failed,Austria,FALSE,2,1-5,FALSE,"Engineering, Product and Design"
23264,Eat Blueprint,2021,2015-2024,Inactive,Failed,USA,TRUE,2,1-5,FALSE,Consumer
23264,Eat Blueprint,2021,2015-2024,Inactive,Failed,USA,TRUE,2,1-5,FALSE,Food and Beverage
23242,HomeBreeze,2021,2015-2024,Inactive,Failed,USA,TRUE,40,26-100,FALSE,Consumer
23242,HomeBreeze,2021,2015-2024,Inactive,Failed,USA,TRUE,40,26-100,FALSE,Home and Personal
23189,Fable,2021,2015-2024,Inactive,Failed,USA,TRUE,2,1-5,FALSE,B2B
23189,Fable,2021,2015-2024,Inactive,Failed,USA,TRUE,2,1-5,FALSE,"Engineering, Product and Design"
23185,Mythia,2021,2015-2024,Inactive,Failed,USA,TRUE,0,NA,FALSE,Fintech
23096,Aerotime,2021,2015-2024,Inactive,Failed,USA,TRUE,6,6-10,FALSE,B2B
23096,Aerotime,2021,2015-2024,Inactive,Failed,USA,TRUE,6,6-10,FALSE,Productivity
23085,Launcher Labs,2021,2015-2024,Inactive,Failed,USA,TRUE,4,1-5,FALSE,Consumer
23084,Taste,2021,2015-2024,Inactive,Failed,USA,TRUE,2,1-5,FALSE,Consumer
23084,Taste,2021,2015-2024,Inactive,Failed,USA,TRUE,2,1-5,FALSE,Food and Beverage
23065,Finantier,2021,2015-2024,Inactive,Failed,Singapore,FALSE,40,26-100,FALSE,Fintech
23065,Finantier,2021,2015-2024,Inactive,Failed,Singapore,FALSE,40,26-100,FALSE,Banking and Exchange
23050,Milk Video,2021,2015-2024,Inactive,Failed,USA,TRUE,2,1-5,FALSE,B2B
23050,Milk Video,2021,2015-2024,Inactive,Failed,USA,TRUE,2,1-5,FALSE,Marketing
23041,Platypus,2021,2015-2024,Inactive,Failed,USA,TRUE,3,1-5,FALSE,B2B
23000,Nimbus,2021,2015-2024,Inactive,Failed,USA,TRUE,3,1-5,FALSE,B2B
23000,Nimbus,2021,2015-2024,Inactive,Failed,USA,TRUE,3,1-5,FALSE,Infrastructure
22975,Noble,2021,2015-2024,Inactive,Failed,Israel,FALSE,12,11-25,FALSE,B2B
22975,Noble,2021,2015-2024,Inactive,Failed,Israel,FALSE,12,11-25,FALSE,Finance and Accounting
22948,MarcoPolo,2021,2015-2024,Inactive,Failed,Mexico,FALSE,0,NA,FALSE,B2B
22948,MarcoPolo,2021,2015-2024,Inactive,Failed,Mexico,FALSE,0,NA,FALSE,Operations
22944,Invoid,2021,2015-2024,Inactive,Failed,India,FALSE,15,11-25,FALSE,B2B
22883,Purpose Finance,2021,2015-2024,Inactive,Failed,USA,TRUE,3,1-5,FALSE,Fintech
22883,Purpose Finance,2021,2015-2024,Inactive,Failed,USA,TRUE,3,1-5,FALSE,Banking and Exchange
22846,Lalabox,2021,2015-2024,Inactive,Failed,USA,TRUE,4,1-5,FALSE,Consumer
22846,Lalabox,2021,2015-2024,Inactive,Failed,USA,TRUE,4,1-5,FALSE,Content
22841,ControlHub,2021,2015-2024,Inactive,Failed,NA,FALSE,22,11-25,FALSE,B2B
22841,ControlHub,2021,2015-2024,Inactive,Failed,NA,FALSE,22,11-25,FALSE,Finance and Accounting
22823,June,2021,2015-2024,Inactive,Failed,USA,TRUE,6,6-10,FALSE,B2B
22823,June,2021,2015-2024,Inactive,Failed,USA,TRUE,6,6-10,FALSE,Analytics
22786,Faction,2021,2015-2024,Inactive,Failed,USA,TRUE,25,11-25,FALSE,Industrials
22786,Faction,2021,2015-2024,Inactive,Failed,USA,TRUE,25,11-25,FALSE,Automotive
22784,Huddlefire,2021,2015-2024,Inactive,Failed,USA,TRUE,2,1-5,FALSE,B2B
22784,Huddlefire,2021,2015-2024,Inactive,Failed,USA,TRUE,2,1-5,FALSE,Marketing
22783,YourQuote,2021,2015-2024,Inactive,Failed,India,FALSE,9,6-10,FALSE,Consumer
22783,YourQuote,2021,2015-2024,Inactive,Failed,India,FALSE,9,6-10,FALSE,Content
22780,Noya,2021,2015-2024,Inactive,Failed,USA,TRUE,7,6-10,FALSE,Industrials
22780,Noya,2021,2015-2024,Inactive,Failed,USA,TRUE,7,6-10,FALSE,Climate
22775,Charge Running,2021,2015-2024,Inactive,Failed,USA,TRUE,3,1-5,FALSE,Consumer
22775,Charge Running,2021,2015-2024,Inactive,Failed,USA,TRUE,3,1-5,FALSE,Home and Personal
22773,noHQ,2021,2015-2024,Inactive,Failed,USA,TRUE,2,1-5,FALSE,B2B
22773,noHQ,2021,2015-2024,Inactive,Failed,USA,TRUE,2,1-5,FALSE,Human Resources
22755,Finary,2021,2015-2024,Inactive,Failed,USA,TRUE,6,6-10,FALSE,Fintech
22755,Finary,2021,2015-2024,Inactive,Failed,USA,TRUE,6,6-10,FALSE,Asset Management
22718,BeWell Digital,2021,2015-2024,Inactive,Failed,India,FALSE,2,1-5,FALSE,Healthcare
22718,BeWell Digital,2021,2015-2024,Inactive,Failed,India,FALSE,2,1-5,FALSE,Healthcare IT
22712,GoBuild (fka Brick),2021,2015-2024,Inactive,Failed,USA,TRUE,18,11-25,FALSE,Fintech
22712,GoBuild (fka Brick),2021,2015-2024,Inactive,Failed,USA,TRUE,18,11-25,FALSE,Credit and Lending
22711,Clay,2021,2015-2024,Inactive,Failed,NA,FALSE,5,1-5,FALSE,B2B
22711,Clay,2021,2015-2024,Inactive,Failed,NA,FALSE,5,1-5,FALSE,"Engineering, Product and Design"
22710,CoVerified,2021,2015-2024,Inactive,Failed,USA,TRUE,9,6-10,FALSE,Healthcare
22710,CoVerified,2021,2015-2024,Inactive,Failed,USA,TRUE,9,6-10,FALSE,Healthcare IT
22709,Krab,2021,2015-2024,Inactive,Failed,India,FALSE,9,6-10,FALSE,Fintech
22709,Krab,2021,2015-2024,Inactive,Failed,India,FALSE,9,6-10,FALSE,Credit and Lending
22705,JoinSub,2021,2015-2024,Inactive,Failed,India,FALSE,8,6-10,FALSE,Fintech
22705,JoinSub,2021,2015-2024,Inactive,Failed,India,FALSE,8,6-10,FALSE,Payments
22704,Triplit,2021,2015-2024,Inactive,Failed,NA,FALSE,3,1-5,FALSE,B2B
22704,Triplit,2021,2015-2024,Inactive,Failed,NA,FALSE,3,1-5,FALSE,"Engineering, Product and Design"
22701,Queenly,2021,2015-2024,Inactive,Failed,USA,TRUE,13,11-25,FALSE,Consumer
22701,Queenly,2021,2015-2024,Inactive,Failed,USA,TRUE,13,11-25,FALSE,Apparel and Cosmetics
22698,Observa,2021,2015-2024,Inactive,Failed,NA,FALSE,1,1-5,FALSE,B2B
22698,Observa,2021,2015-2024,Inactive,Failed,NA,FALSE,1,1-5,FALSE,Security
22696,SlashAuth,2021,2015-2024,Inactive,Failed,USA,TRUE,3,1-5,FALSE,B2B
22696,SlashAuth,2021,2015-2024,Inactive,Failed,USA,TRUE,3,1-5,FALSE,Infrastructure
22675,Unfurl,2021,2015-2024,Inactive,Failed,USA,TRUE,20,11-25,FALSE,Consumer
22675,Unfurl,2021,2015-2024,Inactive,Failed,USA,TRUE,20,11-25,FALSE,Food and Beverage
22673,Gigs Live,2021,2015-2024,Inactive,Failed,USA,TRUE,3,1-5,FALSE,Consumer
22672,Pensil,2021,2015-2024,Inactive,Failed,India,FALSE,4,1-5,FALSE,B2B
22672,Pensil,2021,2015-2024,Inactive,Failed,India,FALSE,4,1-5,FALSE,"Engineering, Product and Design"
22664,SBX Robotics,2021,2015-2024,Inactive,Failed,Canada,FALSE,5,1-5,FALSE,B2B
22664,SBX Robotics,2021,2015-2024,Inactive,Failed,Canada,FALSE,5,1-5,FALSE,"Engineering, Product and Design"
22661,Quadrant Eye,2021,2015-2024,Inactive,Failed,USA,TRUE,4,1-5,FALSE,Healthcare
22661,Quadrant Eye,2021,2015-2024,Inactive,Failed,USA,TRUE,4,1-5,FALSE,Medical Devices
22652,Playmaker,2021,2015-2024,Inactive,Failed,Denmark,FALSE,5,1-5,FALSE,Consumer
22652,Playmaker,2021,2015-2024,Inactive,Failed,Denmark,FALSE,5,1-5,FALSE,Content
22600,Neverland,2021,2015-2024,Inactive,Failed,USA,TRUE,2,1-5,FALSE,Consumer
22600,Neverland,2021,2015-2024,Inactive,Failed,USA,TRUE,2,1-5,FALSE,Home and Personal
22565,Gonddo,2021,2015-2024,Inactive,Failed,Brazil,FALSE,6,6-10,FALSE,B2B
22565,Gonddo,2021,2015-2024,Inactive,Failed,Brazil,FALSE,6,6-10,FALSE,Retail
22470,Degrees of Freedom,2021,2015-2024,Inactive,Failed,USA,TRUE,7,6-10,FALSE,Education
28425,Pando Bioscience,2023,2015-2024,Active,Surviving,USA,TRUE,5,1-5,FALSE,Healthcare
28425,Pando Bioscience,2023,2015-2024,Active,Surviving,USA,TRUE,5,1-5,FALSE,Industrial Bio
28421,Metal,2023,2015-2024,Active,Surviving,USA,TRUE,21,11-25,FALSE,B2B
28418,Vaero,2023,2015-2024,Active,Surviving,USA,TRUE,1,1-5,FALSE,Consumer
28417,Yuma AI,2023,2015-2024,Active,Surviving,USA,TRUE,26,26-100,FALSE,B2B
28417,Yuma AI,2023,2015-2024,Active,Surviving,USA,TRUE,26,26-100,FALSE,Operations
28416,Pierre,2023,2015-2024,Active,Surviving,USA,TRUE,10,6-10,FALSE,B2B
28416,Pierre,2023,2015-2024,Active,Surviving,USA,TRUE,10,6-10,FALSE,"Engineering, Product and Design"
28414,Automat,2023,2015-2024,Active,Surviving,USA,TRUE,NA,NA,FALSE,B2B
28414,Automat,2023,2015-2024,Active,Surviving,USA,TRUE,NA,NA,FALSE,Operations
28413,SpecCheck,2023,2015-2024,Active,Surviving,USA,TRUE,5,1-5,FALSE,B2B
28412,Speedy Labs,2023,2015-2024,Active,Surviving,NA,FALSE,8,6-10,FALSE,B2B
28412,Speedy Labs,2023,2015-2024,Active,Surviving,NA,FALSE,8,6-10,FALSE,Finance and Accounting
28410,Finta,2023,2015-2024,Active,Surviving,USA,TRUE,2,1-5,FALSE,B2B
28410,Finta,2023,2015-2024,Active,Surviving,USA,TRUE,2,1-5,FALSE,Finance and Accounting
28409,LiteLLM,2023,2015-2024,Active,Surviving,,FALSE,10,6-10,FALSE,B2B
28382,Theya,2023,2015-2024,Active,Surviving,USA,TRUE,3,1-5,FALSE,Fintech
28382,Theya,2023,2015-2024,Active,Surviving,USA,TRUE,3,1-5,FALSE,Consumer Finance
28371,Fetchr,2023,2015-2024,Active,Surviving,USA,TRUE,4,1-5,FALSE,Consumer
28371,Fetchr,2023,2015-2024,Active,Surviving,USA,TRUE,4,1-5,FALSE,Apparel and Cosmetics
28369,Warp,2023,2015-2024,Active,Surviving,USA,TRUE,40,26-100,FALSE,B2B
28367,Adri AI,2023,2015-2024,Active,Surviving,USA,TRUE,2,1-5,FALSE,B2B
28367,Adri AI,2023,2015-2024,Active,Surviving,USA,TRUE,2,1-5,FALSE,Security
28366,Vendora,2023,2015-2024,Active,Surviving,USA,TRUE,4,1-5,FALSE,B2B
28366,Vendora,2023,2015-2024,Active,Surviving,USA,TRUE,4,1-5,FALSE,Retail
28361,Lightski,2023,2015-2024,Active,Surviving,USA,TRUE,1,1-5,FALSE,B2B
28361,Lightski,2023,2015-2024,Active,Surviving,USA,TRUE,1,1-5,FALSE,"Engineering, Product and Design"
28329,Type,2023,2015-2024,Active,Surviving,USA,TRUE,4,1-5,FALSE,Consumer
28329,Type,2023,2015-2024,Active,Surviving,USA,TRUE,4,1-5,FALSE,Content
28303,Social Radar,2023,2015-2024,Active,Surviving,USA,TRUE,3,1-5,FALSE,B2B
28303,Social Radar,2023,2015-2024,Active,Surviving,USA,TRUE,3,1-5,FALSE,"Engineering, Product and Design"
28301,Persana AI,2023,2015-2024,Active,Surviving,USA,TRUE,2,1-5,FALSE,B2B
28301,Persana AI,2023,2015-2024,Active,Surviving,USA,TRUE,2,1-5,FALSE,Sales
28218,Kyber,2023,2015-2024,Active,Surviving,USA,TRUE,5,1-5,FALSE,B2B
28218,Kyber,2023,2015-2024,Active,Surviving,USA,TRUE,5,1-5,FALSE,Operations
28216,Escape,2023,2015-2024,Active,Surviving,USA,TRUE,29,26-100,FALSE,B2B
28216,Escape,2023,2015-2024,Active,Surviving,USA,TRUE,29,26-100,FALSE,Security
28214,Atmeto,2023,2015-2024,Active,Surviving,USA,TRUE,3,1-5,FALSE,Industrials
28214,Atmeto,2023,2015-2024,Active,Surviving,USA,TRUE,3,1-5,FALSE,Energy
28205,Modulari-T,2023,2015-2024,Active,Surviving,Canada,FALSE,4,1-5,FALSE,Healthcare
28205,Modulari-T,2023,2015-2024,Active,Surviving,Canada,FALSE,4,1-5,FALSE,Therapeutics
28192,Skyhook,2023,2015-2024,Active,Surviving,Israel,FALSE,7,6-10,FALSE,B2B
28192,Skyhook,2023,2015-2024,Active,Surviving,Israel,FALSE,7,6-10,FALSE,"Engineering, Product and Design"
28183,Metal,2023,2015-2024,Active,Surviving,USA,TRUE,17,11-25,FALSE,B2B
28183,Metal,2023,2015-2024,Active,Surviving,USA,TRUE,17,11-25,FALSE,Finance and Accounting
28180,Texel.ai,2023,2015-2024,Active,Surviving,NA,FALSE,2,1-5,FALSE,B2B
28180,Texel.ai,2023,2015-2024,Active,Surviving,NA,FALSE,2,1-5,FALSE,Infrastructure
28178,Vector,2023,2015-2024,Active,Surviving,USA,TRUE,20,11-25,FALSE,B2B
28178,Vector,2023,2015-2024,Active,Surviving,USA,TRUE,20,11-25,FALSE,Marketing
28175,Pier,2023,2015-2024,Active,Surviving,USA,TRUE,4,1-5,FALSE,B2B
28162,Verata,2023,2015-2024,Active,Surviving,USA,TRUE,2,1-5,FALSE,B2B
28160,Finni Health,2023,2015-2024,Active,Surviving,,FALSE,40,26-100,FALSE,Healthcare
28160,Finni Health,2023,2015-2024,Active,Surviving,,FALSE,40,26-100,FALSE,Consumer Health and Wellness
28159,Invitris,2023,2015-2024,Active,Surviving,Germany,FALSE,6,6-10,FALSE,Healthcare
28159,Invitris,2023,2015-2024,Active,Surviving,Germany,FALSE,6,6-10,FALSE,Drug Discovery and Delivery
28158,Adventris Pharmaceuticals,2023,2015-2024,Active,Surviving,USA,TRUE,7,6-10,FALSE,Healthcare
28158,Adventris Pharmaceuticals,2023,2015-2024,Active,Surviving,USA,TRUE,7,6-10,FALSE,Drug Discovery and Delivery
28131,Untether Labs,2023,2015-2024,Active,Surviving,USA,TRUE,6,6-10,FALSE,Healthcare
28128,Edge,2023,2015-2024,Active,Surviving,USA,TRUE,2,1-5,FALSE,B2B
28128,Edge,2023,2015-2024,Active,Surviving,USA,TRUE,2,1-5,FALSE,Legal
28127,Benchmark,2023,2015-2024,Active,Surviving,USA,TRUE,7,6-10,FALSE,B2B
28127,Benchmark,2023,2015-2024,Active,Surviving,USA,TRUE,7,6-10,FALSE,Finance and Accounting
28118,Vocode,2023,2015-2024,Active,Surviving,USA,TRUE,3,1-5,FALSE,B2B
28116,Wallbit,2023,2015-2024,Active,Surviving,Argentina,FALSE,17,11-25,FALSE,Fintech
28116,Wallbit,2023,2015-2024,Active,Surviving,Argentina,FALSE,17,11-25,FALSE,Banking and Exchange
28115,Vellum,2023,2015-2024,Active,Surviving,USA,TRUE,23,11-25,FALSE,B2B
28115,Vellum,2023,2015-2024,Active,Surviving,USA,TRUE,23,11-25,FALSE,"Engineering, Product and Design"
28114,rex.fit,2023,2015-2024,Active,Surviving,USA,TRUE,2,1-5,FALSE,Consumer
28112,Persist AI,2023,2015-2024,Active,Surviving,USA,TRUE,6,6-10,FALSE,Healthcare
28112,Persist AI,2023,2015-2024,Active,Surviving,USA,TRUE,6,6-10,FALSE,Drug Discovery and Delivery
28111,Berry,2023,2015-2024,Active,Surviving,USA,TRUE,8,6-10,FALSE,B2B
28111,Berry,2023,2015-2024,Active,Surviving,USA,TRUE,8,6-10,FALSE,Operations
28110,Conduit,2023,2015-2024,Active,Surviving,USA,TRUE,15,11-25,FALSE,B2B
28110,Conduit,2023,2015-2024,Active,Surviving,USA,TRUE,15,11-25,FALSE,Supply Chain and Logistics
28107,SuperAPI,2023,2015-2024,Active,Surviving,India,FALSE,2,1-5,FALSE,B2B
28107,SuperAPI,2023,2015-2024,Active,Surviving,India,FALSE,2,1-5,FALSE,Infrastructure
28099,Unstatiq,2023,2015-2024,Active,Surviving,USA,TRUE,2,1-5,FALSE,B2B
28099,Unstatiq,2023,2015-2024,Active,Surviving,USA,TRUE,2,1-5,FALSE,Operations
28098,Resend,2023,2015-2024,Active,Surviving,NA,FALSE,23,11-25,FALSE,B2B
28098,Resend,2023,2015-2024,Active,Surviving,NA,FALSE,23,11-25,FALSE,"Engineering, Product and Design"
28097,Decohere,2023,2015-2024,Active,Surviving,USA,TRUE,4,1-5,FALSE,Consumer
28097,Decohere,2023,2015-2024,Active,Surviving,USA,TRUE,4,1-5,FALSE,Content
28094,Constant,2023,2015-2024,Active,Surviving,USA,TRUE,2,1-5,FALSE,Fintech
28094,Constant,2023,2015-2024,Active,Surviving,USA,TRUE,2,1-5,FALSE,Asset Management
28093,Common Paper,2023,2015-2024,Active,Surviving,USA,TRUE,8,6-10,FALSE,B2B
28093,Common Paper,2023,2015-2024,Active,Surviving,USA,TRUE,8,6-10,FALSE,Sales
28092,Dill,2023,2015-2024,Active,Surviving,USA,TRUE,NA,NA,FALSE,B2B
28092,Dill,2023,2015-2024,Active,Surviving,USA,TRUE,NA,NA,FALSE,Finance and Accounting
28091,Hindsight,2023,2015-2024,Active,Surviving,USA,TRUE,3,1-5,FALSE,B2B
28091,Hindsight,2023,2015-2024,Active,Surviving,USA,TRUE,3,1-5,FALSE,Sales
28090,Littio,2023,2015-2024,Active,Surviving,Colombia,FALSE,37,26-100,FALSE,Fintech
28090,Littio,2023,2015-2024,Active,Surviving,Colombia,FALSE,37,26-100,FALSE,Consumer Finance
28089,Thread,2023,2015-2024,Active,Surviving,USA,TRUE,2,1-5,FALSE,B2B
28088,Waza,2023,2015-2024,Active,Surviving,Nigeria,FALSE,28,26-100,FALSE,Fintech
28088,Waza,2023,2015-2024,Active,Surviving,Nigeria,FALSE,28,26-100,FALSE,Payments
28087,Rivet,2023,2015-2024,Active,Surviving,USA,TRUE,5,1-5,FALSE,B2B
28087,Rivet,2023,2015-2024,Active,Surviving,USA,TRUE,5,1-5,FALSE,Infrastructure
28080,Tagsafe,2023,2015-2024,Active,Surviving,USA,TRUE,NA,NA,FALSE,B2B
28080,Tagsafe,2023,2015-2024,Active,Surviving,USA,TRUE,NA,NA,FALSE,"Engineering, Product and Design"
28079,Invopop,2023,2015-2024,Active,Surviving,Spain,FALSE,7,6-10,FALSE,B2B
28079,Invopop,2023,2015-2024,Active,Surviving,Spain,FALSE,7,6-10,FALSE,Finance and Accounting
28077,Corgi Labs,2023,2015-2024,Active,Surviving,USA,TRUE,3,1-5,FALSE,Fintech
28077,Corgi Labs,2023,2015-2024,Active,Surviving,USA,TRUE,3,1-5,FALSE,Payments
28075,Stralis Aircraft,2023,2015-2024,Active,Surviving,Australia,FALSE,4,1-5,FALSE,Industrials
28075,Stralis Aircraft,2023,2015-2024,Active,Surviving,Australia,FALSE,4,1-5,FALSE,Aviation and Space
28072,Helios,2023,2015-2024,Active,Surviving,Mexico,FALSE,3,1-5,FALSE,B2B
28071,Epsilon,2023,2015-2024,Active,Surviving,USA,TRUE,2,1-5,FALSE,Education
28070,Clad,2023,2015-2024,Active,Surviving,USA,TRUE,7,6-10,FALSE,Real Estate and Construction
28070,Clad,2023,2015-2024,Active,Surviving,USA,TRUE,7,6-10,FALSE,Construction
28069,Pylon,2023,2015-2024,Active,Surviving,USA,TRUE,90,26-100,FALSE,B2B
28069,Pylon,2023,2015-2024,Active,Surviving,USA,TRUE,90,26-100,FALSE,Operations
28045,Peeba,2023,2015-2024,Active,Surviving,Indonesia,FALSE,30,26-100,FALSE,B2B
28037,Diffuse Bio,2023,2015-2024,Active,Surviving,USA,TRUE,10,6-10,FALSE,Healthcare
28037,Diffuse Bio,2023,2015-2024,Active,Surviving,USA,TRUE,10,6-10,FALSE,Drug Discovery and Delivery
28019,inBuild,2023,2015-2024,Active,Surviving,USA,TRUE,12,11-25,FALSE,B2B
28018,Sanvivo,2023,2015-2024,Active,Surviving,Germany,FALSE,4,1-5,FALSE,Healthcare
28018,Sanvivo,2023,2015-2024,Active,Surviving,Germany,FALSE,4,1-5,FALSE,Healthcare IT
28013,Clearspace,2023,2015-2024,Active,Surviving,USA,TRUE,7,6-10,FALSE,Consumer
28008,Univerbal,2023,2015-2024,Active,Surviving,Switzerland,FALSE,3,1-5,FALSE,Education
28007,Milio,2023,2015-2024,Active,Surviving,Colombia,FALSE,16,11-25,FALSE,Fintech
28006,Mantys,2023,2015-2024,Active,Surviving,India,FALSE,12,11-25,FALSE,B2B
28006,Mantys,2023,2015-2024,Active,Surviving,India,FALSE,12,11-25,FALSE,Analytics
27992,Proglix,2023,2015-2024,Active,Surviving,Indonesia,FALSE,25,11-25,FALSE,Industrials
27991,Coldreach,2023,2015-2024,Active,Surviving,USA,TRUE,3,1-5,FALSE,B2B
27991,Coldreach,2023,2015-2024,Active,Surviving,USA,TRUE,3,1-5,FALSE,Sales
27989,MagnaPlay,2023,2015-2024,Active,Surviving,NA,FALSE,5,1-5,FALSE,B2B
27989,MagnaPlay,2023,2015-2024,Active,Surviving,NA,FALSE,5,1-5,FALSE,"Engineering, Product and Design"
27987,Shekel Mobility,2023,2015-2024,Active,Surviving,Nigeria,FALSE,18,11-25,FALSE,Fintech
27986,Rally Tax,2023,2015-2024,Active,Surviving,USA,TRUE,5,1-5,FALSE,Fintech
27985,Loula,2023,2015-2024,Active,Surviving,USA,TRUE,7,6-10,FALSE,Healthcare
27985,Loula,2023,2015-2024,Active,Surviving,USA,TRUE,7,6-10,FALSE,Healthcare Services
27984,Sirdab,2023,2015-2024,Active,Surviving,Saudi Arabia,FALSE,NA,NA,FALSE,B2B
27984,Sirdab,2023,2015-2024,Active,Surviving,Saudi Arabia,FALSE,NA,NA,FALSE,Supply Chain and Logistics
27983,Retape,2023,2015-2024,Active,Surviving,NA,FALSE,3,1-5,FALSE,B2B
27983,Retape,2023,2015-2024,Active,Surviving,NA,FALSE,3,1-5,FALSE,Sales
27982,Clueso,2023,2015-2024,Active,Surviving,India,FALSE,25,11-25,FALSE,B2B
27982,Clueso,2023,2015-2024,Active,Surviving,India,FALSE,25,11-25,FALSE,"Engineering, Product and Design"
27978,SuperKalam,2023,2015-2024,Active,Surviving,India,FALSE,20,11-25,FALSE,Education
27974,Fastgen,2023,2015-2024,Active,Surviving,USA,TRUE,7,6-10,FALSE,B2B
27974,Fastgen,2023,2015-2024,Active,Surviving,USA,TRUE,7,6-10,FALSE,"Engineering, Product and Design"
27969,Vendah,2023,2015-2024,Active,Surviving,Brazil,FALSE,8,6-10,FALSE,Consumer
27968,Alaan,2023,2015-2024,Active,Surviving,United Arab Emirates,FALSE,160,101-500,FALSE,Fintech
27968,Alaan,2023,2015-2024,Active,Surviving,United Arab Emirates,FALSE,160,101-500,FALSE,Payments
27966,CombineHealth,2023,2015-2024,Active,Surviving,USA,TRUE,15,11-25,FALSE,Healthcare
27966,CombineHealth,2023,2015-2024,Active,Surviving,USA,TRUE,15,11-25,FALSE,Healthcare IT
27965,Odigos Technologies Inc.,2023,2015-2024,Active,Surviving,USA,TRUE,16,11-25,FALSE,B2B
27965,Odigos Technologies Inc.,2023,2015-2024,Active,Surviving,USA,TRUE,16,11-25,FALSE,Infrastructure
27964,nunu.ai,2023,2015-2024,Active,Surviving,,FALSE,5,1-5,FALSE,Consumer
27964,nunu.ai,2023,2015-2024,Active,Surviving,,FALSE,5,1-5,FALSE,Gaming
27961,Hona,2023,2015-2024,Active,Surviving,USA,TRUE,32,26-100,FALSE,B2B
27961,Hona,2023,2015-2024,Active,Surviving,USA,TRUE,32,26-100,FALSE,Legal
27960,Radical,2023,2015-2024,Active,Surviving,USA,TRUE,6,6-10,FALSE,Industrials
27960,Radical,2023,2015-2024,Active,Surviving,USA,TRUE,6,6-10,FALSE,Aviation and Space
27959,Vitalize,2023,2015-2024,Active,Surviving,USA,TRUE,28,26-100,FALSE,Healthcare
27958,Noya Software,2023,2015-2024,Active,Surviving,USA,TRUE,2,1-5,FALSE,B2B
27958,Noya Software,2023,2015-2024,Active,Surviving,USA,TRUE,2,1-5,FALSE,"Engineering, Product and Design"
27957,Infinia,2023,2015-2024,Active,Surviving,,FALSE,12,11-25,FALSE,Fintech
27957,Infinia,2023,2015-2024,Active,Surviving,,FALSE,12,11-25,FALSE,Payments
27956,Hippo Scribe,2023,2015-2024,Active,Surviving,USA,TRUE,2,1-5,FALSE,Healthcare
27953,Koywe,2023,2015-2024,Active,Surviving,USA,TRUE,7,6-10,FALSE,Fintech
27952,Finic,2023,2015-2024,Active,Surviving,USA,TRUE,4,1-5,FALSE,Fintech
27951,Honeydew,2023,2015-2024,Active,Surviving,Israel,FALSE,6,6-10,FALSE,B2B
27951,Honeydew,2023,2015-2024,Active,Surviving,Israel,FALSE,6,6-10,FALSE,Analytics
27950,Sherloq,2023,2015-2024,Active,Surviving,Israel,FALSE,6,6-10,FALSE,B2B
27950,Sherloq,2023,2015-2024,Active,Surviving,Israel,FALSE,6,6-10,FALSE,Analytics
27949,Onshore,2023,2015-2024,Active,Surviving,USA,TRUE,60,26-100,FALSE,B2B
27949,Onshore,2023,2015-2024,Active,Surviving,USA,TRUE,60,26-100,FALSE,Finance and Accounting
27947,Shortbread,2023,2015-2024,Active,Surviving,USA,TRUE,4,1-5,FALSE,Consumer
27947,Shortbread,2023,2015-2024,Active,Surviving,USA,TRUE,4,1-5,FALSE,Content
27946,Pointwise,2023,2015-2024,Active,Surviving,USA,TRUE,3,1-5,FALSE,Consumer
27943,Hadrius,2023,2015-2024,Active,Surviving,USA,TRUE,80,26-100,FALSE,Fintech
27943,Hadrius,2023,2015-2024,Active,Surviving,USA,TRUE,80,26-100,FALSE,Asset Management
27941,Sage AI,2023,2015-2024,Active,Surviving,USA,TRUE,2,1-5,FALSE,B2B
27941,Sage AI,2023,2015-2024,Active,Surviving,USA,TRUE,2,1-5,FALSE,"Engineering, Product and Design"
27939,FactIQ,2023,2015-2024,Active,Surviving,Singapore,FALSE,3,1-5,FALSE,B2B
27939,FactIQ,2023,2015-2024,Active,Surviving,Singapore,FALSE,3,1-5,FALSE,Analytics
27938,Boundary,2023,2015-2024,Active,Surviving,USA,TRUE,10,6-10,FALSE,B2B
27936,ClickPe,2023,2015-2024,Active,Surviving,India,FALSE,2,1-5,FALSE,Fintech
27936,ClickPe,2023,2015-2024,Active,Surviving,India,FALSE,2,1-5,FALSE,Credit and Lending
27935,compliant-llm,2023,2015-2024,Active,Surviving,USA,TRUE,3,1-5,FALSE,B2B
27935,compliant-llm,2023,2015-2024,Active,Surviving,USA,TRUE,3,1-5,FALSE,Security
27928,David,2023,2015-2024,Active,Surviving,,FALSE,4,1-5,FALSE,B2B
27928,David,2023,2015-2024,Active,Surviving,,FALSE,4,1-5,FALSE,Infrastructure
27926,Variance,2023,2015-2024,Active,Surviving,USA,TRUE,12,11-25,FALSE,B2B
27926,Variance,2023,2015-2024,Active,Surviving,USA,TRUE,12,11-25,FALSE,Security
27925,222,2023,2015-2024,Active,Surviving,USA,TRUE,16,11-25,FALSE,Consumer
27923,Ariglad,2023,2015-2024,Active,Surviving,Canada,FALSE,4,1-5,FALSE,B2B
27923,Ariglad,2023,2015-2024,Active,Surviving,Canada,FALSE,4,1-5,FALSE,Operations
27922,Berilium,2023,2015-2024,Active,Surviving,USA,TRUE,3,1-5,FALSE,Fintech
27922,Berilium,2023,2015-2024,Active,Surviving,USA,TRUE,3,1-5,FALSE,Asset Management
27921,Homeflow,2023,2015-2024,Active,Surviving,USA,TRUE,4,1-5,FALSE,Real Estate and Construction
27921,Homeflow,2023,2015-2024,Active,Surviving,USA,TRUE,4,1-5,FALSE,Housing and Real Estate
27915,Rainmaker,2023,2015-2024,Active,Surviving,,FALSE,2,1-5,FALSE,Fintech
27915,Rainmaker,2023,2015-2024,Active,Surviving,,FALSE,2,1-5,FALSE,Consumer Finance
27911,IcePanel,2023,2015-2024,Active,Surviving,Canada,FALSE,9,6-10,FALSE,B2B
27911,IcePanel,2023,2015-2024,Active,Surviving,Canada,FALSE,9,6-10,FALSE,"Engineering, Product and Design"
27907,Storyboarder,2023,2015-2024,Active,Surviving,USA,TRUE,2,1-5,FALSE,Consumer
27907,Storyboarder,2023,2015-2024,Active,Surviving,USA,TRUE,2,1-5,FALSE,Content
27906,1stCollab,2023,2015-2024,Active,Surviving,USA,TRUE,11,11-25,FALSE,B2B
27906,1stCollab,2023,2015-2024,Active,Surviving,USA,TRUE,11,11-25,FALSE,Marketing
27902,KV Cash,2023,2015-2024,Active,Surviving,USA,TRUE,NA,NA,FALSE,B2B
27902,KV Cash,2023,2015-2024,Active,Surviving,USA,TRUE,NA,NA,FALSE,Infrastructure
27901,Orchid,2023,2015-2024,Active,Surviving,USA,TRUE,4,1-5,FALSE,Healthcare
27898,Overlord,2023,2015-2024,Active,Surviving,USA,TRUE,2,1-5,FALSE,Consumer
27898,Overlord,2023,2015-2024,Active,Surviving,USA,TRUE,2,1-5,FALSE,Home and Personal
27897,TableFlow,2023,2015-2024,Active,Surviving,USA,TRUE,2,1-5,FALSE,B2B
27897,TableFlow,2023,2015-2024,Active,Surviving,USA,TRUE,2,1-5,FALSE,Operations
27896,Truewind,2023,2015-2024,Active,Surviving,USA,TRUE,30,26-100,FALSE,B2B
27896,Truewind,2023,2015-2024,Active,Surviving,USA,TRUE,30,26-100,FALSE,Finance and Accounting
27893,BuildJet,2023,2015-2024,Active,Surviving,Germany,FALSE,2,1-5,FALSE,B2B
27893,BuildJet,2023,2015-2024,Active,Surviving,Germany,FALSE,2,1-5,FALSE,"Engineering, Product and Design"
27892,ShortLoop,2023,2015-2024,Active,Surviving,USA,TRUE,8,6-10,FALSE,B2B
27892,ShortLoop,2023,2015-2024,Active,Surviving,USA,TRUE,8,6-10,FALSE,"Engineering, Product and Design"
27890,Wild Moose,2023,2015-2024,Active,Surviving,USA,TRUE,3,1-5,FALSE,B2B
27890,Wild Moose,2023,2015-2024,Active,Surviving,USA,TRUE,3,1-5,FALSE,"Engineering, Product and Design"
27882,Velos,2023,2015-2024,Active,Surviving,USA,TRUE,3,1-5,FALSE,B2B
27882,Velos,2023,2015-2024,Active,Surviving,USA,TRUE,3,1-5,FALSE,Operations
27881,Inkeep,2023,2015-2024,Active,Surviving,USA,TRUE,18,11-25,FALSE,B2B
27881,Inkeep,2023,2015-2024,Active,Surviving,USA,TRUE,18,11-25,FALSE,"Engineering, Product and Design"
27880,Plutis,2023,2015-2024,Active,Surviving,USA,TRUE,2,1-5,FALSE,B2B
27878,RUUF,2023,2015-2024,Active,Surviving,Chile,FALSE,23,11-25,FALSE,Consumer
27876,Propexo,2023,2015-2024,Active,Surviving,USA,TRUE,6,6-10,FALSE,B2B
27875,Iliad,2023,2015-2024,Active,Surviving,USA,TRUE,1,1-5,FALSE,B2B
27874,Relace,2023,2015-2024,Active,Surviving,USA,TRUE,7,6-10,FALSE,B2B
27874,Relace,2023,2015-2024,Active,Surviving,USA,TRUE,7,6-10,FALSE,"Engineering, Product and Design"
27873,Floworks,2023,2015-2024,Active,Surviving,USA,TRUE,20,11-25,FALSE,B2B
27873,Floworks,2023,2015-2024,Active,Surviving,USA,TRUE,20,11-25,FALSE,Sales
27871,Extend,2023,2015-2024,Active,Surviving,USA,TRUE,25,11-25,FALSE,B2B
27869,co.dev,2023,2015-2024,Active,Surviving,,FALSE,2,1-5,FALSE,B2B
27869,co.dev,2023,2015-2024,Active,Surviving,,FALSE,2,1-5,FALSE,"Engineering, Product and Design"
27867,DataSuite,2023,2015-2024,Active,Surviving,USA,TRUE,4,1-5,FALSE,B2B
27867,DataSuite,2023,2015-2024,Active,Surviving,USA,TRUE,4,1-5,FALSE,Legal
27862,Bluedot,2023,2015-2024,Active,Surviving,USA,TRUE,15,11-25,FALSE,Fintech
27860,Dream3D,2023,2015-2024,Active,Surviving,USA,TRUE,3,1-5,FALSE,B2B
27860,Dream3D,2023,2015-2024,Active,Surviving,USA,TRUE,3,1-5,FALSE,"Engineering, Product and Design"
27859,No Cap,2023,2015-2024,Active,Surviving,USA,TRUE,5,1-5,FALSE,Fintech
27858,Kivo Health,2023,2015-2024,Active,Surviving,USA,TRUE,25,11-25,FALSE,Healthcare
27858,Kivo Health,2023,2015-2024,Active,Surviving,USA,TRUE,25,11-25,FALSE,Healthcare Services
27857,coil inc.,2023,2015-2024,Active,Surviving,USA,TRUE,1,1-5,FALSE,Consumer
27855,Haven,2023,2015-2024,Active,Surviving,USA,TRUE,3,1-5,FALSE,B2B
27854,Suger,2023,2015-2024,Active,Surviving,USA,TRUE,50,26-100,FALSE,B2B
27854,Suger,2023,2015-2024,Active,Surviving,USA,TRUE,50,26-100,FALSE,Sales
27853,Cobblestone,2023,2015-2024,Active,Surviving,USA,TRUE,3,1-5,FALSE,Real Estate and Construction
27852,Frigade,2023,2015-2024,Active,Surviving,USA,TRUE,4,1-5,FALSE,B2B
27852,Frigade,2023,2015-2024,Active,Surviving,USA,TRUE,4,1-5,FALSE,"Engineering, Product and Design"
27850,Repacket,2023,2015-2024,Active,Surviving,Canada,FALSE,4,1-5,FALSE,B2B
27850,Repacket,2023,2015-2024,Active,Surviving,Canada,FALSE,4,1-5,FALSE,Security
27846,PoloTab,2023,2015-2024,Active,Surviving,Mexico,FALSE,18,11-25,FALSE,B2B
27844,Cloudchipr,2023,2015-2024,Active,Surviving,Germany,FALSE,25,11-25,FALSE,B2B
27843,Gooseworks,2023,2015-2024,Active,Surviving,USA,TRUE,5,1-5,FALSE,B2B
27843,Gooseworks,2023,2015-2024,Active,Surviving,USA,TRUE,5,1-5,FALSE,Marketing
27842,Chart,2023,2015-2024,Active,Surviving,USA,TRUE,3,1-5,FALSE,Fintech
27841,Bujeti,2023,2015-2024,Active,Surviving,Nigeria,FALSE,35,26-100,FALSE,B2B
27841,Bujeti,2023,2015-2024,Active,Surviving,Nigeria,FALSE,35,26-100,FALSE,Finance and Accounting
27840,Alloy,2023,2015-2024,Active,Surviving,,FALSE,5,1-5,FALSE,B2B
27840,Alloy,2023,2015-2024,Active,Surviving,,FALSE,5,1-5,FALSE,Productivity
27839,Cosine,2023,2015-2024,Active,Surviving,United Kingdom,FALSE,12,11-25,FALSE,B2B
27838,Flower,2023,2015-2024,Active,Surviving,NA,FALSE,20,11-25,FALSE,B2B
27837,Pirros,2023,2015-2024,Active,Surviving,USA,TRUE,44,26-100,FALSE,B2B
27837,Pirros,2023,2015-2024,Active,Surviving,USA,TRUE,44,26-100,FALSE,"Engineering, Product and Design"
27836,LinkGrep,2023,2015-2024,Active,Surviving,USA,TRUE,2,1-5,FALSE,B2B
27836,LinkGrep,2023,2015-2024,Active,Surviving,USA,TRUE,2,1-5,FALSE,Productivity
27828,Scanbase,2023,2015-2024,Active,Surviving,USA,TRUE,10,6-10,FALSE,Healthcare
27828,Scanbase,2023,2015-2024,Active,Surviving,USA,TRUE,10,6-10,FALSE,Diagnostics
27827,Vooma,2023,2015-2024,Active,Surviving,USA,TRUE,30,26-100,FALSE,B2B
27827,Vooma,2023,2015-2024,Active,Surviving,USA,TRUE,30,26-100,FALSE,Supply Chain and Logistics
27824,Coperniq,2023,2015-2024,Active,Surviving,USA,TRUE,6,6-10,FALSE,B2B
27824,Coperniq,2023,2015-2024,Active,Surviving,USA,TRUE,6,6-10,FALSE,Supply Chain and Logistics
27822,GovEagle,2023,2015-2024,Active,Surviving,USA,TRUE,10,6-10,FALSE,Government
27821,PoplarML,2023,2015-2024,Active,Surviving,USA,TRUE,2,1-5,FALSE,B2B
27821,PoplarML,2023,2015-2024,Active,Surviving,USA,TRUE,2,1-5,FALSE,"Engineering, Product and Design"
27820,infra.new,2023,2015-2024,Active,Surviving,NA,FALSE,3,1-5,FALSE,B2B
27820,infra.new,2023,2015-2024,Active,Surviving,NA,FALSE,3,1-5,FALSE,Infrastructure
27819,FlexWash,2023,2015-2024,Active,Surviving,USA,TRUE,2,1-5,FALSE,B2B
27819,FlexWash,2023,2015-2024,Active,Surviving,USA,TRUE,2,1-5,FALSE,Operations
27818,Gluetrail,2023,2015-2024,Active,Surviving,France,FALSE,2,1-5,FALSE,B2B
27818,Gluetrail,2023,2015-2024,Active,Surviving,France,FALSE,2,1-5,FALSE,Marketing
27817,JustPaid,2023,2015-2024,Active,Surviving,USA,TRUE,20,11-25,FALSE,Fintech
27817,JustPaid,2023,2015-2024,Active,Surviving,USA,TRUE,20,11-25,FALSE,Payments
27814,Narrative,2023,2015-2024,Active,Surviving,USA,TRUE,5,1-5,FALSE,B2B
27814,Narrative,2023,2015-2024,Active,Surviving,USA,TRUE,5,1-5,FALSE,"Engineering, Product and Design"
27813,Omnistrate,2023,2015-2024,Active,Surviving,USA,TRUE,15,11-25,FALSE,B2B
27812,Dataglade,2023,2015-2024,Active,Surviving,USA,TRUE,2,1-5,FALSE,Fintech
27811,Tennr,2023,2015-2024,Active,Surviving,USA,TRUE,135,101-500,FALSE,B2B
27808,Salient,2023,2015-2024,Active,Surviving,USA,TRUE,40,26-100,FALSE,B2B
27807,ZeroDev,2023,2015-2024,Active,Surviving,USA,TRUE,5,1-5,FALSE,B2B
27807,ZeroDev,2023,2015-2024,Active,Surviving,USA,TRUE,5,1-5,FALSE,Infrastructure
27806,Ruby Card,2023,2015-2024,Active,Surviving,USA,TRUE,3,1-5,FALSE,Fintech
27785,Pledge Health,2023,2015-2024,Active,Surviving,USA,TRUE,2,1-5,FALSE,Healthcare
27785,Pledge Health,2023,2015-2024,Active,Surviving,USA,TRUE,2,1-5,FALSE,Healthcare IT
27774,Versive,2023,2015-2024,Active,Surviving,USA,TRUE,3,1-5,FALSE,B2B
27774,Versive,2023,2015-2024,Active,Surviving,USA,TRUE,3,1-5,FALSE,"Engineering, Product and Design"
27766,Glass Health,2023,2015-2024,Active,Surviving,,FALSE,7,6-10,FALSE,Healthcare
27766,Glass Health,2023,2015-2024,Active,Surviving,,FALSE,7,6-10,FALSE,Healthcare IT
27763,Double – Coding Copilot,2023,2015-2024,Active,Surviving,USA,TRUE,2,1-5,FALSE,B2B
27763,Double – Coding Copilot,2023,2015-2024,Active,Surviving,USA,TRUE,2,1-5,FALSE,"Engineering, Product and Design"
27762,Ohm,2023,2015-2024,Active,Surviving,USA,TRUE,6,6-10,FALSE,Industrials
27754,Pair AI,2023,2015-2024,Active,Surviving,USA,TRUE,2,1-5,FALSE,Consumer
27740,Mercoa,2023,2015-2024,Active,Surviving,USA,TRUE,2,1-5,FALSE,Fintech
27735,Numeral,2023,2015-2024,Active,Surviving,USA,TRUE,100,26-100,FALSE,B2B
27735,Numeral,2023,2015-2024,Active,Surviving,USA,TRUE,100,26-100,FALSE,Finance and Accounting
27728,Nango,2023,2015-2024,Active,Surviving,USA,TRUE,6,6-10,FALSE,B2B
27728,Nango,2023,2015-2024,Active,Surviving,USA,TRUE,6,6-10,FALSE,"Engineering, Product and Design"
27714,Palomma,2023,2015-2024,Active,Surviving,Colombia,FALSE,8,6-10,FALSE,Real Estate and Construction
27710,Hammr,2023,2015-2024,Active,Surviving,USA,TRUE,10,6-10,FALSE,B2B
27710,Hammr,2023,2015-2024,Active,Surviving,USA,TRUE,10,6-10,FALSE,Human Resources
27707,Trackstar,2023,2015-2024,Active,Surviving,USA,TRUE,7,6-10,FALSE,B2B
27707,Trackstar,2023,2015-2024,Active,Surviving,USA,TRUE,7,6-10,FALSE,Supply Chain and Logistics
27704,FlexDesk,2023,2015-2024,Active,Surviving,USA,TRUE,8,6-10,FALSE,B2B
27704,FlexDesk,2023,2015-2024,Active,Surviving,USA,TRUE,8,6-10,FALSE,Office Management
27702,Mulligan,2023,2015-2024,Active,Surviving,USA,TRUE,4,1-5,FALSE,B2B
27701,Backdrop,2023,2015-2024,Active,Surviving,USA,TRUE,2,1-5,FALSE,B2B
27700,Latent,2023,2015-2024,Active,Surviving,USA,TRUE,50,26-100,FALSE,Healthcare
27700,Latent,2023,2015-2024,Active,Surviving,USA,TRUE,50,26-100,FALSE,Healthcare IT
27699,Concourse,2023,2015-2024,Active,Surviving,USA,TRUE,7,6-10,FALSE,B2B
27699,Concourse,2023,2015-2024,Active,Surviving,USA,TRUE,7,6-10,FALSE,Finance and Accounting
27696,Novelcare,2023,2015-2024,Active,Surviving,USA,TRUE,5,1-5,FALSE,Healthcare
27696,Novelcare,2023,2015-2024,Active,Surviving,USA,TRUE,5,1-5,FALSE,Drug Discovery and Delivery
27695,Pigeon,2023,2015-2024,Active,Surviving,USA,TRUE,5,1-5,FALSE,B2B
27693,Depot,2023,2015-2024,Active,Surviving,NA,FALSE,8,6-10,FALSE,B2B
27693,Depot,2023,2015-2024,Active,Surviving,NA,FALSE,8,6-10,FALSE,"Engineering, Product and Design"
27692,Rollstack,2023,2015-2024,Active,Surviving,USA,TRUE,30,26-100,FALSE,B2B
27692,Rollstack,2023,2015-2024,Active,Surviving,USA,TRUE,30,26-100,FALSE,Analytics
27691,Magic Patterns,2023,2015-2024,Active,Surviving,USA,TRUE,5,1-5,FALSE,B2B
27691,Magic Patterns,2023,2015-2024,Active,Surviving,USA,TRUE,5,1-5,FALSE,"Engineering, Product and Design"
27690,Credal.ai,2023,2015-2024,Active,Surviving,USA,TRUE,14,11-25,FALSE,B2B
27690,Credal.ai,2023,2015-2024,Active,Surviving,USA,TRUE,14,11-25,FALSE,Productivity
27686,DrDroid,2023,2015-2024,Active,Surviving,India,FALSE,8,6-10,FALSE,B2B
27686,DrDroid,2023,2015-2024,Active,Surviving,India,FALSE,8,6-10,FALSE,"Engineering, Product and Design"
27685,Syncly,2023,2015-2024,Active,Surviving,USA,TRUE,15,11-25,FALSE,B2B
27685,Syncly,2023,2015-2024,Active,Surviving,USA,TRUE,15,11-25,FALSE,Marketing
27680,Trigger.dev,2023,2015-2024,Active,Surviving,United Kingdom,FALSE,9,6-10,FALSE,B2B
27680,Trigger.dev,2023,2015-2024,Active,Surviving,United Kingdom,FALSE,9,6-10,FALSE,"Engineering, Product and Design"
27679,rift,2023,2015-2024,Active,Surviving,USA,TRUE,2,1-5,FALSE,B2B
27679,rift,2023,2015-2024,Active,Surviving,USA,TRUE,2,1-5,FALSE,Sales
27677,Matano,2023,2015-2024,Active,Surviving,USA,TRUE,2,1-5,FALSE,B2B
27677,Matano,2023,2015-2024,Active,Surviving,USA,TRUE,2,1-5,FALSE,Security
27675,Linum,2023,2015-2024,Active,Surviving,USA,TRUE,2,1-5,FALSE,Consumer
27674,OneText,2023,2015-2024,Active,Surviving,USA,TRUE,6,6-10,FALSE,Fintech
27674,OneText,2023,2015-2024,Active,Surviving,USA,TRUE,6,6-10,FALSE,Payments
27673,Reflex,2023,2015-2024,Active,Surviving,USA,TRUE,10,6-10,FALSE,B2B
27673,Reflex,2023,2015-2024,Active,Surviving,USA,TRUE,10,6-10,FALSE,Infrastructure
27671,Miracle,2023,2015-2024,Active,Surviving,USA,TRUE,7,6-10,FALSE,Healthcare
27671,Miracle,2023,2015-2024,Active,Surviving,USA,TRUE,7,6-10,FALSE,Drug Discovery and Delivery
27670,Finvest,2023,2015-2024,Active,Surviving,USA,TRUE,5,1-5,FALSE,Fintech
27670,Finvest,2023,2015-2024,Active,Surviving,USA,TRUE,5,1-5,FALSE,Consumer Finance
27669,Laminate,2023,2015-2024,Active,Surviving,USA,TRUE,NA,NA,FALSE,Fintech
27668,Designbase,2023,2015-2024,Active,Surviving,NA,FALSE,3,1-5,FALSE,B2B
27668,Designbase,2023,2015-2024,Active,Surviving,NA,FALSE,3,1-5,FALSE,"Engineering, Product and Design"
27667,StackAI,2023,2015-2024,Active,Surviving,USA,TRUE,55,26-100,FALSE,B2B
27666,Middleware,2023,2015-2024,Active,Surviving,USA,TRUE,40,26-100,FALSE,B2B
27666,Middleware,2023,2015-2024,Active,Surviving,USA,TRUE,40,26-100,FALSE,Infrastructure
27664,Infisical,2023,2015-2024,Active,Surviving,USA,TRUE,50,26-100,FALSE,B2B
27664,Infisical,2023,2015-2024,Active,Surviving,USA,TRUE,50,26-100,FALSE,Security
27655,Avoca,2023,2015-2024,Active,Surviving,USA,TRUE,85,26-100,FALSE,B2B
27583,Rubbrband,2023,2015-2024,Active,Surviving,USA,TRUE,3,1-5,FALSE,Consumer
27583,Rubbrband,2023,2015-2024,Active,Surviving,USA,TRUE,3,1-5,FALSE,Content
27492,zudo.work,2023,2015-2024,Active,Surviving,USA,TRUE,3,1-5,FALSE,B2B
27492,zudo.work,2023,2015-2024,Active,Surviving,USA,TRUE,3,1-5,FALSE,Operations
27491,Sameday,2023,2015-2024,Active,Surviving,USA,TRUE,7,6-10,FALSE,B2B
27491,Sameday,2023,2015-2024,Active,Surviving,USA,TRUE,7,6-10,FALSE,Sales
27254,Chima,2023,2015-2024,Active,Surviving,USA,TRUE,7,6-10,FALSE,B2B
26884,Alphawatch AI,2023,2015-2024,Active,Surviving,USA,TRUE,10,6-10,FALSE,Fintech
26837,Unify,2023,2015-2024,Active,Surviving,United Kingdom,FALSE,10,6-10,FALSE,B2B
26837,Unify,2023,2015-2024,Active,Surviving,United Kingdom,FALSE,10,6-10,FALSE,Infrastructure
28141,highlight.io,2023,2015-2024,Acquired,Successful,USA,TRUE,8,6-10,FALSE,B2B
28141,highlight.io,2023,2015-2024,Acquired,Successful,USA,TRUE,8,6-10,FALSE,"Engineering, Product and Design"
28103,Fern,2023,2015-2024,Acquired,Successful,USA,TRUE,30,26-100,FALSE,B2B
28103,Fern,2023,2015-2024,Acquired,Successful,USA,TRUE,30,26-100,FALSE,"Engineering, Product and Design"
28096,OpenInt,2023,2015-2024,Acquired,Successful,NA,FALSE,4,1-5,FALSE,B2B
28096,OpenInt,2023,2015-2024,Acquired,Successful,NA,FALSE,4,1-5,FALSE,Analytics
28081,DAGWorks Inc.,2023,2015-2024,Acquired,Successful,USA,TRUE,2,1-5,FALSE,B2B
28074,Keep,2023,2015-2024,Acquired,Successful,Israel,FALSE,5,1-5,FALSE,B2B
28074,Keep,2023,2015-2024,Acquired,Successful,Israel,FALSE,5,1-5,FALSE,"Engineering, Product and Design"
28073,PlayAI,2023,2015-2024,Acquired,Successful,USA,TRUE,35,26-100,FALSE,B2B
28048,Muffin Data,2023,2015-2024,Acquired,Successful,,FALSE,2,1-5,FALSE,B2B
28048,Muffin Data,2023,2015-2024,Acquired,Successful,,FALSE,2,1-5,FALSE,Analytics
27971,Arroyo,2023,2015-2024,Acquired,Successful,USA,TRUE,2,1-5,FALSE,B2B
27971,Arroyo,2023,2015-2024,Acquired,Successful,USA,TRUE,2,1-5,FALSE,Infrastructure
27945,Fairway Health,2023,2015-2024,Acquired,Successful,USA,TRUE,3,1-5,FALSE,Healthcare
27945,Fairway Health,2023,2015-2024,Acquired,Successful,USA,TRUE,3,1-5,FALSE,Healthcare IT
27927,Fintool,2023,2015-2024,Acquired,Successful,USA,TRUE,6,6-10,FALSE,B2B
27927,Fintool,2023,2015-2024,Acquired,Successful,USA,TRUE,6,6-10,FALSE,Finance and Accounting
27919,Helicone,2023,2015-2024,Acquired,Successful,USA,TRUE,5,1-5,FALSE,B2B
27919,Helicone,2023,2015-2024,Acquired,Successful,USA,TRUE,5,1-5,FALSE,Analytics
27894,Booth AI,2023,2015-2024,Acquired,Successful,USA,TRUE,3,1-5,FALSE,B2B
27894,Booth AI,2023,2015-2024,Acquired,Successful,USA,TRUE,3,1-5,FALSE,Retail
27883,EzDubs,2023,2015-2024,Acquired,Successful,USA,TRUE,6,6-10,FALSE,Consumer
27877,OpenMeter,2023,2015-2024,Acquired,Successful,,FALSE,7,6-10,FALSE,B2B
27877,OpenMeter,2023,2015-2024,Acquired,Successful,,FALSE,7,6-10,FALSE,Infrastructure
27870,Langfuse,2023,2015-2024,Acquired,Successful,Germany,FALSE,13,11-25,FALSE,B2B
27870,Langfuse,2023,2015-2024,Acquired,Successful,Germany,FALSE,13,11-25,FALSE,"Engineering, Product and Design"
27868,Outerbase,2023,2015-2024,Acquired,Successful,USA,TRUE,4,1-5,FALSE,B2B
27868,Outerbase,2023,2015-2024,Acquired,Successful,USA,TRUE,4,1-5,FALSE,"Engineering, Product and Design"
27834,Bluebirds,2023,2015-2024,Acquired,Successful,USA,TRUE,6,6-10,FALSE,B2B
27834,Bluebirds,2023,2015-2024,Acquired,Successful,USA,TRUE,6,6-10,FALSE,Sales
27832,Trigo,2023,2015-2024,Acquired,Successful,USA,TRUE,4,1-5,FALSE,Fintech
27832,Trigo,2023,2015-2024,Acquired,Successful,USA,TRUE,4,1-5,FALSE,Credit and Lending
27815,OfOne,2023,2015-2024,Acquired,Successful,USA,TRUE,5,1-5,FALSE,B2B
27809,EdgeBit,2023,2015-2024,Acquired,Successful,USA,TRUE,5,1-5,FALSE,B2B
27809,EdgeBit,2023,2015-2024,Acquired,Successful,USA,TRUE,5,1-5,FALSE,Security
27712,Brewit,2023,2015-2024,Acquired,Successful,USA,TRUE,4,1-5,FALSE,B2B
27712,Brewit,2023,2015-2024,Acquired,Successful,USA,TRUE,4,1-5,FALSE,Analytics
27703,Dashdive,2023,2015-2024,Acquired,Successful,USA,TRUE,2,1-5,FALSE,B2B
27703,Dashdive,2023,2015-2024,Acquired,Successful,USA,TRUE,2,1-5,FALSE,"Engineering, Product and Design"
27698,Viddy,2023,2015-2024,Acquired,Successful,USA,TRUE,2,1-5,FALSE,B2B
27697,Lume,2023,2015-2024,Acquired,Successful,,FALSE,5,1-5,FALSE,B2B
27697,Lume,2023,2015-2024,Acquired,Successful,,FALSE,5,1-5,FALSE,"Engineering, Product and Design"
27683,Versori,2023,2015-2024,Acquired,Successful,United Kingdom,FALSE,16,11-25,FALSE,B2B
27683,Versori,2023,2015-2024,Acquired,Successful,United Kingdom,FALSE,16,11-25,FALSE,Infrastructure
27678,Traceloop,2023,2015-2024,Acquired,Successful,Israel,FALSE,9,6-10,FALSE,B2B
27676,Cardinal,2023,2015-2024,Acquired,Successful,USA,TRUE,3,1-5,FALSE,B2B
27676,Cardinal,2023,2015-2024,Acquired,Successful,USA,TRUE,3,1-5,FALSE,"Engineering, Product and Design"
28415,moonrepo,2023,2015-2024,Inactive,Failed,USA,TRUE,2,1-5,FALSE,B2B
28415,moonrepo,2023,2015-2024,Inactive,Failed,USA,TRUE,2,1-5,FALSE,Productivity
28372,Upfront,2023,2015-2024,Inactive,Failed,USA,TRUE,4,1-5,FALSE,Consumer
28372,Upfront,2023,2015-2024,Inactive,Failed,USA,TRUE,4,1-5,FALSE,Home and Personal
28368,Second,2023,2015-2024,Inactive,Failed,,FALSE,3,1-5,FALSE,B2B
28221,Serial,2023,2015-2024,Inactive,Failed,USA,TRUE,2,1-5,FALSE,B2B
28221,Serial,2023,2015-2024,Inactive,Failed,USA,TRUE,2,1-5,FALSE,"Engineering, Product and Design"
28129,Luca,2023,2015-2024,Inactive,Failed,USA,TRUE,6,6-10,FALSE,B2B
28129,Luca,2023,2015-2024,Inactive,Failed,USA,TRUE,6,6-10,FALSE,Retail
28119,Fabius,2023,2015-2024,Inactive,Failed,USA,TRUE,2,1-5,FALSE,B2B
28119,Fabius,2023,2015-2024,Inactive,Failed,USA,TRUE,2,1-5,FALSE,Sales
28113,Interlock,2023,2015-2024,Inactive,Failed,USA,TRUE,2,1-5,FALSE,B2B
28108,CodeParrot AI,2023,2015-2024,Inactive,Failed,India,FALSE,2,1-5,FALSE,B2B
28108,CodeParrot AI,2023,2015-2024,Inactive,Failed,India,FALSE,2,1-5,FALSE,"Engineering, Product and Design"
28082,Sorted,2023,2015-2024,Inactive,Failed,Denmark,FALSE,2,1-5,FALSE,B2B
28082,Sorted,2023,2015-2024,Inactive,Failed,Denmark,FALSE,2,1-5,FALSE,Operations
28078,Turntable,2023,2015-2024,Inactive,Failed,USA,TRUE,3,1-5,FALSE,B2B
28078,Turntable,2023,2015-2024,Inactive,Failed,USA,TRUE,3,1-5,FALSE,Analytics
27972,Defer,2023,2015-2024,Inactive,Failed,France,FALSE,2,1-5,FALSE,B2B
27972,Defer,2023,2015-2024,Inactive,Failed,France,FALSE,2,1-5,FALSE,"Engineering, Product and Design"
27967,Echo,2023,2015-2024,Inactive,Failed,Israel,FALSE,3,1-5,FALSE,B2B
27942,SensorSurf,2023,2015-2024,Inactive,Failed,USA,TRUE,1,1-5,FALSE,B2B
27942,SensorSurf,2023,2015-2024,Inactive,Failed,USA,TRUE,1,1-5,FALSE,"Engineering, Product and Design"
27924,OutSail Technologies,2023,2015-2024,Inactive,Failed,USA,TRUE,3,1-5,FALSE,Industrials
27909,Magicflow 𐂂,2023,2015-2024,Inactive,Failed,Israel,FALSE,2,1-5,FALSE,B2B
27909,Magicflow 𐂂,2023,2015-2024,Inactive,Failed,Israel,FALSE,2,1-5,FALSE,Infrastructure
27899,GoodCourse,2023,2015-2024,Inactive,Failed,United Kingdom,FALSE,8,6-10,FALSE,B2B
27879,Choppy!,2023,2015-2024,Inactive,Failed,USA,TRUE,2,1-5,FALSE,Consumer
27879,Choppy!,2023,2015-2024,Inactive,Failed,USA,TRUE,2,1-5,FALSE,Food and Beverage
27831,Neptyne,2023,2015-2024,Inactive,Failed,USA,TRUE,4,1-5,FALSE,B2B
27825,CreatorML,2023,2015-2024,Inactive,Failed,USA,TRUE,6,6-10,FALSE,B2B
27825,CreatorML,2023,2015-2024,Inactive,Failed,USA,TRUE,6,6-10,FALSE,Analytics
27823,Overflux,2023,2015-2024,Inactive,Failed,USA,TRUE,2,1-5,FALSE,B2B
27816,OpenSight,2023,2015-2024,Inactive,Failed,USA,TRUE,3,1-5,FALSE,B2B
27816,OpenSight,2023,2015-2024,Inactive,Failed,USA,TRUE,3,1-5,FALSE,Operations
27810,Cakework,2023,2015-2024,Inactive,Failed,USA,TRUE,2,1-5,FALSE,B2B
27810,Cakework,2023,2015-2024,Inactive,Failed,USA,TRUE,2,1-5,FALSE,Infrastructure
27734,Rubber Ducky Labs,2023,2015-2024,Inactive,Failed,USA,TRUE,2,1-5,FALSE,B2B
27734,Rubber Ducky Labs,2023,2015-2024,Inactive,Failed,USA,TRUE,2,1-5,FALSE,"Engineering, Product and Design"
27725,Parabolic,2023,2015-2024,Inactive,Failed,USA,TRUE,2,1-5,FALSE,B2B
27713,Lynx,2023,2015-2024,Inactive,Failed,USA,TRUE,5,1-5,FALSE,B2B
27713,Lynx,2023,2015-2024,Inactive,Failed,USA,TRUE,5,1-5,FALSE,"Engineering, Product and Design"
27708,Demospace,2023,2015-2024,Inactive,Failed,,FALSE,2,1-5,FALSE,B2B
27705,Indexical,2023,2015-2024,Inactive,Failed,USA,TRUE,2,1-5,FALSE,B2B
27705,Indexical,2023,2015-2024,Inactive,Failed,USA,TRUE,2,1-5,FALSE,Infrastructure
27694,Paperplane,2023,2015-2024,Inactive,Failed,USA,TRUE,5,1-5,FALSE,Fintech
27694,Paperplane,2023,2015-2024,Inactive,Failed,USA,TRUE,5,1-5,FALSE,Credit and Lending
27687,Layup,2023,2015-2024,Inactive,Failed,USA,TRUE,3,1-5,FALSE,B2B
27684,Struct,2023,2015-2024,Inactive,Failed,NA,FALSE,3,1-5,FALSE,B2B
27672,Blyss,2023,2015-2024,Inactive,Failed,USA,TRUE,2,1-5,FALSE,B2B
27672,Blyss,2023,2015-2024,Inactive,Failed,USA,TRUE,2,1-5,FALSE,Security
27424,Mogara,2023,2015-2024,Inactive,Failed,USA,TRUE,2,1-5,FALSE,B2B
27424,Mogara,2023,2015-2024,Inactive,Failed,USA,TRUE,2,1-5,FALSE,Finance and Accounting
27201,Lavo Life Sciences,2023,2015-2024,Inactive,Failed,,FALSE,3,1-5,FALSE,Healthcare
27201,Lavo Life Sciences,2023,2015-2024,Inactive,Failed,,FALSE,3,1-5,FALSE,Drug Discovery and Delivery
29533,Indemni,2024,2015-2024,Active,Surviving,USA,TRUE,7,6-10,FALSE,B2B
29533,Indemni,2024,2015-2024,Active,Surviving,USA,TRUE,7,6-10,FALSE,Supply Chain and Logistics
29527,ParcelBio,2024,2015-2024,Active,Surviving,USA,TRUE,6,6-10,FALSE,Healthcare
29527,ParcelBio,2024,2015-2024,Active,Surviving,USA,TRUE,6,6-10,FALSE,Therapeutics
29523,K-Scale Labs,2024,2015-2024,Active,Surviving,USA,TRUE,10,6-10,FALSE,Consumer
29523,K-Scale Labs,2024,2015-2024,Active,Surviving,USA,TRUE,10,6-10,FALSE,Consumer Electronics
29522,Marr Labs,2024,2015-2024,Active,Surviving,USA,TRUE,9,6-10,FALSE,B2B
29519,Forge Rewards,2024,2015-2024,Active,Surviving,USA,TRUE,2,1-5,FALSE,B2B
29518,Dropback,2024,2015-2024,Active,Surviving,NA,FALSE,2,1-5,FALSE,Fintech
29517,RetailReady,2024,2015-2024,Active,Surviving,USA,TRUE,12,11-25,FALSE,B2B
29517,RetailReady,2024,2015-2024,Active,Surviving,USA,TRUE,12,11-25,FALSE,Supply Chain and Logistics
29516,Same,2024,2015-2024,Active,Surviving,USA,TRUE,5,1-5,FALSE,Consumer
29516,Same,2024,2015-2024,Active,Surviving,USA,TRUE,5,1-5,FALSE,Content
29515,NowHouse,2024,2015-2024,Active,Surviving,,FALSE,0,NA,FALSE,Fintech
29513,GetCrux,2024,2015-2024,Active,Surviving,USA,TRUE,9,6-10,FALSE,B2B
29513,GetCrux,2024,2015-2024,Active,Surviving,USA,TRUE,9,6-10,FALSE,Analytics
29512,Reprompt,2024,2015-2024,Active,Surviving,USA,TRUE,3,1-5,FALSE,B2B
29512,Reprompt,2024,2015-2024,Active,Surviving,USA,TRUE,3,1-5,FALSE,"Engineering, Product and Design"
29511,InspectMind AI,2024,2015-2024,Active,Surviving,USA,TRUE,3,1-5,FALSE,Real Estate and Construction
29511,InspectMind AI,2024,2015-2024,Active,Surviving,USA,TRUE,3,1-5,FALSE,Construction
29510,Yarn,2024,2015-2024,Active,Surviving,USA,TRUE,6,6-10,FALSE,B2B
29509,Blacksmith,2024,2015-2024,Active,Surviving,,FALSE,3,1-5,FALSE,B2B
29509,Blacksmith,2024,2015-2024,Active,Surviving,,FALSE,3,1-5,FALSE,Infrastructure
29508,CrowdVolt,2024,2015-2024,Active,Surviving,USA,TRUE,10,6-10,FALSE,Consumer
29507,kater.ai,2024,2015-2024,Active,Surviving,USA,TRUE,3,1-5,FALSE,B2B
29507,kater.ai,2024,2015-2024,Active,Surviving,USA,TRUE,3,1-5,FALSE,Analytics
29506,Mathos,2024,2015-2024,Active,Surviving,USA,TRUE,5,1-5,FALSE,Education
29505,Tower,2024,2015-2024,Active,Surviving,USA,TRUE,3,1-5,FALSE,B2B
29505,Tower,2024,2015-2024,Active,Surviving,USA,TRUE,3,1-5,FALSE,Legal
29504,Quivr,2024,2015-2024,Active,Surviving,France,FALSE,5,1-5,FALSE,B2B
29504,Quivr,2024,2015-2024,Active,Surviving,France,FALSE,5,1-5,FALSE,Productivity
29503,Dragoneye,2024,2015-2024,Active,Surviving,USA,TRUE,2,1-5,FALSE,B2B
29503,Dragoneye,2024,2015-2024,Active,Surviving,USA,TRUE,2,1-5,FALSE,"Engineering, Product and Design"
29502,renderlet,2024,2015-2024,Active,Surviving,USA,TRUE,2,1-5,FALSE,B2B
29502,renderlet,2024,2015-2024,Active,Surviving,USA,TRUE,2,1-5,FALSE,"Engineering, Product and Design"
29501,Latted,2024,2015-2024,Active,Surviving,USA,TRUE,2,1-5,FALSE,B2B
29501,Latted,2024,2015-2024,Active,Surviving,USA,TRUE,2,1-5,FALSE,"Engineering, Product and Design"
29500,The New Money Company,2024,2015-2024,Active,Surviving,USA,TRUE,4,1-5,FALSE,Fintech
29500,The New Money Company,2024,2015-2024,Active,Surviving,USA,TRUE,4,1-5,FALSE,Payments
29499,Forge,2024,2015-2024,Active,Surviving,USA,TRUE,3,1-5,FALSE,B2B
29499,Forge,2024,2015-2024,Active,Surviving,USA,TRUE,3,1-5,FALSE,Supply Chain and Logistics
29498,Integuru,2024,2015-2024,Active,Surviving,USA,TRUE,4,1-5,FALSE,B2B
29498,Integuru,2024,2015-2024,Active,Surviving,USA,TRUE,4,1-5,FALSE,"Engineering, Product and Design"
29496,VoxOps AI,2024,2015-2024,Active,Surviving,United Kingdom,FALSE,6,6-10,FALSE,B2B
29485,Granza Bio,2024,2015-2024,Active,Surviving,USA,TRUE,7,6-10,FALSE,Healthcare
29485,Granza Bio,2024,2015-2024,Active,Surviving,USA,TRUE,7,6-10,FALSE,Therapeutics
29484,Haplotype Labs,2024,2015-2024,Active,Surviving,USA,TRUE,1,1-5,FALSE,Healthcare
29484,Haplotype Labs,2024,2015-2024,Active,Surviving,USA,TRUE,1,1-5,FALSE,Diagnostics
29483,Healia,2024,2015-2024,Active,Surviving,USA,TRUE,15,11-25,FALSE,Fintech
29483,Healia,2024,2015-2024,Active,Surviving,USA,TRUE,15,11-25,FALSE,Insurance
29482,TrueClaim,2024,2015-2024,Active,Surviving,USA,TRUE,10,6-10,FALSE,Healthcare
29481,CoCrafter,2024,2015-2024,Active,Surviving,Germany,FALSE,9,6-10,FALSE,Real Estate and Construction
29481,CoCrafter,2024,2015-2024,Active,Surviving,Germany,FALSE,9,6-10,FALSE,Construction
29478,Reform,2024,2015-2024,Active,Surviving,USA,TRUE,10,6-10,FALSE,B2B
29478,Reform,2024,2015-2024,Active,Surviving,USA,TRUE,10,6-10,FALSE,Supply Chain and Logistics
29477,Piramidal,2024,2015-2024,Active,Surviving,USA,TRUE,10,6-10,FALSE,Healthcare
29476,Junction Bioscience,2024,2015-2024,Active,Surviving,USA,TRUE,1,1-5,FALSE,Healthcare
29476,Junction Bioscience,2024,2015-2024,Active,Surviving,USA,TRUE,1,1-5,FALSE,Therapeutics
29473,OddsView,2024,2015-2024,Active,Surviving,USA,TRUE,5,1-5,FALSE,Consumer
29472,Silogy,2024,2015-2024,Active,Surviving,USA,TRUE,3,1-5,FALSE,B2B
29472,Silogy,2024,2015-2024,Active,Surviving,USA,TRUE,3,1-5,FALSE,"Engineering, Product and Design"
29471,Senso,2024,2015-2024,Active,Surviving,Canada,FALSE,8,6-10,FALSE,B2B
29470,Eris Biotech,2024,2015-2024,Active,Surviving,USA,TRUE,2,1-5,FALSE,Healthcare
29470,Eris Biotech,2024,2015-2024,Active,Surviving,USA,TRUE,2,1-5,FALSE,Therapeutics
29467,Powder,2024,2015-2024,Active,Surviving,,FALSE,6,6-10,FALSE,Fintech
29467,Powder,2024,2015-2024,Active,Surviving,,FALSE,6,6-10,FALSE,Asset Management
29466,OpenFoundry,2024,2015-2024,Active,Surviving,USA,TRUE,2,1-5,FALSE,B2B
29466,OpenFoundry,2024,2015-2024,Active,Surviving,USA,TRUE,2,1-5,FALSE,"Engineering, Product and Design"
29465,Polar,2024,2015-2024,Active,Surviving,USA,TRUE,2,1-5,FALSE,Fintech
29465,Polar,2024,2015-2024,Active,Surviving,USA,TRUE,2,1-5,FALSE,Consumer Finance
29463,Penciled,2024,2015-2024,Active,Surviving,USA,TRUE,2,1-5,FALSE,Healthcare
29463,Penciled,2024,2015-2024,Active,Surviving,USA,TRUE,2,1-5,FALSE,Healthcare IT
29461,Magic Hour,2024,2015-2024,Active,Surviving,USA,TRUE,2,1-5,FALSE,Consumer
29461,Magic Hour,2024,2015-2024,Active,Surviving,USA,TRUE,2,1-5,FALSE,Content
29460,Ryse,2024,2015-2024,Active,Surviving,USA,TRUE,13,11-25,FALSE,B2B
29457,Datacurve,2024,2015-2024,Active,Surviving,USA,TRUE,4,1-5,FALSE,B2B
29456,Marblism,2024,2015-2024,Active,Surviving,USA,TRUE,5,1-5,FALSE,B2B
29456,Marblism,2024,2015-2024,Active,Surviving,USA,TRUE,5,1-5,FALSE,"Engineering, Product and Design"
29455,CommodityAI,2024,2015-2024,Active,Surviving,USA,TRUE,6,6-10,FALSE,B2B
29455,CommodityAI,2024,2015-2024,Active,Surviving,USA,TRUE,6,6-10,FALSE,Operations
29454,Veles,2024,2015-2024,Active,Surviving,USA,TRUE,5,1-5,FALSE,B2B
29454,Veles,2024,2015-2024,Active,Surviving,USA,TRUE,5,1-5,FALSE,Sales
29453,Miden,2024,2015-2024,Active,Surviving,Nigeria,FALSE,19,11-25,FALSE,Fintech
29452,Fluently,2024,2015-2024,Active,Surviving,USA,TRUE,2,1-5,FALSE,Consumer
29451,Basepilot,2024,2015-2024,Active,Surviving,USA,TRUE,2,1-5,FALSE,B2B
29451,Basepilot,2024,2015-2024,Active,Surviving,USA,TRUE,2,1-5,FALSE,Productivity
29450,Aqua Voice,2024,2015-2024,Active,Surviving,USA,TRUE,5,1-5,FALSE,Consumer
29448,xPay,2024,2015-2024,Active,Surviving,Bengaluru,FALSE,3,1-5,FALSE,Fintech
29448,xPay,2024,2015-2024,Active,Surviving,Bengaluru,FALSE,3,1-5,FALSE,Payments
29447,Deepnight,2024,2015-2024,Active,Surviving,USA,TRUE,13,11-25,FALSE,Industrials
29447,Deepnight,2024,2015-2024,Active,Surviving,USA,TRUE,13,11-25,FALSE,Defense
29444,Vista Power,2024,2015-2024,Active,Surviving,USA,TRUE,3,1-5,FALSE,Industrials
29444,Vista Power,2024,2015-2024,Active,Surviving,USA,TRUE,3,1-5,FALSE,Energy
29443,Adapted,2024,2015-2024,Active,Surviving,USA,TRUE,2,1-5,FALSE,Consumer
29442,Ocular AI,2024,2015-2024,Active,Surviving,USA,TRUE,6,6-10,FALSE,B2B
29441,Retell AI,2024,2015-2024,Active,Surviving,USA,TRUE,40,26-100,FALSE,B2B
29440,Rove,2024,2015-2024,Active,Surviving,USA,TRUE,4,1-5,FALSE,Consumer
29440,Rove,2024,2015-2024,Active,Surviving,USA,TRUE,4,1-5,FALSE,"Travel, Leisure and Tourism"
29439,camelAI,2024,2015-2024,Active,Surviving,USA,TRUE,3,1-5,FALSE,B2B
29439,camelAI,2024,2015-2024,Active,Surviving,USA,TRUE,3,1-5,FALSE,"Engineering, Product and Design"
29438,Spark,2024,2015-2024,Active,Surviving,,FALSE,5,1-5,FALSE,B2B
29436,Downlink,2024,2015-2024,Active,Surviving,USA,TRUE,1,1-5,FALSE,B2B
29436,Downlink,2024,2015-2024,Active,Surviving,USA,TRUE,1,1-5,FALSE,Infrastructure
29435,Terrakotta,2024,2015-2024,Active,Surviving,USA,TRUE,5,1-5,FALSE,B2B
29435,Terrakotta,2024,2015-2024,Active,Surviving,USA,TRUE,5,1-5,FALSE,Sales
29434,Stacksync,2024,2015-2024,Active,Surviving,USA,TRUE,16,11-25,FALSE,B2B
29434,Stacksync,2024,2015-2024,Active,Surviving,USA,TRUE,16,11-25,FALSE,"Engineering, Product and Design"
29433,Hatchet,2024,2015-2024,Active,Surviving,USA,TRUE,7,6-10,FALSE,B2B
29433,Hatchet,2024,2015-2024,Active,Surviving,USA,TRUE,7,6-10,FALSE,Infrastructure
29432,Shepherd,2024,2015-2024,Active,Surviving,NA,FALSE,5,1-5,FALSE,Education
29431,Sonauto,2024,2015-2024,Active,Surviving,,FALSE,4,1-5,FALSE,Consumer
29431,Sonauto,2024,2015-2024,Active,Surviving,,FALSE,4,1-5,FALSE,Content
29430,BiteSight,2024,2015-2024,Active,Surviving,USA,TRUE,4,1-5,FALSE,Consumer
29430,BiteSight,2024,2015-2024,Active,Surviving,USA,TRUE,4,1-5,FALSE,Social
29429,Velorum Therapeutics,2024,2015-2024,Active,Surviving,USA,TRUE,5,1-5,FALSE,Healthcare
29429,Velorum Therapeutics,2024,2015-2024,Active,Surviving,USA,TRUE,5,1-5,FALSE,Therapeutics
29425,Zep AI,2024,2015-2024,Active,Surviving,USA,TRUE,5,1-5,FALSE,B2B
29424,Openmart,2024,2015-2024,Active,Surviving,USA,TRUE,6,6-10,FALSE,B2B
29423,Triply,2024,2015-2024,Active,Surviving,Kenya,FALSE,18,11-25,FALSE,B2B
29423,Triply,2024,2015-2024,Active,Surviving,Kenya,FALSE,18,11-25,FALSE,Operations
29422,Deep24,2024,2015-2024,Active,Surviving,USA,TRUE,2,1-5,FALSE,Education
29420,Alai,2024,2015-2024,Active,Surviving,,FALSE,5,1-5,FALSE,B2B
29419,Lumetric,2024,2015-2024,Active,Surviving,USA,TRUE,2,1-5,FALSE,B2B
29417,Brainbase Labs,2024,2015-2024,Active,Surviving,USA,TRUE,5,1-5,FALSE,B2B
29416,Focal,2024,2015-2024,Active,Surviving,USA,TRUE,2,1-5,FALSE,Consumer
29416,Focal,2024,2015-2024,Active,Surviving,USA,TRUE,2,1-5,FALSE,Content
29415,Givefront,2024,2015-2024,Active,Surviving,USA,TRUE,4,1-5,FALSE,Fintech
29415,Givefront,2024,2015-2024,Active,Surviving,USA,TRUE,4,1-5,FALSE,Banking and Exchange
29414,Cleva,2024,2015-2024,Active,Surviving,Nigeria,FALSE,30,26-100,FALSE,Fintech
29413,Oma Care,2024,2015-2024,Active,Surviving,,FALSE,2,1-5,FALSE,Healthcare
29413,Oma Care,2024,2015-2024,Active,Surviving,,FALSE,2,1-5,FALSE,Healthcare Services
29411,Artos,2024,2015-2024,Active,Surviving,USA,TRUE,7,6-10,FALSE,B2B
29410,Model ML,2024,2015-2024,Active,Surviving,United Kingdom,FALSE,80,26-100,FALSE,B2B
29409,BetterBasket,2024,2015-2024,Active,Surviving,USA,TRUE,5,1-5,FALSE,B2B
29409,BetterBasket,2024,2015-2024,Active,Surviving,USA,TRUE,5,1-5,FALSE,Analytics
29408,Circleback,2024,2015-2024,Active,Surviving,USA,TRUE,8,6-10,FALSE,B2B
29408,Circleback,2024,2015-2024,Active,Surviving,USA,TRUE,8,6-10,FALSE,Productivity
29407,JustAI,2024,2015-2024,Active,Surviving,USA,TRUE,4,1-5,FALSE,B2B
29407,JustAI,2024,2015-2024,Active,Surviving,USA,TRUE,4,1-5,FALSE,Marketing
29405,Risotto,2024,2015-2024,Active,Surviving,USA,TRUE,3,1-5,FALSE,B2B
29405,Risotto,2024,2015-2024,Active,Surviving,USA,TRUE,3,1-5,FALSE,Operations
29404,Diana,2024,2015-2024,Active,Surviving,USA,TRUE,7,6-10,FALSE,B2B
29403,HeartByte,2024,2015-2024,Active,Surviving,USA,TRUE,2,1-5,FALSE,Consumer
29403,HeartByte,2024,2015-2024,Active,Surviving,USA,TRUE,2,1-5,FALSE,Content
29402,Yondu,2024,2015-2024,Active,Surviving,USA,TRUE,12,11-25,FALSE,Industrials
29402,Yondu,2024,2015-2024,Active,Surviving,USA,TRUE,12,11-25,FALSE,Manufacturing and Robotics
29401,Raindrop,2024,2015-2024,Active,Surviving,USA,TRUE,9,6-10,FALSE,B2B
29401,Raindrop,2024,2015-2024,Active,Surviving,USA,TRUE,9,6-10,FALSE,"Engineering, Product and Design"
29400,floatingpoint,2024,2015-2024,Active,Surviving,USA,TRUE,NA,NA,FALSE,B2B
29399,Centauri AI,2024,2015-2024,Active,Surviving,USA,TRUE,5,1-5,FALSE,Fintech
29399,Centauri AI,2024,2015-2024,Active,Surviving,USA,TRUE,5,1-5,FALSE,Asset Management
29398,ProSights,2024,2015-2024,Active,Surviving,USA,TRUE,14,11-25,FALSE,B2B
29398,ProSights,2024,2015-2024,Active,Surviving,USA,TRUE,14,11-25,FALSE,Productivity
29397,Manifold Freight,2024,2015-2024,Active,Surviving,USA,TRUE,5,1-5,FALSE,B2B
29397,Manifold Freight,2024,2015-2024,Active,Surviving,USA,TRUE,5,1-5,FALSE,Supply Chain and Logistics
29396,EdgeTrace,2024,2015-2024,Active,Surviving,USA,TRUE,4,1-5,FALSE,B2B
29395,Clarum,2024,2015-2024,Active,Surviving,USA,TRUE,2,1-5,FALSE,B2B
29395,Clarum,2024,2015-2024,Active,Surviving,USA,TRUE,2,1-5,FALSE,Finance and Accounting
29394,Opencall,2024,2015-2024,Active,Surviving,,FALSE,7,6-10,FALSE,B2B
29393,Voicepanel,2024,2015-2024,Active,Surviving,,FALSE,5,1-5,FALSE,B2B
29393,Voicepanel,2024,2015-2024,Active,Surviving,,FALSE,5,1-5,FALSE,Analytics
29390,OffDeal,2024,2015-2024,Active,Surviving,USA,TRUE,15,11-25,FALSE,B2B
29386,Andy AI,2024,2015-2024,Active,Surviving,USA,TRUE,5,1-5,FALSE,Healthcare
29386,Andy AI,2024,2015-2024,Active,Surviving,USA,TRUE,5,1-5,FALSE,Healthcare IT
29385,Hazel,2024,2015-2024,Active,Surviving,USA,TRUE,5,1-5,FALSE,Government
29384,Shiboleth,2024,2015-2024,Active,Surviving,USA,TRUE,5,1-5,FALSE,B2B
29384,Shiboleth,2024,2015-2024,Active,Surviving,USA,TRUE,5,1-5,FALSE,Security
29383,Aftercare,2024,2015-2024,Active,Surviving,USA,TRUE,3,1-5,FALSE,B2B
29382,Soundry AI,2024,2015-2024,Active,Surviving,USA,TRUE,2,1-5,FALSE,Consumer
29382,Soundry AI,2024,2015-2024,Active,Surviving,USA,TRUE,2,1-5,FALSE,Content
29381,Elodin,2024,2015-2024,Active,Surviving,USA,TRUE,5,1-5,FALSE,Industrials
29381,Elodin,2024,2015-2024,Active,Surviving,USA,TRUE,5,1-5,FALSE,Aviation and Space
29380,Conduit,2024,2015-2024,Active,Surviving,USA,TRUE,18,11-25,FALSE,B2B
29378,Tensorfuse,2024,2015-2024,Active,Surviving,,FALSE,2,1-5,FALSE,B2B
29378,Tensorfuse,2024,2015-2024,Active,Surviving,,FALSE,2,1-5,FALSE,"Engineering, Product and Design"
29377,Toma,2024,2015-2024,Active,Surviving,USA,TRUE,20,11-25,FALSE,B2B
29377,Toma,2024,2015-2024,Active,Surviving,USA,TRUE,20,11-25,FALSE,Operations
29376,Carma,2024,2015-2024,Active,Surviving,USA,TRUE,15,11-25,FALSE,B2B
29376,Carma,2024,2015-2024,Active,Surviving,USA,TRUE,15,11-25,FALSE,Operations
29375,Preloop,2024,2015-2024,Active,Surviving,USA,TRUE,2,1-5,FALSE,B2B
29375,Preloop,2024,2015-2024,Active,Surviving,USA,TRUE,2,1-5,FALSE,"Engineering, Product and Design"
29374,Superagent,2024,2015-2024,Active,Surviving,USA,TRUE,2,1-5,FALSE,B2B
29374,Superagent,2024,2015-2024,Active,Surviving,USA,TRUE,2,1-5,FALSE,Security
29373,Bilanc,2024,2015-2024,Active,Surviving,USA,TRUE,3,1-5,FALSE,B2B
29373,Bilanc,2024,2015-2024,Active,Surviving,USA,TRUE,3,1-5,FALSE,"Engineering, Product and Design"
29372,SevnAI,2024,2015-2024,Active,Surviving,USA,TRUE,2,1-5,FALSE,Consumer
29369,Astro Mechanica,2024,2015-2024,Active,Surviving,USA,TRUE,52,26-100,FALSE,Industrials
29369,Astro Mechanica,2024,2015-2024,Active,Surviving,USA,TRUE,52,26-100,FALSE,Aviation and Space
29368,CodeAnt AI,2024,2015-2024,Active,Surviving,USA,TRUE,25,11-25,FALSE,B2B
29368,CodeAnt AI,2024,2015-2024,Active,Surviving,USA,TRUE,25,11-25,FALSE,"Engineering, Product and Design"
29367,Draftaid,2024,2015-2024,Active,Surviving,Canada,FALSE,14,11-25,FALSE,B2B
29367,Draftaid,2024,2015-2024,Active,Surviving,Canada,FALSE,14,11-25,FALSE,"Engineering, Product and Design"
29366,Metofico,2024,2015-2024,Active,Surviving,United Kingdom,FALSE,2,1-5,FALSE,B2B
29366,Metofico,2024,2015-2024,Active,Surviving,United Kingdom,FALSE,2,1-5,FALSE,"Engineering, Product and Design"
29365,Ellipsis,2024,2015-2024,Active,Surviving,USA,TRUE,2,1-5,FALSE,B2B
29365,Ellipsis,2024,2015-2024,Active,Surviving,USA,TRUE,2,1-5,FALSE,"Engineering, Product and Design"
29364,Dime,2024,2015-2024,Active,Surviving,USA,TRUE,3,1-5,FALSE,B2B
29363,Solari AI,2024,2015-2024,Active,Surviving,USA,TRUE,1,1-5,FALSE,B2B
29363,Solari AI,2024,2015-2024,Active,Surviving,USA,TRUE,1,1-5,FALSE,"Engineering, Product and Design"
29362,Pazi,2024,2015-2024,Active,Surviving,,FALSE,7,6-10,FALSE,B2B
29362,Pazi,2024,2015-2024,Active,Surviving,,FALSE,7,6-10,FALSE,"Engineering, Product and Design"
29360,Open,2024,2015-2024,Active,Surviving,USA,TRUE,22,11-25,FALSE,B2B
29360,Open,2024,2015-2024,Active,Surviving,USA,TRUE,22,11-25,FALSE,"Engineering, Product and Design"
29357,Salvy,2024,2015-2024,Active,Surviving,Brazil,FALSE,27,26-100,FALSE,B2B
29357,Salvy,2024,2015-2024,Active,Surviving,Brazil,FALSE,27,26-100,FALSE,Operations
29356,Centralize,2024,2015-2024,Active,Surviving,USA,TRUE,6,6-10,FALSE,B2B
29356,Centralize,2024,2015-2024,Active,Surviving,USA,TRUE,6,6-10,FALSE,Sales
29355,NanoCorp,2024,2015-2024,Active,Surviving,USA,TRUE,1,1-5,FALSE,Consumer
29352,Firebender,2024,2015-2024,Active,Surviving,USA,TRUE,1,1-5,FALSE,B2B
29352,Firebender,2024,2015-2024,Active,Surviving,USA,TRUE,1,1-5,FALSE,"Engineering, Product and Design"
29350,Aether,2024,2015-2024,Active,Surviving,USA,TRUE,8,6-10,FALSE,B2B
29350,Aether,2024,2015-2024,Active,Surviving,USA,TRUE,8,6-10,FALSE,"Engineering, Product and Design"
29348,Parallel,2024,2015-2024,Active,Surviving,France,FALSE,15,11-25,FALSE,Healthcare
29348,Parallel,2024,2015-2024,Active,Surviving,France,FALSE,15,11-25,FALSE,Healthcare IT
29347,Vibrant Labs,2024,2015-2024,Active,Surviving,USA,TRUE,2,1-5,FALSE,B2B
29347,Vibrant Labs,2024,2015-2024,Active,Surviving,USA,TRUE,2,1-5,FALSE,Infrastructure
29346,sync.,2024,2015-2024,Active,Surviving,USA,TRUE,13,11-25,FALSE,B2B
29345,PandasAI,2024,2015-2024,Active,Surviving,Germany,FALSE,3,1-5,FALSE,B2B
29345,PandasAI,2024,2015-2024,Active,Surviving,Germany,FALSE,3,1-5,FALSE,Analytics
29343,Infinity,2024,2015-2024,Active,Surviving,India,FALSE,15,11-25,FALSE,Fintech
29343,Infinity,2024,2015-2024,Active,Surviving,India,FALSE,15,11-25,FALSE,Payments
29342,InQuery,2024,2015-2024,Active,Surviving,USA,TRUE,4,1-5,FALSE,Healthcare
29342,InQuery,2024,2015-2024,Active,Surviving,USA,TRUE,4,1-5,FALSE,Healthcare IT
29341,14.ai,2024,2015-2024,Active,Surviving,USA,TRUE,3,1-5,FALSE,B2B
29341,14.ai,2024,2015-2024,Active,Surviving,USA,TRUE,3,1-5,FALSE,Infrastructure
29340,Tamarind Bio,2024,2015-2024,Active,Surviving,USA,TRUE,15,11-25,FALSE,B2B
29339,Clarion,2024,2015-2024,Active,Surviving,USA,TRUE,14,11-25,FALSE,Healthcare
29339,Clarion,2024,2015-2024,Active,Surviving,USA,TRUE,14,11-25,FALSE,Healthcare IT
29338,Consul,2024,2015-2024,Active,Surviving,USA,TRUE,2,1-5,FALSE,Fintech
29338,Consul,2024,2015-2024,Active,Surviving,USA,TRUE,2,1-5,FALSE,Payments
29336,Scout,2024,2015-2024,Active,Surviving,USA,TRUE,3,1-5,FALSE,B2B
29336,Scout,2024,2015-2024,Active,Surviving,USA,TRUE,3,1-5,FALSE,Retail
29334,Decipher AI,2024,2015-2024,Active,Surviving,USA,TRUE,4,1-5,FALSE,B2B
29334,Decipher AI,2024,2015-2024,Active,Surviving,USA,TRUE,4,1-5,FALSE,"Engineering, Product and Design"
29333,LemonSlice,2024,2015-2024,Active,Surviving,USA,TRUE,8,6-10,FALSE,B2B
29332,Polished,2024,2015-2024,Active,Surviving,USA,TRUE,NA,NA,FALSE,B2B
29332,Polished,2024,2015-2024,Active,Surviving,USA,TRUE,NA,NA,FALSE,"Engineering, Product and Design"
29328,Guide Labs,2024,2015-2024,Active,Surviving,USA,TRUE,9,6-10,FALSE,B2B
29326,OmniAI,2024,2015-2024,Active,Surviving,USA,TRUE,5,1-5,FALSE,B2B
29326,OmniAI,2024,2015-2024,Active,Surviving,USA,TRUE,5,1-5,FALSE,Finance and Accounting
29325,Respan,2024,2015-2024,Active,Surviving,USA,TRUE,10,6-10,FALSE,B2B
29325,Respan,2024,2015-2024,Active,Surviving,USA,TRUE,10,6-10,FALSE,Infrastructure
29324,PromptArmor,2024,2015-2024,Active,Surviving,USA,TRUE,NA,NA,FALSE,B2B
29324,PromptArmor,2024,2015-2024,Active,Surviving,USA,TRUE,NA,NA,FALSE,Security
29323,Zaymo,2024,2015-2024,Active,Surviving,USA,TRUE,13,11-25,FALSE,B2B
29323,Zaymo,2024,2015-2024,Active,Surviving,USA,TRUE,13,11-25,FALSE,Marketing
29319,Meticulate,2024,2015-2024,Active,Surviving,USA,TRUE,5,1-5,FALSE,B2B
29317,CloudCruise,2024,2015-2024,Active,Surviving,USA,TRUE,3,1-5,FALSE,B2B
29315,Attunement,2024,2015-2024,Active,Surviving,USA,TRUE,3,1-5,FALSE,Healthcare
29314,Lucite,2024,2015-2024,Active,Surviving,USA,TRUE,4,1-5,FALSE,B2B
29312,OneGrep,2024,2015-2024,Active,Surviving,USA,TRUE,2,1-5,FALSE,B2B
29312,OneGrep,2024,2015-2024,Active,Surviving,USA,TRUE,2,1-5,FALSE,"Engineering, Product and Design"
29310,Tusk,2024,2015-2024,Active,Surviving,USA,TRUE,4,1-5,FALSE,B2B
29310,Tusk,2024,2015-2024,Active,Surviving,USA,TRUE,4,1-5,FALSE,"Engineering, Product and Design"
29309,PartnerHQ,2024,2015-2024,Active,Surviving,USA,TRUE,4,1-5,FALSE,B2B
29309,PartnerHQ,2024,2015-2024,Active,Surviving,USA,TRUE,4,1-5,FALSE,Sales
29308,atopile,2024,2015-2024,Active,Surviving,USA,TRUE,5,1-5,FALSE,B2B
29308,atopile,2024,2015-2024,Active,Surviving,USA,TRUE,5,1-5,FALSE,"Engineering, Product and Design"
29306,Copper Health,2024,2015-2024,Active,Surviving,USA,TRUE,2,1-5,FALSE,Healthcare
29306,Copper Health,2024,2015-2024,Active,Surviving,USA,TRUE,2,1-5,FALSE,Healthcare IT
29305,SynsoryBio,2024,2015-2024,Active,Surviving,USA,TRUE,2,1-5,FALSE,Healthcare
29305,SynsoryBio,2024,2015-2024,Active,Surviving,USA,TRUE,2,1-5,FALSE,Therapeutics
29304,Yoneda Labs,2024,2015-2024,Active,Surviving,USA,TRUE,3,1-5,FALSE,B2B
29303,TokenOwl,2024,2015-2024,Active,Surviving,USA,TRUE,2,1-5,FALSE,Fintech
29301,Topo,2024,2015-2024,Active,Surviving,France,FALSE,12,11-25,FALSE,B2B
29301,Topo,2024,2015-2024,Active,Surviving,France,FALSE,12,11-25,FALSE,Sales
29300,Trellis AI,2024,2015-2024,Active,Surviving,USA,TRUE,25,11-25,FALSE,B2B
29299,Ecliptor,2024,2015-2024,Active,Surviving,USA,TRUE,2,1-5,FALSE,B2B
29299,Ecliptor,2024,2015-2024,Active,Surviving,USA,TRUE,2,1-5,FALSE,Sales
29298,Greenboard,2024,2015-2024,Active,Surviving,USA,TRUE,26,26-100,FALSE,Fintech
29297,Eggnog,2024,2015-2024,Active,Surviving,USA,TRUE,1,1-5,FALSE,Consumer
29295,Artisan,2024,2015-2024,Active,Surviving,USA,TRUE,37,26-100,FALSE,B2B
29294,Octolane AI,2024,2015-2024,Active,Surviving,USA,TRUE,5,1-5,FALSE,B2B
29294,Octolane AI,2024,2015-2024,Active,Surviving,USA,TRUE,5,1-5,FALSE,Sales
29293,SuretyNow,2024,2015-2024,Active,Surviving,USA,TRUE,4,1-5,FALSE,Fintech
29293,SuretyNow,2024,2015-2024,Active,Surviving,USA,TRUE,4,1-5,FALSE,Insurance
29291,ROE,2024,2015-2024,Active,Surviving,USA,TRUE,9,6-10,FALSE,B2B
29291,ROE,2024,2015-2024,Active,Surviving,USA,TRUE,9,6-10,FALSE,Infrastructure
29290,FurtherAI,2024,2015-2024,Active,Surviving,USA,TRUE,36,26-100,FALSE,B2B
29288,Arini,2024,2015-2024,Active,Surviving,USA,TRUE,17,11-25,FALSE,Healthcare
29288,Arini,2024,2015-2024,Active,Surviving,USA,TRUE,17,11-25,FALSE,Healthcare IT
29287,Paradigm,2024,2015-2024,Active,Surviving,USA,TRUE,8,6-10,FALSE,B2B
29286,PointOne,2024,2015-2024,Active,Surviving,USA,TRUE,15,11-25,FALSE,B2B
29286,PointOne,2024,2015-2024,Active,Surviving,USA,TRUE,15,11-25,FALSE,Infrastructure
29284,AveryIQ,2024,2015-2024,Active,Surviving,USA,TRUE,3,1-5,FALSE,Real Estate and Construction
29284,AveryIQ,2024,2015-2024,Active,Surviving,USA,TRUE,3,1-5,FALSE,Housing and Real Estate
29283,Wavelength,2024,2015-2024,Active,Surviving,USA,TRUE,3,1-5,FALSE,B2B
29283,Wavelength,2024,2015-2024,Active,Surviving,USA,TRUE,3,1-5,FALSE,Operations
29281,MathDash,2024,2015-2024,Active,Surviving,USA,TRUE,2,1-5,FALSE,Education
29278,Leaping,2024,2015-2024,Active,Surviving,USA,TRUE,2,1-5,FALSE,B2B
29278,Leaping,2024,2015-2024,Active,Surviving,USA,TRUE,2,1-5,FALSE,"Engineering, Product and Design"
29277,Basalt,2024,2015-2024,Active,Surviving,USA,TRUE,5,1-5,FALSE,Industrials
29277,Basalt,2024,2015-2024,Active,Surviving,USA,TRUE,5,1-5,FALSE,Aviation and Space
29276,Carousel Technologies,2024,2015-2024,Active,Surviving,USA,TRUE,4,1-5,FALSE,B2B
29276,Carousel Technologies,2024,2015-2024,Active,Surviving,USA,TRUE,4,1-5,FALSE,Finance and Accounting
29275,Agentic Labs,2024,2015-2024,Active,Surviving,USA,TRUE,2,1-5,FALSE,B2B
29275,Agentic Labs,2024,2015-2024,Active,Surviving,USA,TRUE,2,1-5,FALSE,"Engineering, Product and Design"
29274,Fractal Labs,2024,2015-2024,Active,Surviving,,FALSE,4,1-5,FALSE,Consumer
29273,Pivot Robotics,2024,2015-2024,Active,Surviving,USA,TRUE,7,6-10,FALSE,Industrials
29273,Pivot Robotics,2024,2015-2024,Active,Surviving,USA,TRUE,7,6-10,FALSE,Manufacturing and Robotics
29272,Aidy,2024,2015-2024,Active,Surviving,USA,TRUE,2,1-5,FALSE,Healthcare
29272,Aidy,2024,2015-2024,Active,Surviving,USA,TRUE,2,1-5,FALSE,Consumer Health and Wellness
29270,Keystroke,2024,2015-2024,Active,Surviving,USA,TRUE,4,1-5,FALSE,B2B
29270,Keystroke,2024,2015-2024,Active,Surviving,USA,TRUE,4,1-5,FALSE,Analytics
29269,Garage,2024,2015-2024,Active,Surviving,USA,TRUE,25,11-25,FALSE,B2B
29267,"Argon AI, Inc.",2024,2015-2024,Active,Surviving,USA,TRUE,2,1-5,FALSE,Healthcare
29266,nCompass Technologies,2024,2015-2024,Active,Surviving,USA,TRUE,3,1-5,FALSE,B2B
29266,nCompass Technologies,2024,2015-2024,Active,Surviving,USA,TRUE,3,1-5,FALSE,"Engineering, Product and Design"
29265,Pretzel AI,2024,2015-2024,Active,Surviving,Germany,FALSE,2,1-5,FALSE,B2B
29265,Pretzel AI,2024,2015-2024,Active,Surviving,Germany,FALSE,2,1-5,FALSE,"Engineering, Product and Design"
29263,Alex,2024,2015-2024,Active,Surviving,USA,TRUE,30,26-100,FALSE,B2B
29263,Alex,2024,2015-2024,Active,Surviving,USA,TRUE,30,26-100,FALSE,Recruiting and Talent
29261,malibou,2024,2015-2024,Active,Surviving,France,FALSE,2,1-5,FALSE,B2B
29261,malibou,2024,2015-2024,Active,Surviving,France,FALSE,2,1-5,FALSE,Human Resources
29259,Newton,2024,2015-2024,Active,Surviving,USA,TRUE,4,1-5,FALSE,B2B
29258,Saga AI,2024,2015-2024,Active,Surviving,USA,TRUE,2,1-5,FALSE,B2B
29258,Saga AI,2024,2015-2024,Active,Surviving,USA,TRUE,2,1-5,FALSE,Operations
29257,Tuesday Lab,2024,2015-2024,Active,Surviving,USA,TRUE,5,1-5,FALSE,Consumer
29257,Tuesday Lab,2024,2015-2024,Active,Surviving,USA,TRUE,5,1-5,FALSE,Consumer Electronics
29256,Momentic,2024,2015-2024,Active,Surviving,USA,TRUE,12,11-25,FALSE,B2B
29256,Momentic,2024,2015-2024,Active,Surviving,USA,TRUE,12,11-25,FALSE,"Engineering, Product and Design"
29254,Reducto,2024,2015-2024,Active,Surviving,USA,TRUE,30,26-100,FALSE,B2B
29254,Reducto,2024,2015-2024,Active,Surviving,USA,TRUE,30,26-100,FALSE,"Engineering, Product and Design"
29253,Andon Labs,2024,2015-2024,Active,Surviving,USA,TRUE,10,6-10,FALSE,B2B
29253,Andon Labs,2024,2015-2024,Active,Surviving,USA,TRUE,10,6-10,FALSE,"Engineering, Product and Design"
29252,Maia,2024,2015-2024,Active,Surviving,USA,TRUE,2,1-5,FALSE,Healthcare
29252,Maia,2024,2015-2024,Active,Surviving,USA,TRUE,2,1-5,FALSE,Consumer Health and Wellness
29249,Nuanced,2024,2015-2024,Active,Surviving,USA,TRUE,2,1-5,FALSE,B2B
29247,Precip,2024,2015-2024,Active,Surviving,NA,FALSE,3,1-5,FALSE,B2B
29246,Tracecat,2024,2015-2024,Active,Surviving,USA,TRUE,NA,NA,FALSE,B2B
29246,Tracecat,2024,2015-2024,Active,Surviving,USA,TRUE,NA,NA,FALSE,Security
29245,Kabilah,2024,2015-2024,Active,Surviving,,FALSE,NA,NA,FALSE,Healthcare
29244,Sonia,2024,2015-2024,Active,Surviving,USA,TRUE,8,6-10,FALSE,Healthcare
29244,Sonia,2024,2015-2024,Active,Surviving,USA,TRUE,8,6-10,FALSE,Consumer Health and Wellness
29241,Maihem,2024,2015-2024,Active,Surviving,United Kingdom,FALSE,3,1-5,FALSE,Industrials
29241,Maihem,2024,2015-2024,Active,Surviving,United Kingdom,FALSE,3,1-5,FALSE,Manufacturing and Robotics
29239,ion design,2024,2015-2024,Active,Surviving,USA,TRUE,3,1-5,FALSE,B2B
29239,ion design,2024,2015-2024,Active,Surviving,USA,TRUE,3,1-5,FALSE,"Engineering, Product and Design"
29238,Duckie,2024,2015-2024,Active,Surviving,USA,TRUE,4,1-5,FALSE,B2B
29238,Duckie,2024,2015-2024,Active,Surviving,USA,TRUE,4,1-5,FALSE,"Engineering, Product and Design"
29233,Happenstance,2024,2015-2024,Active,Surviving,USA,TRUE,3,1-5,FALSE,Consumer
29231,Ubicloud,2024,2015-2024,Active,Surviving,,FALSE,15,11-25,FALSE,B2B
29231,Ubicloud,2024,2015-2024,Active,Surviving,,FALSE,15,11-25,FALSE,Infrastructure
29226,Greptile,2024,2015-2024,Active,Surviving,USA,TRUE,20,11-25,FALSE,B2B
29226,Greptile,2024,2015-2024,Active,Surviving,USA,TRUE,20,11-25,FALSE,"Engineering, Product and Design"
29207,Cora,2024,2015-2024,Active,Surviving,USA,TRUE,3,1-5,FALSE,Consumer
29205,ego,2024,2015-2024,Active,Surviving,USA,TRUE,9,6-10,FALSE,Consumer
29201,Legora,2024,2015-2024,Active,Surviving,Sweden,FALSE,400,101-500,FALSE,B2B
29201,Legora,2024,2015-2024,Active,Surviving,Sweden,FALSE,400,101-500,FALSE,Legal
29196,Scritch,2024,2015-2024,Active,Surviving,USA,TRUE,NA,NA,FALSE,Healthcare
29185,Relari,2024,2015-2024,Active,Surviving,USA,TRUE,2,1-5,FALSE,B2B
29184,DryMerge,2024,2015-2024,Active,Surviving,USA,TRUE,4,1-5,FALSE,B2B
29183,Navier AI,2024,2015-2024,Active,Surviving,USA,TRUE,7,6-10,FALSE,Industrials
29183,Navier AI,2024,2015-2024,Active,Surviving,USA,TRUE,7,6-10,FALSE,Aviation and Space
29182,Upsolve AI,2024,2015-2024,Active,Surviving,,FALSE,5,1-5,FALSE,B2B
29182,Upsolve AI,2024,2015-2024,Active,Surviving,,FALSE,5,1-5,FALSE,Analytics
29181,Event Horizon Labs,2024,2015-2024,Active,Surviving,USA,TRUE,4,1-5,FALSE,Fintech
29181,Event Horizon Labs,2024,2015-2024,Active,Surviving,USA,TRUE,4,1-5,FALSE,Asset Management
29180,Gumloop,2024,2015-2024,Active,Surviving,USA,TRUE,25,11-25,FALSE,B2B
29179,Driver,2024,2015-2024,Active,Surviving,USA,TRUE,15,11-25,FALSE,B2B
29177,Onyx,2024,2015-2024,Active,Surviving,USA,TRUE,20,11-25,FALSE,B2B
29177,Onyx,2024,2015-2024,Active,Surviving,USA,TRUE,20,11-25,FALSE,Productivity
28965,Yenmo,2024,2015-2024,Active,Surviving,India,FALSE,5,1-5,FALSE,Fintech
28965,Yenmo,2024,2015-2024,Active,Surviving,India,FALSE,5,1-5,FALSE,Credit and Lending
28896,GovernGPT,2024,2015-2024,Active,Surviving,Canada,FALSE,6,6-10,FALSE,Fintech
29464,Arcane,2024,2015-2024,Acquired,Successful,USA,TRUE,2,1-5,FALSE,Consumer
29464,Arcane,2024,2015-2024,Acquired,Successful,USA,TRUE,2,1-5,FALSE,Gaming
29418,Sample,2024,2015-2024,Acquired,Successful,USA,TRUE,5,1-5,FALSE,Healthcare
29418,Sample,2024,2015-2024,Acquired,Successful,USA,TRUE,5,1-5,FALSE,Healthcare IT
29379,Trieve,2024,2015-2024,Acquired,Successful,USA,TRUE,7,6-10,FALSE,B2B
29379,Trieve,2024,2015-2024,Acquired,Successful,USA,TRUE,7,6-10,FALSE,Infrastructure
29370,Browser Buddy,2024,2015-2024,Acquired,Successful,USA,TRUE,2,1-5,FALSE,Consumer
29370,Browser Buddy,2024,2015-2024,Acquired,Successful,USA,TRUE,2,1-5,FALSE,Content
29353,Resonance,2024,2015-2024,Acquired,Successful,USA,TRUE,2,1-5,FALSE,B2B
29353,Resonance,2024,2015-2024,Acquired,Successful,USA,TRUE,2,1-5,FALSE,Marketing
29330,Speck,2024,2015-2024,Acquired,Successful,USA,TRUE,3,1-5,FALSE,B2B
29330,Speck,2024,2015-2024,Acquired,Successful,USA,TRUE,3,1-5,FALSE,Productivity
29318,StarJar,2024,2015-2024,Acquired,Successful,,FALSE,11,11-25,FALSE,B2B
29302,Verse Therapy,2024,2015-2024,Acquired,Successful,USA,TRUE,3,1-5,FALSE,Healthcare
29302,Verse Therapy,2024,2015-2024,Acquired,Successful,USA,TRUE,3,1-5,FALSE,Healthcare IT
29459,Lumona,2024,2015-2024,Inactive,Failed,USA,TRUE,1,1-5,FALSE,Consumer
29449,Fileforge,2024,2015-2024,Inactive,Failed,USA,TRUE,3,1-5,FALSE,B2B
29449,Fileforge,2024,2015-2024,Inactive,Failed,USA,TRUE,3,1-5,FALSE,"Engineering, Product and Design"
29421,Thorntale,2024,2015-2024,Inactive,Failed,USA,TRUE,2,1-5,FALSE,B2B
29421,Thorntale,2024,2015-2024,Inactive,Failed,USA,TRUE,2,1-5,FALSE,Productivity
29391,Abel,2024,2015-2024,Inactive,Failed,USA,TRUE,2,1-5,FALSE,B2B
29391,Abel,2024,2015-2024,Inactive,Failed,USA,TRUE,2,1-5,FALSE,Legal
29361,Wuri,2024,2015-2024,Inactive,Failed,,FALSE,7,6-10,FALSE,Consumer
29361,Wuri,2024,2015-2024,Inactive,Failed,,FALSE,7,6-10,FALSE,Content
29358,Aedilic,2024,2015-2024,Inactive,Failed,USA,TRUE,2,1-5,FALSE,B2B
29358,Aedilic,2024,2015-2024,Inactive,Failed,USA,TRUE,2,1-5,FALSE,Security
29354,crmCopilot,2024,2015-2024,Inactive,Failed,USA,TRUE,2,1-5,FALSE,B2B
29354,crmCopilot,2024,2015-2024,Inactive,Failed,USA,TRUE,2,1-5,FALSE,Sales
29335,Toolify,2024,2015-2024,Inactive,Failed,India,FALSE,2,1-5,FALSE,B2B
29335,Toolify,2024,2015-2024,Inactive,Failed,India,FALSE,2,1-5,FALSE,"Engineering, Product and Design"
29322,Glimmer,2024,2015-2024,Inactive,Failed,USA,TRUE,2,1-5,FALSE,B2B
29320,Celest,2024,2015-2024,Inactive,Failed,USA,TRUE,1,1-5,FALSE,B2B
29320,Celest,2024,2015-2024,Inactive,Failed,USA,TRUE,1,1-5,FALSE,Infrastructure
29313,Selera Medical,2024,2015-2024,Inactive,Failed,USA,TRUE,2,1-5,FALSE,Healthcare
29313,Selera Medical,2024,2015-2024,Inactive,Failed,USA,TRUE,2,1-5,FALSE,Medical Devices
29311,Engines,2024,2015-2024,Inactive,Failed,USA,TRUE,2,1-5,FALSE,B2B
29311,Engines,2024,2015-2024,Inactive,Failed,USA,TRUE,2,1-5,FALSE,Infrastructure
29307,Blume Benefits,2024,2015-2024,Inactive,Failed,USA,TRUE,3,1-5,FALSE,Fintech
29307,Blume Benefits,2024,2015-2024,Inactive,Failed,USA,TRUE,3,1-5,FALSE,Insurance
29285,Patchwork,2024,2015-2024,Inactive,Failed,USA,TRUE,2,1-5,FALSE,B2B
29285,Patchwork,2024,2015-2024,Inactive,Failed,USA,TRUE,2,1-5,FALSE,Productivity
29271,DGI Apparel,2024,2015-2024,Inactive,Failed,USA,TRUE,4,1-5,FALSE,B2B
29271,DGI Apparel,2024,2015-2024,Inactive,Failed,USA,TRUE,4,1-5,FALSE,Supply Chain and Logistics
29268,Mango Health,2024,2015-2024,Inactive,Failed,,FALSE,2,1-5,FALSE,Healthcare
29260,Quary,2024,2015-2024,Inactive,Failed,United Kingdom,FALSE,2,1-5,FALSE,B2B
29260,Quary,2024,2015-2024,Inactive,Failed,United Kingdom,FALSE,2,1-5,FALSE,Analytics
29206,Stitch Technologies,2024,2015-2024,Inactive,Failed,United Kingdom,FALSE,0,NA,FALSE,B2B
29206,Stitch Technologies,2024,2015-2024,Inactive,Failed,United Kingdom,FALSE,0,NA,FALSE,"Engineering, Product and Design"
29189,RadMate AI,2024,2015-2024,Inactive,Failed,USA,TRUE,2,1-5,FALSE,Healthcare
29186,Tesseral,2024,2015-2024,Inactive,Failed,USA,TRUE,5,1-5,FALSE,B2B
29178,Lantern,2024,2015-2024,Inactive,Failed,USA,TRUE,3,1-5,FALSE,B2B
29992,Outerport,2024,2015-2024,Active,Surviving,USA,TRUE,4,1-5,FALSE,B2B
29992,Outerport,2024,2015-2024,Active,Surviving,USA,TRUE,4,1-5,FALSE,"Engineering, Product and Design"
29990,DreamRP,2024,2015-2024,Active,Surviving,USA,TRUE,2,1-5,FALSE,Consumer
29989,Conductor,2024,2015-2024,Active,Surviving,USA,TRUE,6,6-10,FALSE,B2B
29989,Conductor,2024,2015-2024,Active,Surviving,USA,TRUE,6,6-10,FALSE,"Engineering, Product and Design"
29987,Syntra,2024,2015-2024,Active,Surviving,USA,TRUE,8,6-10,FALSE,Healthcare
29987,Syntra,2024,2015-2024,Active,Surviving,USA,TRUE,8,6-10,FALSE,Healthcare IT
29983,PathPilot,2024,2015-2024,Active,Surviving,USA,TRUE,3,1-5,FALSE,B2B
29982,Bits to Atoms,2024,2015-2024,Active,Surviving,,FALSE,3,1-5,FALSE,Consumer
29982,Bits to Atoms,2024,2015-2024,Active,Surviving,,FALSE,3,1-5,FALSE,Job and Career Services
29978,SimCare,2024,2015-2024,Active,Surviving,USA,TRUE,7,6-10,FALSE,Healthcare
29977,Merlin AI,2024,2015-2024,Active,Surviving,USA,TRUE,28,26-100,FALSE,B2B
29976,Freestyle,2024,2015-2024,Active,Surviving,USA,TRUE,5,1-5,FALSE,B2B
29976,Freestyle,2024,2015-2024,Active,Surviving,USA,TRUE,5,1-5,FALSE,Infrastructure
29973,Arva AI,2024,2015-2024,Active,Surviving,United Kingdom,FALSE,14,11-25,FALSE,B2B
29972,Affil.ai,2024,2015-2024,Active,Surviving,USA,TRUE,4,1-5,FALSE,B2B
29972,Affil.ai,2024,2015-2024,Active,Surviving,USA,TRUE,4,1-5,FALSE,Marketing
29969,OrgOrg,2024,2015-2024,Active,Surviving,USA,TRUE,2,1-5,FALSE,B2B
29969,OrgOrg,2024,2015-2024,Active,Surviving,USA,TRUE,2,1-5,FALSE,Productivity
29968,Patched,2024,2015-2024,Active,Surviving,,FALSE,4,1-5,FALSE,B2B
29968,Patched,2024,2015-2024,Active,Surviving,,FALSE,4,1-5,FALSE,Productivity
29967,Village Labs,2024,2015-2024,Active,Surviving,USA,TRUE,2,1-5,FALSE,B2B
29967,Village Labs,2024,2015-2024,Active,Surviving,USA,TRUE,2,1-5,FALSE,Human Resources
29966,Mica AI,2024,2015-2024,Active,Surviving,USA,TRUE,3,1-5,FALSE,B2B
29966,Mica AI,2024,2015-2024,Active,Surviving,USA,TRUE,3,1-5,FALSE,Operations
29965,Formula Insight,2024,2015-2024,Active,Surviving,USA,TRUE,2,1-5,FALSE,B2B
29964,Overlap,2024,2015-2024,Active,Surviving,USA,TRUE,6,6-10,FALSE,Consumer
29964,Overlap,2024,2015-2024,Active,Surviving,USA,TRUE,6,6-10,FALSE,Content
29963,Capitol AI,2024,2015-2024,Active,Surviving,USA,TRUE,11,11-25,FALSE,B2B
29963,Capitol AI,2024,2015-2024,Active,Surviving,USA,TRUE,11,11-25,FALSE,Productivity
29960,Void,2024,2015-2024,Active,Surviving,USA,TRUE,2,1-5,FALSE,B2B
29960,Void,2024,2015-2024,Active,Surviving,USA,TRUE,2,1-5,FALSE,"Engineering, Product and Design"
29957,Anglera,2024,2015-2024,Active,Surviving,USA,TRUE,6,6-10,FALSE,B2B
29957,Anglera,2024,2015-2024,Active,Surviving,USA,TRUE,6,6-10,FALSE,Retail
29956,XTraffic,2024,2015-2024,Active,Surviving,,FALSE,3,1-5,FALSE,Government
29955,BrowserOS,2024,2015-2024,Active,Surviving,USA,TRUE,4,1-5,FALSE,Consumer
29954,Henry,2024,2015-2024,Active,Surviving,USA,TRUE,20,11-25,FALSE,Real Estate and Construction
29952,Ficra,2024,2015-2024,Active,Surviving,USA,TRUE,3,1-5,FALSE,B2B
29951,Rowboat Labs,2024,2015-2024,Active,Surviving,USA,TRUE,3,1-5,FALSE,Consumer
29950,Pipeshift,2024,2015-2024,Active,Surviving,USA,TRUE,10,6-10,FALSE,B2B
29950,Pipeshift,2024,2015-2024,Active,Surviving,USA,TRUE,10,6-10,FALSE,Infrastructure
29858,Vera Health,2024,2015-2024,Active,Surviving,USA,TRUE,6,6-10,FALSE,Healthcare
29858,Vera Health,2024,2015-2024,Active,Surviving,USA,TRUE,6,6-10,FALSE,Healthcare Services
29857,Pharos,2024,2015-2024,Active,Surviving,USA,TRUE,5,1-5,FALSE,Healthcare
29857,Pharos,2024,2015-2024,Active,Surviving,USA,TRUE,5,1-5,FALSE,Healthcare IT
29856,et al.,2024,2015-2024,Active,Surviving,USA,TRUE,2,1-5,FALSE,Consumer
29854,Keet,2024,2015-2024,Active,Surviving,USA,TRUE,2,1-5,FALSE,B2B
29853,Terra,2024,2015-2024,Active,Surviving,,FALSE,6,6-10,FALSE,B2B
29853,Terra,2024,2015-2024,Active,Surviving,,FALSE,6,6-10,FALSE,Supply Chain and Logistics
29852,Dayflow,2024,2015-2024,Active,Surviving,USA,TRUE,2,1-5,FALSE,Consumer
29851,"Diode Computers, Inc.",2024,2015-2024,Active,Surviving,USA,TRUE,3,1-5,FALSE,B2B
29851,"Diode Computers, Inc.",2024,2015-2024,Active,Surviving,USA,TRUE,3,1-5,FALSE,"Engineering, Product and Design"
29850,SureBright,2024,2015-2024,Active,Surviving,NA,FALSE,20,11-25,FALSE,B2B
29850,SureBright,2024,2015-2024,Active,Surviving,NA,FALSE,20,11-25,FALSE,Retail
29849,Usul,2024,2015-2024,Active,Surviving,USA,TRUE,15,11-25,FALSE,Government
29848,Saldor,2024,2015-2024,Active,Surviving,USA,TRUE,2,1-5,FALSE,Government
29847,Bucket Robotics,2024,2015-2024,Active,Surviving,USA,TRUE,5,1-5,FALSE,Industrials
29847,Bucket Robotics,2024,2015-2024,Active,Surviving,USA,TRUE,5,1-5,FALSE,Manufacturing and Robotics
29844,Oway,2024,2015-2024,Active,Surviving,USA,TRUE,10,6-10,FALSE,B2B
29844,Oway,2024,2015-2024,Active,Surviving,USA,TRUE,10,6-10,FALSE,Infrastructure
29841,Elayne,2024,2015-2024,Active,Surviving,USA,TRUE,6,6-10,FALSE,Fintech
29840,Blaze,2024,2015-2024,Active,Surviving,Mexico,FALSE,5,1-5,FALSE,Fintech
29840,Blaze,2024,2015-2024,Active,Surviving,Mexico,FALSE,5,1-5,FALSE,Payments
29839,pap!,2024,2015-2024,Active,Surviving,USA,TRUE,3,1-5,FALSE,Consumer
29837,RentFlow,2024,2015-2024,Active,Surviving,USA,TRUE,3,1-5,FALSE,B2B
29836,TradeFlow,2024,2015-2024,Active,Surviving,USA,TRUE,2,1-5,FALSE,Fintech
29835,Voker,2024,2015-2024,Active,Surviving,USA,TRUE,6,6-10,FALSE,B2B
29835,Voker,2024,2015-2024,Active,Surviving,USA,TRUE,6,6-10,FALSE,"Engineering, Product and Design"
29834,Rastro,2024,2015-2024,Active,Surviving,London,FALSE,3,1-5,FALSE,B2B
29834,Rastro,2024,2015-2024,Active,Surviving,London,FALSE,3,1-5,FALSE,Retail
29833,Quetzal,2024,2015-2024,Active,Surviving,USA,TRUE,2,1-5,FALSE,B2B
29833,Quetzal,2024,2015-2024,Active,Surviving,USA,TRUE,2,1-5,FALSE,"Engineering, Product and Design"
29830,Typa,2024,2015-2024,Active,Surviving,USA,TRUE,2,1-5,FALSE,B2B
29830,Typa,2024,2015-2024,Active,Surviving,USA,TRUE,2,1-5,FALSE,Marketing
29829,Moreta,2024,2015-2024,Active,Surviving,USA,TRUE,4,1-5,FALSE,Fintech
29829,Moreta,2024,2015-2024,Active,Surviving,USA,TRUE,4,1-5,FALSE,Payments
29828,"Sterling Labs, Inc",2024,2015-2024,Active,Surviving,USA,TRUE,2,1-5,FALSE,Consumer
29828,"Sterling Labs, Inc",2024,2015-2024,Active,Surviving,USA,TRUE,2,1-5,FALSE,Content
29826,Orca Launcher,2024,2015-2024,Active,Surviving,USA,TRUE,2,1-5,FALSE,Consumer
29824,Assembly HOA,2024,2015-2024,Active,Surviving,USA,TRUE,12,11-25,FALSE,Real Estate and Construction
29824,Assembly HOA,2024,2015-2024,Active,Surviving,USA,TRUE,12,11-25,FALSE,Housing and Real Estate
29823,autarc,2024,2015-2024,Active,Surviving,Germany,FALSE,30,26-100,FALSE,B2B
29822,omnidock,2024,2015-2024,Active,Surviving,,FALSE,1,1-5,FALSE,B2B
29822,omnidock,2024,2015-2024,Active,Surviving,,FALSE,1,1-5,FALSE,Operations
29821,Polymet,2024,2015-2024,Active,Surviving,,FALSE,3,1-5,FALSE,B2B
29821,Polymet,2024,2015-2024,Active,Surviving,,FALSE,3,1-5,FALSE,"Engineering, Product and Design"
29820,Kontigo,2024,2015-2024,Active,Surviving,USA,TRUE,10,6-10,FALSE,Fintech
29820,Kontigo,2024,2015-2024,Active,Surviving,USA,TRUE,10,6-10,FALSE,Banking and Exchange
29819,Weel,2024,2015-2024,Active,Surviving,USA,TRUE,4,1-5,FALSE,Consumer
29819,Weel,2024,2015-2024,Active,Surviving,USA,TRUE,4,1-5,FALSE,Transportation Services
29818,Entropy,2024,2015-2024,Active,Surviving,USA,TRUE,2,1-5,FALSE,Healthcare
29815,Propaya,2024,2015-2024,Active,Surviving,USA,TRUE,2,1-5,FALSE,Real Estate and Construction
29815,Propaya,2024,2015-2024,Active,Surviving,USA,TRUE,2,1-5,FALSE,Housing and Real Estate
29814,Vendra,2024,2015-2024,Active,Surviving,USA,TRUE,5,1-5,FALSE,Industrials
29813,Argil,2024,2015-2024,Active,Surviving,France,FALSE,8,6-10,FALSE,Consumer
29812,ZeroPath,2024,2015-2024,Active,Surviving,USA,TRUE,4,1-5,FALSE,B2B
29812,ZeroPath,2024,2015-2024,Active,Surviving,USA,TRUE,4,1-5,FALSE,Security
29810,bluedoor,2024,2015-2024,Active,Surviving,USA,TRUE,1,1-5,FALSE,Fintech
29810,bluedoor,2024,2015-2024,Active,Surviving,USA,TRUE,1,1-5,FALSE,Consumer Finance
29808,Starcloud,2024,2015-2024,Active,Surviving,USA,TRUE,12,11-25,FALSE,Industrials
29808,Starcloud,2024,2015-2024,Active,Surviving,USA,TRUE,12,11-25,FALSE,Aviation and Space
29807,Dataleap,2024,2015-2024,Active,Surviving,USA,TRUE,4,1-5,FALSE,B2B
29805,Handled,2024,2015-2024,Active,Surviving,USA,TRUE,2,1-5,FALSE,B2B
29805,Handled,2024,2015-2024,Active,Surviving,USA,TRUE,2,1-5,FALSE,Retail
29803,Ionworks,2024,2015-2024,Active,Surviving,NA,FALSE,5,1-5,FALSE,Industrials
29803,Ionworks,2024,2015-2024,Active,Surviving,NA,FALSE,5,1-5,FALSE,Energy
29801,Rescript,2024,2015-2024,Active,Surviving,USA,TRUE,3,1-5,FALSE,B2B
29801,Rescript,2024,2015-2024,Active,Surviving,USA,TRUE,3,1-5,FALSE,Legal
29800,HeroUI,2024,2015-2024,Active,Surviving,USA,TRUE,5,1-5,FALSE,B2B
29800,HeroUI,2024,2015-2024,Active,Surviving,USA,TRUE,5,1-5,FALSE,"Engineering, Product and Design"
29799,Helium,2024,2015-2024,Active,Surviving,USA,TRUE,7,6-10,FALSE,B2B
29799,Helium,2024,2015-2024,Active,Surviving,USA,TRUE,7,6-10,FALSE,"Engineering, Product and Design"
29798,&AI,2024,2015-2024,Active,Surviving,USA,TRUE,13,11-25,FALSE,B2B
29798,&AI,2024,2015-2024,Active,Surviving,USA,TRUE,13,11-25,FALSE,Legal
29797,Haystack,2024,2015-2024,Active,Surviving,USA,TRUE,2,1-5,FALSE,B2B
29797,Haystack,2024,2015-2024,Active,Surviving,USA,TRUE,2,1-5,FALSE,"Engineering, Product and Design"
29796,Finosu,2024,2015-2024,Active,Surviving,USA,TRUE,7,6-10,FALSE,Fintech
29796,Finosu,2024,2015-2024,Active,Surviving,USA,TRUE,7,6-10,FALSE,Credit and Lending
29795,Odo,2024,2015-2024,Active,Surviving,USA,TRUE,2,1-5,FALSE,B2B
29794,Baseline AI,2024,2015-2024,Active,Surviving,USA,TRUE,2,1-5,FALSE,Healthcare
29794,Baseline AI,2024,2015-2024,Active,Surviving,USA,TRUE,2,1-5,FALSE,Healthcare IT
29792,Sonatoria,2024,2015-2024,Active,Surviving,,FALSE,2,1-5,FALSE,B2B
29791,Cartage,2024,2015-2024,Active,Surviving,USA,TRUE,12,11-25,FALSE,B2B
29791,Cartage,2024,2015-2024,Active,Surviving,USA,TRUE,12,11-25,FALSE,Supply Chain and Logistics
29789,Paasa,2024,2015-2024,Active,Surviving,India,FALSE,9,6-10,FALSE,Fintech
29789,Paasa,2024,2015-2024,Active,Surviving,India,FALSE,9,6-10,FALSE,Asset Management
29788,Refactor,2024,2015-2024,Active,Surviving,USA,TRUE,3,1-5,FALSE,B2B
29787,Lilac Labs,2024,2015-2024,Active,Surviving,USA,TRUE,4,1-5,FALSE,B2B
29786,Palmier,2024,2015-2024,Active,Surviving,USA,TRUE,2,1-5,FALSE,Consumer
29786,Palmier,2024,2015-2024,Active,Surviving,USA,TRUE,2,1-5,FALSE,Content
29785,Simple AI,2024,2015-2024,Active,Surviving,USA,TRUE,11,11-25,FALSE,B2B
29785,Simple AI,2024,2015-2024,Active,Surviving,USA,TRUE,11,11-25,FALSE,Sales
29784,Sensei,2024,2015-2024,Active,Surviving,USA,TRUE,2,1-5,FALSE,Industrials
29784,Sensei,2024,2015-2024,Active,Surviving,USA,TRUE,2,1-5,FALSE,Manufacturing and Robotics
29783,Guardian RF,2024,2015-2024,Active,Surviving,,FALSE,15,11-25,FALSE,Industrials
29783,Guardian RF,2024,2015-2024,Active,Surviving,,FALSE,15,11-25,FALSE,Drones
29782,Laminar,2024,2015-2024,Active,Surviving,London,FALSE,6,6-10,FALSE,B2B
29782,Laminar,2024,2015-2024,Active,Surviving,London,FALSE,6,6-10,FALSE,"Engineering, Product and Design"
29781,Cerulion,2024,2015-2024,Active,Surviving,USA,TRUE,2,1-5,FALSE,B2B
29781,Cerulion,2024,2015-2024,Active,Surviving,USA,TRUE,2,1-5,FALSE,"Engineering, Product and Design"
29780,Presti AI,2024,2015-2024,Active,Surviving,,FALSE,16,11-25,FALSE,B2B
29780,Presti AI,2024,2015-2024,Active,Surviving,,FALSE,16,11-25,FALSE,Retail
29779,The Forecasting Company,2024,2015-2024,Active,Surviving,France,FALSE,7,6-10,FALSE,B2B
29778,Praxos,2024,2015-2024,Active,Surviving,USA,TRUE,3,1-5,FALSE,Consumer
29777,Zettascale,2024,2015-2024,Active,Surviving,USA,TRUE,4,1-5,FALSE,Industrials
29776,SchemeFlow,2024,2015-2024,Active,Surviving,London,FALSE,5,1-5,FALSE,Real Estate and Construction
29775,Brighterway,2024,2015-2024,Active,Surviving,USA,TRUE,14,11-25,FALSE,Healthcare
29775,Brighterway,2024,2015-2024,Active,Surviving,USA,TRUE,14,11-25,FALSE,Healthcare IT
29774,Mineflow,2024,2015-2024,Active,Surviving,USA,TRUE,2,1-5,FALSE,Industrials
29773,Soff,2024,2015-2024,Active,Surviving,USA,TRUE,6,6-10,FALSE,B2B
29773,Soff,2024,2015-2024,Active,Surviving,USA,TRUE,6,6-10,FALSE,Supply Chain and Logistics
29772,Parley,2024,2015-2024,Active,Surviving,USA,TRUE,3,1-5,FALSE,B2B
29772,Parley,2024,2015-2024,Active,Surviving,USA,TRUE,3,1-5,FALSE,Legal
29770,Intryc,2024,2015-2024,Active,Surviving,USA,TRUE,14,11-25,FALSE,B2B
29770,Intryc,2024,2015-2024,Active,Surviving,USA,TRUE,14,11-25,FALSE,Operations
29769,Pinnacle,2024,2015-2024,Active,Surviving,USA,TRUE,2,1-5,FALSE,B2B
29769,Pinnacle,2024,2015-2024,Active,Surviving,USA,TRUE,2,1-5,FALSE,"Engineering, Product and Design"
29768,Ember Robotics,2024,2015-2024,Active,Surviving,USA,TRUE,2,1-5,FALSE,Industrials
29768,Ember Robotics,2024,2015-2024,Active,Surviving,USA,TRUE,2,1-5,FALSE,Manufacturing and Robotics
29767,Thunder Compute,2024,2015-2024,Active,Surviving,USA,TRUE,4,1-5,FALSE,B2B
29767,Thunder Compute,2024,2015-2024,Active,Surviving,USA,TRUE,4,1-5,FALSE,Infrastructure
29766,Kura AI,2024,2015-2024,Active,Surviving,,FALSE,2,1-5,FALSE,B2B
29765,Emergent,2024,2015-2024,Active,Surviving,USA,TRUE,NA,NA,FALSE,Consumer
29764,Zeit AI,2024,2015-2024,Active,Surviving,,FALSE,9,6-10,FALSE,B2B
29764,Zeit AI,2024,2015-2024,Active,Surviving,,FALSE,9,6-10,FALSE,Analytics
29761,Distro,2024,2015-2024,Active,Surviving,USA,TRUE,11,11-25,FALSE,B2B
29761,Distro,2024,2015-2024,Active,Surviving,USA,TRUE,11,11-25,FALSE,Supply Chain and Logistics
29760,Mage Legal,2024,2015-2024,Active,Surviving,USA,TRUE,2,1-5,FALSE,B2B
29760,Mage Legal,2024,2015-2024,Active,Surviving,USA,TRUE,2,1-5,FALSE,Legal
29759,David AI,2024,2015-2024,Active,Surviving,USA,TRUE,10,6-10,FALSE,B2B
29758,BeeBettor,2024,2015-2024,Active,Surviving,,FALSE,2,1-5,FALSE,Consumer
29758,BeeBettor,2024,2015-2024,Active,Surviving,,FALSE,2,1-5,FALSE,Gaming
29756,Stempad,2024,2015-2024,Active,Surviving,,FALSE,1,1-5,FALSE,B2B
29756,Stempad,2024,2015-2024,Active,Surviving,,FALSE,1,1-5,FALSE,Productivity
29755,Pax,2024,2015-2024,Active,Surviving,USA,TRUE,6,6-10,FALSE,B2B
29755,Pax,2024,2015-2024,Active,Surviving,USA,TRUE,6,6-10,FALSE,Supply Chain and Logistics
29754,Conductor Quantum,2024,2015-2024,Active,Surviving,USA,TRUE,3,1-5,FALSE,Industrials
29753,Autumn Labs,2024,2015-2024,Active,Surviving,USA,TRUE,3,1-5,FALSE,Industrials
29753,Autumn Labs,2024,2015-2024,Active,Surviving,USA,TRUE,3,1-5,FALSE,Manufacturing and Robotics
29751,Opslane,2024,2015-2024,Active,Surviving,USA,TRUE,1,1-5,FALSE,B2B
29751,Opslane,2024,2015-2024,Active,Surviving,USA,TRUE,1,1-5,FALSE,Infrastructure
29750,winfunc,2024,2015-2024,Active,Surviving,,FALSE,2,1-5,FALSE,B2B
29750,winfunc,2024,2015-2024,Active,Surviving,,FALSE,2,1-5,FALSE,Security
29749,Biocartesian,2024,2015-2024,Active,Surviving,USA,TRUE,2,1-5,FALSE,Healthcare
29749,Biocartesian,2024,2015-2024,Active,Surviving,USA,TRUE,2,1-5,FALSE,Drug Discovery and Delivery
29748,Seals AI,2024,2015-2024,Active,Surviving,USA,TRUE,4,1-5,FALSE,B2B
29746,Drillbit,2024,2015-2024,Active,Surviving,USA,TRUE,10,6-10,FALSE,B2B
29746,Drillbit,2024,2015-2024,Active,Surviving,USA,TRUE,10,6-10,FALSE,Operations
29745,Sharpe,2024,2015-2024,Active,Surviving,USA,TRUE,3,1-5,FALSE,B2B
29745,Sharpe,2024,2015-2024,Active,Surviving,USA,TRUE,3,1-5,FALSE,Analytics
29741,Dimely,2024,2015-2024,Active,Surviving,USA,TRUE,3,1-5,FALSE,B2B
29741,Dimely,2024,2015-2024,Active,Surviving,USA,TRUE,3,1-5,FALSE,Finance and Accounting
29740,Redouble AI,2024,2015-2024,Active,Surviving,USA,TRUE,3,1-5,FALSE,B2B
29739,Planbase,2024,2015-2024,Active,Surviving,USA,TRUE,4,1-5,FALSE,Healthcare
29739,Planbase,2024,2015-2024,Active,Surviving,USA,TRUE,4,1-5,FALSE,Healthcare IT
29738,Anara,2024,2015-2024,Active,Surviving,USA,TRUE,5,1-5,FALSE,B2B
29738,Anara,2024,2015-2024,Active,Surviving,USA,TRUE,5,1-5,FALSE,Productivity
29737,"Hestus, Inc.",2024,2015-2024,Active,Surviving,USA,TRUE,3,1-5,FALSE,B2B
29737,"Hestus, Inc.",2024,2015-2024,Active,Surviving,USA,TRUE,3,1-5,FALSE,"Engineering, Product and Design"
29736,MagiCode,2024,2015-2024,Active,Surviving,USA,TRUE,3,1-5,FALSE,B2B
29736,MagiCode,2024,2015-2024,Active,Surviving,USA,TRUE,3,1-5,FALSE,"Engineering, Product and Design"
29735,FINNY AI,2024,2015-2024,Active,Surviving,USA,TRUE,28,26-100,FALSE,Fintech
29735,FINNY AI,2024,2015-2024,Active,Surviving,USA,TRUE,28,26-100,FALSE,Asset Management
29734,Vibe,2024,2015-2024,Active,Surviving,USA,TRUE,2,1-5,FALSE,B2B
29734,Vibe,2024,2015-2024,Active,Surviving,USA,TRUE,2,1-5,FALSE,"Engineering, Product and Design"
29733,1849 bio,2024,2015-2024,Active,Surviving,USA,TRUE,3,1-5,FALSE,Industrials
29732,ReactWise,2024,2015-2024,Active,Surviving,London,FALSE,2,1-5,FALSE,B2B
29732,ReactWise,2024,2015-2024,Active,Surviving,London,FALSE,2,1-5,FALSE,"Engineering, Product and Design"
29731,Zoa Research,2024,2015-2024,Active,Surviving,USA,TRUE,5,1-5,FALSE,B2B
29730,Saturn,2024,2015-2024,Active,Surviving,United Kingdom,FALSE,18,11-25,FALSE,Fintech
29729,Clearly AI,2024,2015-2024,Active,Surviving,USA,TRUE,12,11-25,FALSE,B2B
29729,Clearly AI,2024,2015-2024,Active,Surviving,USA,TRUE,12,11-25,FALSE,Security
29728,expand.ai,2024,2015-2024,Active,Surviving,USA,TRUE,2,1-5,FALSE,B2B
29725,Promi,2024,2015-2024,Active,Surviving,USA,TRUE,2,1-5,FALSE,B2B
29725,Promi,2024,2015-2024,Active,Surviving,USA,TRUE,2,1-5,FALSE,Retail
29724,Ontra Mobility,2024,2015-2024,Active,Surviving,USA,TRUE,2,1-5,FALSE,Government
29723,Aluna,2024,2015-2024,Active,Surviving,USA,TRUE,3,1-5,FALSE,B2B
29723,Aluna,2024,2015-2024,Active,Surviving,USA,TRUE,3,1-5,FALSE,"Engineering, Product and Design"
29721,Panora,2024,2015-2024,Active,Surviving,USA,TRUE,1,1-5,FALSE,B2B
29719,Manaflow,2024,2015-2024,Active,Surviving,USA,TRUE,2,1-5,FALSE,B2B
29717,Conveo,2024,2015-2024,Active,Surviving,Belgium,FALSE,24,11-25,FALSE,B2B
29716,CreativeMode,2024,2015-2024,Active,Surviving,USA,TRUE,5,1-5,FALSE,Consumer
29716,CreativeMode,2024,2015-2024,Active,Surviving,USA,TRUE,5,1-5,FALSE,Gaming
29715,Kastle,2024,2015-2024,Active,Surviving,USA,TRUE,10,6-10,FALSE,B2B
29714,Kopra Bio,2024,2015-2024,Active,Surviving,USA,TRUE,2,1-5,FALSE,Healthcare
29714,Kopra Bio,2024,2015-2024,Active,Surviving,USA,TRUE,2,1-5,FALSE,Therapeutics
29713,Anthrogen,2024,2015-2024,Active,Surviving,USA,TRUE,6,6-10,FALSE,Healthcare
29712,Benchify,2024,2015-2024,Active,Surviving,USA,TRUE,4,1-5,FALSE,B2B
29711,Fazeshift,2024,2015-2024,Active,Surviving,USA,TRUE,8,6-10,FALSE,B2B
29711,Fazeshift,2024,2015-2024,Active,Surviving,USA,TRUE,8,6-10,FALSE,Finance and Accounting
29710,TaxGPT,2024,2015-2024,Active,Surviving,USA,TRUE,28,26-100,FALSE,B2B
29710,TaxGPT,2024,2015-2024,Active,Surviving,USA,TRUE,28,26-100,FALSE,Finance and Accounting
29709,Substrate,2024,2015-2024,Active,Surviving,NA,FALSE,2,1-5,FALSE,B2B
29708,The Synthesis Company,2024,2015-2024,Active,Surviving,USA,TRUE,3,1-5,FALSE,B2B
29708,The Synthesis Company,2024,2015-2024,Active,Surviving,USA,TRUE,3,1-5,FALSE,"Engineering, Product and Design"
29706,Mito Health,2024,2015-2024,Active,Surviving,USA,TRUE,8,6-10,FALSE,Healthcare
29706,Mito Health,2024,2015-2024,Active,Surviving,USA,TRUE,8,6-10,FALSE,Consumer Health and Wellness
29705,Lighthouz AI,2024,2015-2024,Active,Surviving,USA,TRUE,8,6-10,FALSE,B2B
29704,Modus,2024,2015-2024,Active,Surviving,NA,FALSE,3,1-5,FALSE,B2B
29703,d_model,2024,2015-2024,Active,Surviving,USA,TRUE,14,11-25,FALSE,B2B
29703,d_model,2024,2015-2024,Active,Surviving,USA,TRUE,14,11-25,FALSE,"Engineering, Product and Design"
29702,LedgerUp,2024,2015-2024,Active,Surviving,USA,TRUE,5,1-5,FALSE,B2B
29702,LedgerUp,2024,2015-2024,Active,Surviving,USA,TRUE,5,1-5,FALSE,Finance and Accounting
29701,Plume,2024,2015-2024,Active,Surviving,France,FALSE,4,1-5,FALSE,Industrials
29701,Plume,2024,2015-2024,Active,Surviving,France,FALSE,4,1-5,FALSE,Climate
29699,Pulse,2024,2015-2024,Active,Surviving,USA,TRUE,20,11-25,FALSE,B2B
29699,Pulse,2024,2015-2024,Active,Surviving,USA,TRUE,20,11-25,FALSE,Infrastructure
29698,AutoPallet Robotics,2024,2015-2024,Active,Surviving,USA,TRUE,6,6-10,FALSE,Industrials
29698,AutoPallet Robotics,2024,2015-2024,Active,Surviving,USA,TRUE,6,6-10,FALSE,Manufacturing and Robotics
29695,Dench.com,2024,2015-2024,Active,Surviving,USA,TRUE,4,1-5,FALSE,B2B
29695,Dench.com,2024,2015-2024,Active,Surviving,USA,TRUE,4,1-5,FALSE,Productivity
29694,AminoAnalytica,2024,2015-2024,Active,Surviving,United Kingdom,FALSE,2,1-5,FALSE,Healthcare
29694,AminoAnalytica,2024,2015-2024,Active,Surviving,United Kingdom,FALSE,2,1-5,FALSE,Industrial Bio
29693,Gauge,2024,2015-2024,Active,Surviving,USA,TRUE,6,6-10,FALSE,B2B
29693,Gauge,2024,2015-2024,Active,Surviving,USA,TRUE,6,6-10,FALSE,Marketing
29692,Weave Robotics,2024,2015-2024,Active,Surviving,USA,TRUE,10,6-10,FALSE,Industrials
29692,Weave Robotics,2024,2015-2024,Active,Surviving,USA,TRUE,10,6-10,FALSE,Manufacturing and Robotics
29691,Tandem,2024,2015-2024,Active,Surviving,USA,TRUE,22,11-25,FALSE,B2B
29691,Tandem,2024,2015-2024,Active,Surviving,USA,TRUE,22,11-25,FALSE,Office Management
29690,Kenley,2024,2015-2024,Active,Surviving,USA,TRUE,6,6-10,FALSE,B2B
29690,Kenley,2024,2015-2024,Active,Surviving,USA,TRUE,6,6-10,FALSE,Productivity
29689,Tivara,2024,2015-2024,Active,Surviving,USA,TRUE,2,1-5,FALSE,Healthcare
29688,camfer,2024,2015-2024,Active,Surviving,USA,TRUE,4,1-5,FALSE,B2B
29688,camfer,2024,2015-2024,Active,Surviving,USA,TRUE,4,1-5,FALSE,"Engineering, Product and Design"
29687,MinusX,2024,2015-2024,Active,Surviving,USA,TRUE,2,1-5,FALSE,B2B
29687,MinusX,2024,2015-2024,Active,Surviving,USA,TRUE,2,1-5,FALSE,Analytics
29685,Lore,2024,2015-2024,Active,Surviving,USA,TRUE,2,1-5,FALSE,B2B
29684,Parahelp,2024,2015-2024,Active,Surviving,USA,TRUE,7,6-10,FALSE,B2B
29684,Parahelp,2024,2015-2024,Active,Surviving,USA,TRUE,7,6-10,FALSE,Operations
29683,CodeViz,2024,2015-2024,Active,Surviving,USA,TRUE,2,1-5,FALSE,B2B
29683,CodeViz,2024,2015-2024,Active,Surviving,USA,TRUE,2,1-5,FALSE,Productivity
29682,RunLocal AI,2024,2015-2024,Active,Surviving,United Kingdom,FALSE,3,1-5,FALSE,B2B
29682,RunLocal AI,2024,2015-2024,Active,Surviving,United Kingdom,FALSE,3,1-5,FALSE,"Engineering, Product and Design"
29680,Ares Industries,2024,2015-2024,Active,Surviving,USA,TRUE,2,1-5,FALSE,Industrials
29680,Ares Industries,2024,2015-2024,Active,Surviving,USA,TRUE,2,1-5,FALSE,Aviation and Space
29679,Dodo,2024,2015-2024,Active,Surviving,USA,TRUE,3,1-5,FALSE,Healthcare
29679,Dodo,2024,2015-2024,Active,Surviving,USA,TRUE,3,1-5,FALSE,Healthcare IT
29678,Lucible,2024,2015-2024,Active,Surviving,,FALSE,2,1-5,FALSE,B2B
29678,Lucible,2024,2015-2024,Active,Surviving,,FALSE,2,1-5,FALSE,Operations
29676,Elevate,2024,2015-2024,Active,Surviving,USA,TRUE,3,1-5,FALSE,B2B
29675,Offstream,2024,2015-2024,Active,Surviving,,FALSE,7,6-10,FALSE,B2B
29673,Storia AI,2024,2015-2024,Active,Surviving,USA,TRUE,2,1-5,FALSE,B2B
29673,Storia AI,2024,2015-2024,Active,Surviving,USA,TRUE,2,1-5,FALSE,"Engineering, Product and Design"
29672,"DeepSim, Inc.",2024,2015-2024,Active,Surviving,USA,TRUE,4,1-5,FALSE,B2B
29672,"DeepSim, Inc.",2024,2015-2024,Active,Surviving,USA,TRUE,4,1-5,FALSE,"Engineering, Product and Design"
29671,Scape,2024,2015-2024,Active,Surviving,USA,TRUE,2,1-5,FALSE,B2B
29671,Scape,2024,2015-2024,Active,Surviving,USA,TRUE,2,1-5,FALSE,Productivity
29670,Zuni,2024,2015-2024,Active,Surviving,London,FALSE,2,1-5,FALSE,B2B
29670,Zuni,2024,2015-2024,Active,Surviving,London,FALSE,2,1-5,FALSE,Productivity
29668,Proxis,2024,2015-2024,Active,Surviving,,FALSE,3,1-5,FALSE,B2B
29667,Rewbi,2024,2015-2024,Active,Surviving,,FALSE,2,1-5,FALSE,Industrials
29667,Rewbi,2024,2015-2024,Active,Surviving,,FALSE,2,1-5,FALSE,Energy
29665,Cloudglue,2024,2015-2024,Active,Surviving,USA,TRUE,4,1-5,FALSE,B2B
29663,NetworkOcean,2024,2015-2024,Active,Surviving,USA,TRUE,4,1-5,FALSE,Industrials
29663,NetworkOcean,2024,2015-2024,Active,Surviving,USA,TRUE,4,1-5,FALSE,Climate
29661,Silurian,2024,2015-2024,Active,Surviving,USA,TRUE,6,6-10,FALSE,Industrials
29661,Silurian,2024,2015-2024,Active,Surviving,USA,TRUE,6,6-10,FALSE,Climate
29660,Hyrex,2024,2015-2024,Active,Surviving,USA,TRUE,3,1-5,FALSE,B2B
29660,Hyrex,2024,2015-2024,Active,Surviving,USA,TRUE,3,1-5,FALSE,"Engineering, Product and Design"
29659,Unbound,2024,2015-2024,Active,Surviving,USA,TRUE,7,6-10,FALSE,B2B
29659,Unbound,2024,2015-2024,Active,Surviving,USA,TRUE,7,6-10,FALSE,Security
29658,RetroFix,2024,2015-2024,Active,Surviving,USA,TRUE,2,1-5,FALSE,B2B
29657,Azalea Robotics Corporation,2024,2015-2024,Active,Surviving,USA,TRUE,2,1-5,FALSE,Industrials
29657,Azalea Robotics Corporation,2024,2015-2024,Active,Surviving,USA,TRUE,2,1-5,FALSE,Manufacturing and Robotics
29655,Decisional AI,2024,2015-2024,Active,Surviving,USA,TRUE,3,1-5,FALSE,B2B
29654,Stardrift,2024,2015-2024,Active,Surviving,USA,TRUE,3,1-5,FALSE,Consumer
29654,Stardrift,2024,2015-2024,Active,Surviving,USA,TRUE,3,1-5,FALSE,"Travel, Leisure and Tourism"
29653,ideate.xyz,2024,2015-2024,Active,Surviving,London,FALSE,2,1-5,FALSE,B2B
29653,ideate.xyz,2024,2015-2024,Active,Surviving,London,FALSE,2,1-5,FALSE,"Engineering, Product and Design"
29651,FirstWork,2024,2015-2024,Active,Surviving,USA,TRUE,9,6-10,FALSE,B2B
29651,FirstWork,2024,2015-2024,Active,Surviving,USA,TRUE,9,6-10,FALSE,Human Resources
29650,Sorcerer,2024,2015-2024,Active,Surviving,USA,TRUE,4,1-5,FALSE,Industrials
29650,Sorcerer,2024,2015-2024,Active,Surviving,USA,TRUE,4,1-5,FALSE,Climate
29649,Wordware,2024,2015-2024,Active,Surviving,USA,TRUE,15,11-25,FALSE,B2B
29649,Wordware,2024,2015-2024,Active,Surviving,USA,TRUE,15,11-25,FALSE,Infrastructure
29647,Maitai,2024,2015-2024,Active,Surviving,,FALSE,6,6-10,FALSE,B2B
29647,Maitai,2024,2015-2024,Active,Surviving,,FALSE,6,6-10,FALSE,"Engineering, Product and Design"
29646,Corgi Insurance,2024,2015-2024,Active,Surviving,USA,TRUE,100,26-100,FALSE,Fintech
29646,Corgi Insurance,2024,2015-2024,Active,Surviving,USA,TRUE,100,26-100,FALSE,Insurance
29645,Phonely,2024,2015-2024,Active,Surviving,,FALSE,10,6-10,FALSE,B2B
29644,VideoGen,2024,2015-2024,Active,Surviving,USA,TRUE,5,1-5,FALSE,B2B
29643,Sage Care,2024,2015-2024,Active,Surviving,USA,TRUE,4,1-5,FALSE,Healthcare
29643,Sage Care,2024,2015-2024,Active,Surviving,USA,TRUE,4,1-5,FALSE,Healthcare IT
29642,Stack Auth,2024,2015-2024,Active,Surviving,USA,TRUE,6,6-10,FALSE,B2B
29642,Stack Auth,2024,2015-2024,Active,Surviving,USA,TRUE,6,6-10,FALSE,"Engineering, Product and Design"
29640,Tabula,2024,2015-2024,Active,Surviving,Germany,FALSE,13,11-25,FALSE,B2B
29640,Tabula,2024,2015-2024,Active,Surviving,Germany,FALSE,13,11-25,FALSE,Finance and Accounting
29639,Callback,2024,2015-2024,Active,Surviving,USA,TRUE,2,1-5,FALSE,B2B
29639,Callback,2024,2015-2024,Active,Surviving,USA,TRUE,2,1-5,FALSE,Operations
29636,Bayesline,2024,2015-2024,Active,Surviving,USA,TRUE,3,1-5,FALSE,Fintech
29636,Bayesline,2024,2015-2024,Active,Surviving,USA,TRUE,3,1-5,FALSE,Asset Management
29635,DigitalCarbon,2024,2015-2024,Active,Surviving,USA,TRUE,0,NA,FALSE,B2B
29634,Random Labs,2024,2015-2024,Active,Surviving,USA,TRUE,NA,NA,FALSE,B2B
29634,Random Labs,2024,2015-2024,Active,Surviving,USA,TRUE,NA,NA,FALSE,"Engineering, Product and Design"
29633,Unsloth AI,2024,2015-2024,Active,Surviving,USA,TRUE,8,6-10,FALSE,B2B
29633,Unsloth AI,2024,2015-2024,Active,Surviving,USA,TRUE,8,6-10,FALSE,"Engineering, Product and Design"
29627,Codes Health,2024,2015-2024,Active,Surviving,USA,TRUE,12,11-25,FALSE,B2B
29623,Entangl,2024,2015-2024,Active,Surviving,USA,TRUE,7,6-10,FALSE,B2B
29623,Entangl,2024,2015-2024,Active,Surviving,USA,TRUE,7,6-10,FALSE,"Engineering, Product and Design"
29613,ClaimSorted,2024,2015-2024,Active,Surviving,,FALSE,20,11-25,FALSE,Fintech
29613,ClaimSorted,2024,2015-2024,Active,Surviving,,FALSE,20,11-25,FALSE,Insurance
29611,mdhub,2024,2015-2024,Active,Surviving,USA,TRUE,11,11-25,FALSE,Healthcare
29610,Hamming AI,2024,2015-2024,Active,Surviving,,FALSE,8,6-10,FALSE,B2B
29610,Hamming AI,2024,2015-2024,Active,Surviving,,FALSE,8,6-10,FALSE,"Engineering, Product and Design"
29607,ProhostAI,2024,2015-2024,Active,Surviving,USA,TRUE,5,1-5,FALSE,B2B
29605,Educato,2024,2015-2024,Active,Surviving,USA,TRUE,5,1-5,FALSE,Education
29597,Spaceium Inc,2024,2015-2024,Active,Surviving,,FALSE,NA,NA,FALSE,Industrials
29597,Spaceium Inc,2024,2015-2024,Active,Surviving,,FALSE,NA,NA,FALSE,Aviation and Space
29596,Comfy Deploy,2024,2015-2024,Active,Surviving,USA,TRUE,3,1-5,FALSE,B2B
29596,Comfy Deploy,2024,2015-2024,Active,Surviving,USA,TRUE,3,1-5,FALSE,"Engineering, Product and Design"
29591,Synnax,2024,2015-2024,Active,Surviving,,FALSE,5,1-5,FALSE,B2B
29591,Synnax,2024,2015-2024,Active,Surviving,,FALSE,5,1-5,FALSE,Infrastructure
29589,Theseus,2024,2015-2024,Active,Surviving,USA,TRUE,6,6-10,FALSE,Industrials
29589,Theseus,2024,2015-2024,Active,Surviving,USA,TRUE,6,6-10,FALSE,Drones
29588,Saphira AI,2024,2015-2024,Active,Surviving,USA,TRUE,6,6-10,FALSE,B2B
29588,Saphira AI,2024,2015-2024,Active,Surviving,USA,TRUE,6,6-10,FALSE,"Engineering, Product and Design"
29586,Glasskube,2024,2015-2024,Active,Surviving,,FALSE,5,1-5,FALSE,B2B
29586,Glasskube,2024,2015-2024,Active,Surviving,,FALSE,5,1-5,FALSE,Infrastructure
29585,Mem0,2024,2015-2024,Active,Surviving,USA,TRUE,4,1-5,FALSE,B2B
29585,Mem0,2024,2015-2024,Active,Surviving,USA,TRUE,4,1-5,FALSE,Infrastructure
29582,Cheers,2024,2015-2024,Active,Surviving,USA,TRUE,2,1-5,FALSE,B2B
29579,Understood Care,2024,2015-2024,Active,Surviving,USA,TRUE,7,6-10,FALSE,Healthcare
29575,Doublezero,2024,2015-2024,Active,Surviving,NA,FALSE,2,1-5,FALSE,B2B
29575,Doublezero,2024,2015-2024,Active,Surviving,NA,FALSE,2,1-5,FALSE,"Engineering, Product and Design"
29574,Superunit,2024,2015-2024,Active,Surviving,USA,TRUE,2,1-5,FALSE,B2B
29574,Superunit,2024,2015-2024,Active,Surviving,USA,TRUE,2,1-5,FALSE,Operations
29573,Undermind,2024,2015-2024,Active,Surviving,USA,TRUE,NA,NA,FALSE,B2B
29572,Domu Technology Inc.,2024,2015-2024,Active,Surviving,USA,TRUE,15,11-25,FALSE,B2B
29572,Domu Technology Inc.,2024,2015-2024,Active,Surviving,USA,TRUE,15,11-25,FALSE,"Engineering, Product and Design"
29571,Apten,2024,2015-2024,Active,Surviving,USA,TRUE,3,1-5,FALSE,B2B
29571,Apten,2024,2015-2024,Active,Surviving,USA,TRUE,3,1-5,FALSE,Marketing
29570,Spherecast,2024,2015-2024,Active,Surviving,USA,TRUE,7,6-10,FALSE,B2B
29570,Spherecast,2024,2015-2024,Active,Surviving,USA,TRUE,7,6-10,FALSE,Supply Chain and Logistics
29569,Miru,2024,2015-2024,Active,Surviving,USA,TRUE,3,1-5,FALSE,B2B
29569,Miru,2024,2015-2024,Active,Surviving,USA,TRUE,3,1-5,FALSE,Infrastructure
29568,Roger,2024,2015-2024,Active,Surviving,,FALSE,2,1-5,FALSE,B2B
29568,Roger,2024,2015-2024,Active,Surviving,,FALSE,2,1-5,FALSE,Sales
29558,Abel Police,2024,2015-2024,Active,Surviving,USA,TRUE,5,1-5,FALSE,Government
29557,Ultra,2024,2015-2024,Active,Surviving,USA,TRUE,4,1-5,FALSE,Industrials
29557,Ultra,2024,2015-2024,Active,Surviving,USA,TRUE,4,1-5,FALSE,Manufacturing and Robotics
29532,Ångström AI,2024,2015-2024,Active,Surviving,USA,TRUE,5,1-5,FALSE,Healthcare
29532,Ångström AI,2024,2015-2024,Active,Surviving,USA,TRUE,5,1-5,FALSE,Drug Discovery and Delivery
29524,Coval,2024,2015-2024,Active,Surviving,USA,TRUE,10,6-10,FALSE,B2B
29524,Coval,2024,2015-2024,Active,Surviving,USA,TRUE,10,6-10,FALSE,"Engineering, Product and Design"
29475,Evolvere BioSciences,2024,2015-2024,Active,Surviving,United Kingdom,FALSE,3,1-5,FALSE,Healthcare
29475,Evolvere BioSciences,2024,2015-2024,Active,Surviving,United Kingdom,FALSE,3,1-5,FALSE,Therapeutics
29474,Spur,2024,2015-2024,Active,Surviving,USA,TRUE,8,6-10,FALSE,B2B
29474,Spur,2024,2015-2024,Active,Surviving,USA,TRUE,8,6-10,FALSE,"Engineering, Product and Design"
29412,Ligo Biosciences,2024,2015-2024,Active,Surviving,USA,TRUE,4,1-5,FALSE,Healthcare
29412,Ligo Biosciences,2024,2015-2024,Active,Surviving,USA,TRUE,4,1-5,FALSE,Industrial Bio
29406,ACX,2024,2015-2024,Active,Surviving,USA,TRUE,4,1-5,FALSE,Healthcare
29406,ACX,2024,2015-2024,Active,Surviving,USA,TRUE,4,1-5,FALSE,Industrial Bio
29387,Overeasy,2024,2015-2024,Active,Surviving,USA,TRUE,2,1-5,FALSE,B2B
29349,Fuse,2024,2015-2024,Active,Surviving,United Kingdom,FALSE,3,1-5,FALSE,Healthcare
29296,Simplex,2024,2015-2024,Active,Surviving,USA,TRUE,2,1-5,FALSE,B2B
29296,Simplex,2024,2015-2024,Active,Surviving,USA,TRUE,2,1-5,FALSE,"Engineering, Product and Design"
29251,Poka Labs,2024,2015-2024,Active,Surviving,USA,TRUE,3,1-5,FALSE,B2B
29251,Poka Labs,2024,2015-2024,Active,Surviving,USA,TRUE,3,1-5,FALSE,Supply Chain and Logistics
29980,Midship,2024,2015-2024,Acquired,Successful,USA,TRUE,3,1-5,FALSE,B2B
29980,Midship,2024,2015-2024,Acquired,Successful,USA,TRUE,3,1-5,FALSE,Finance and Accounting
29953,Hey Revia,2024,2015-2024,Acquired,Successful,USA,TRUE,4,1-5,FALSE,B2B
29825,Sepal AI,2024,2015-2024,Acquired,Successful,USA,TRUE,15,11-25,FALSE,B2B
29804,Thyme,2024,2015-2024,Acquired,Successful,USA,TRUE,2,1-5,FALSE,B2B
29804,Thyme,2024,2015-2024,Acquired,Successful,USA,TRUE,2,1-5,FALSE,Finance and Accounting
29762,Remade,2024,2015-2024,Acquired,Successful,USA,TRUE,4,1-5,FALSE,Consumer
29762,Remade,2024,2015-2024,Acquired,Successful,USA,TRUE,4,1-5,FALSE,Content
29327,Central,2024,2015-2024,Acquired,Successful,USA,TRUE,15,11-25,FALSE,B2B
29327,Central,2024,2015-2024,Acquired,Successful,USA,TRUE,15,11-25,FALSE,Human Resources
29793,RiskAngle,2024,2015-2024,Inactive,Failed,USA,TRUE,2,1-5,FALSE,B2B
29747,deepsilicon,2024,2015-2024,Inactive,Failed,USA,TRUE,2,1-5,FALSE,Industrials
29641,Invaria,2024,2015-2024,Inactive,Failed,United Kingdom,FALSE,3,1-5,FALSE,B2B
29641,Invaria,2024,2015-2024,Inactive,Failed,United Kingdom,FALSE,3,1-5,FALSE,"Engineering, Product and Design"
29637,Flyflow,2024,2015-2024,Inactive,Failed,,FALSE,2,1-5,FALSE,B2B
29637,Flyflow,2024,2015-2024,Inactive,Failed,,FALSE,2,1-5,FALSE,Sales
29608,Pre,2024,2015-2024,Inactive,Failed,USA,TRUE,2,1-5,FALSE,B2B
29608,Pre,2024,2015-2024,Inactive,Failed,USA,TRUE,2,1-5,FALSE,Operations
27361,Polymath Robotics,2022,2015-2024,Active,Surviving,USA,TRUE,13,11-25,FALSE,Industrials
27361,Polymath Robotics,2022,2015-2024,Active,Surviving,USA,TRUE,13,11-25,FALSE,Manufacturing and Robotics
27269,Morf Health,2022,2015-2024,Active,Surviving,,FALSE,6,6-10,FALSE,Healthcare
27269,Morf Health,2022,2015-2024,Active,Surviving,,FALSE,6,6-10,FALSE,Healthcare IT
27268,Materee,2022,2015-2024,Active,Surviving,Indonesia,FALSE,20,11-25,FALSE,B2B
27267,Ping,2022,2015-2024,Active,Surviving,Argentina,FALSE,20,11-25,FALSE,Fintech
27263,Guardian Bio,2022,2015-2024,Active,Surviving,USA,TRUE,2,1-5,FALSE,Healthcare
27263,Guardian Bio,2022,2015-2024,Active,Surviving,USA,TRUE,2,1-5,FALSE,Therapeutics
27261,Integrated Reasoning,2022,2015-2024,Active,Surviving,USA,TRUE,1,1-5,FALSE,B2B
27261,Integrated Reasoning,2022,2015-2024,Active,Surviving,USA,TRUE,1,1-5,FALSE,"Engineering, Product and Design"
27260,Coverage Cat,2022,2015-2024,Active,Surviving,USA,TRUE,4,1-5,FALSE,Fintech
27260,Coverage Cat,2022,2015-2024,Active,Surviving,USA,TRUE,4,1-5,FALSE,Insurance
27258,AccessOwl,2022,2015-2024,Active,Surviving,Germany,FALSE,10,6-10,FALSE,B2B
27258,AccessOwl,2022,2015-2024,Active,Surviving,Germany,FALSE,10,6-10,FALSE,Infrastructure
27255,Intuned,2022,2015-2024,Active,Surviving,USA,TRUE,15,11-25,FALSE,B2B
27255,Intuned,2022,2015-2024,Active,Surviving,USA,TRUE,15,11-25,FALSE,"Engineering, Product and Design"
27253,Cone,2022,2015-2024,Active,Surviving,India,FALSE,8,6-10,FALSE,B2B
27253,Cone,2022,2015-2024,Active,Surviving,India,FALSE,8,6-10,FALSE,Finance and Accounting
27252,Landeed,2022,2015-2024,Active,Surviving,India,FALSE,35,26-100,FALSE,Fintech
27250,Axle,2022,2015-2024,Active,Surviving,USA,TRUE,10,6-10,FALSE,Fintech
27249,Aldara,2022,2015-2024,Active,Surviving,Spain,FALSE,10,6-10,FALSE,Real Estate and Construction
27248,Cambio,2022,2015-2024,Active,Surviving,USA,TRUE,60,26-100,FALSE,Real Estate and Construction
27224,InVision Medical Technology,2022,2015-2024,Active,Surviving,USA,TRUE,2,1-5,FALSE,Healthcare
27222,Kamion,2022,2015-2024,Active,Surviving,Turkey,FALSE,35,26-100,FALSE,B2B
27222,Kamion,2022,2015-2024,Active,Surviving,Turkey,FALSE,35,26-100,FALSE,Supply Chain and Logistics
27219,FlatX,2022,2015-2024,Active,Surviving,India,FALSE,2,1-5,FALSE,Real Estate and Construction
27219,FlatX,2022,2015-2024,Active,Surviving,India,FALSE,2,1-5,FALSE,Housing and Real Estate
27206,Delfino AI,2022,2015-2024,Active,Surviving,USA,TRUE,2,1-5,FALSE,Healthcare
27206,Delfino AI,2022,2015-2024,Active,Surviving,USA,TRUE,2,1-5,FALSE,Healthcare IT
27205,Kashin,2022,2015-2024,Active,Surviving,Peru,FALSE,45,26-100,FALSE,Fintech
27205,Kashin,2022,2015-2024,Active,Surviving,Peru,FALSE,45,26-100,FALSE,Credit and Lending
27198,Velontra,2022,2015-2024,Active,Surviving,USA,TRUE,5,1-5,FALSE,Industrials
27198,Velontra,2022,2015-2024,Active,Surviving,USA,TRUE,5,1-5,FALSE,Aviation and Space
27194,REVER,2022,2015-2024,Active,Surviving,Spain,FALSE,35,26-100,FALSE,Fintech
27191,AlgoTest,2022,2015-2024,Active,Surviving,India,FALSE,28,26-100,FALSE,Fintech
27190,Sculpt,2022,2015-2024,Active,Surviving,USA,TRUE,2,1-5,FALSE,B2B
27190,Sculpt,2022,2015-2024,Active,Surviving,USA,TRUE,2,1-5,FALSE,"Engineering, Product and Design"
27185,Knowtex,2022,2015-2024,Active,Surviving,USA,TRUE,NA,NA,FALSE,Healthcare
27185,Knowtex,2022,2015-2024,Active,Surviving,USA,TRUE,NA,NA,FALSE,Healthcare IT
27178,Pump.co,2022,2015-2024,Active,Surviving,USA,TRUE,75,26-100,FALSE,Fintech
27177,MovingLake,2022,2015-2024,Active,Surviving,Mexico,FALSE,3,1-5,FALSE,B2B
27177,MovingLake,2022,2015-2024,Active,Surviving,Mexico,FALSE,3,1-5,FALSE,"Engineering, Product and Design"
27175,Express Building,2022,2015-2024,Active,Surviving,Singapore,FALSE,14,11-25,FALSE,Real Estate and Construction
27175,Express Building,2022,2015-2024,Active,Surviving,Singapore,FALSE,14,11-25,FALSE,Housing and Real Estate
27173,Jamble,2022,2015-2024,Active,Surviving,USA,TRUE,3,1-5,FALSE,Consumer
27173,Jamble,2022,2015-2024,Active,Surviving,USA,TRUE,3,1-5,FALSE,Apparel and Cosmetics
27172,Clearline,2022,2015-2024,Active,Surviving,Canada,FALSE,5,1-5,FALSE,B2B
27172,Clearline,2022,2015-2024,Active,Surviving,Canada,FALSE,5,1-5,FALSE,"Engineering, Product and Design"
27168,Relevium Medical,2022,2015-2024,Active,Surviving,Ireland,FALSE,5,1-5,FALSE,Healthcare
27168,Relevium Medical,2022,2015-2024,Active,Surviving,Ireland,FALSE,5,1-5,FALSE,Therapeutics
27167,Blockscope,2022,2015-2024,Active,Surviving,USA,TRUE,4,1-5,FALSE,B2B
27167,Blockscope,2022,2015-2024,Active,Surviving,USA,TRUE,4,1-5,FALSE,Infrastructure
27166,Wondercraft,2022,2015-2024,Active,Surviving,United Kingdom,FALSE,15,11-25,FALSE,B2B
27166,Wondercraft,2022,2015-2024,Active,Surviving,United Kingdom,FALSE,15,11-25,FALSE,Marketing
27165,Entvin,2022,2015-2024,Active,Surviving,USA,TRUE,5,1-5,FALSE,Healthcare
27165,Entvin,2022,2015-2024,Active,Surviving,USA,TRUE,5,1-5,FALSE,Healthcare IT
27164,autone,2022,2015-2024,Active,Surviving,United Kingdom,FALSE,70,26-100,FALSE,B2B
27164,autone,2022,2015-2024,Active,Surviving,United Kingdom,FALSE,70,26-100,FALSE,Retail
27162,Oneleet,2022,2015-2024,Active,Surviving,,FALSE,50,26-100,FALSE,B2B
27162,Oneleet,2022,2015-2024,Active,Surviving,,FALSE,50,26-100,FALSE,Security
27161,Krave Mart,2022,2015-2024,Active,Surviving,Pakistan,FALSE,80,26-100,FALSE,Consumer
27161,Krave Mart,2022,2015-2024,Active,Surviving,Pakistan,FALSE,80,26-100,FALSE,Food and Beverage
27160,Drahim 💰,2022,2015-2024,Active,Surviving,Saudi Arabia,FALSE,8,6-10,FALSE,Fintech
27157,Levers,2022,2015-2024,Active,Surviving,Saudi Arabia,FALSE,8,6-10,FALSE,B2B
27157,Levers,2022,2015-2024,Active,Surviving,Saudi Arabia,FALSE,8,6-10,FALSE,Finance and Accounting
27154,Superbar,2022,2015-2024,Active,Surviving,Canada,FALSE,7,6-10,FALSE,B2B
27154,Superbar,2022,2015-2024,Active,Surviving,Canada,FALSE,7,6-10,FALSE,Marketing
27152,Firecrawl,2022,2015-2024,Active,Surviving,USA,TRUE,25,11-25,FALSE,B2B
27151,Solum Health,2022,2015-2024,Active,Surviving,,FALSE,3,1-5,FALSE,Healthcare
27147,FoodCourt,2022,2015-2024,Active,Surviving,Nigeria,FALSE,80,26-100,FALSE,Consumer
27147,FoodCourt,2022,2015-2024,Active,Surviving,Nigeria,FALSE,80,26-100,FALSE,Food and Beverage
27146,Sunpia,2022,2015-2024,Active,Surviving,USA,TRUE,3,1-5,FALSE,B2B
27146,Sunpia,2022,2015-2024,Active,Surviving,USA,TRUE,3,1-5,FALSE,Infrastructure
27143,TypeLess,2022,2015-2024,Active,Surviving,USA,TRUE,2,1-5,FALSE,B2B
27142,Invofox,2022,2015-2024,Active,Surviving,Spain,FALSE,12,11-25,FALSE,B2B
27142,Invofox,2022,2015-2024,Active,Surviving,Spain,FALSE,12,11-25,FALSE,Finance and Accounting
27141,Avina,2022,2015-2024,Active,Surviving,USA,TRUE,5,1-5,FALSE,B2B
27141,Avina,2022,2015-2024,Active,Surviving,USA,TRUE,5,1-5,FALSE,Sales
27140,Boton,2022,2015-2024,Active,Surviving,Panama,FALSE,3,1-5,FALSE,B2B
27140,Boton,2022,2015-2024,Active,Surviving,Panama,FALSE,3,1-5,FALSE,Finance and Accounting
27137,PrimeVault,2022,2015-2024,Active,Surviving,USA,TRUE,11,11-25,FALSE,Fintech
27137,PrimeVault,2022,2015-2024,Active,Surviving,USA,TRUE,11,11-25,FALSE,Asset Management
27124,KemNet,2022,2015-2024,Active,Surviving,Canada,FALSE,2,1-5,FALSE,Healthcare
27124,KemNet,2022,2015-2024,Active,Surviving,Canada,FALSE,2,1-5,FALSE,Healthcare IT
27109,HOMLI,2022,2015-2024,Active,Surviving,USA,TRUE,20,11-25,FALSE,Real Estate and Construction
27109,HOMLI,2022,2015-2024,Active,Surviving,USA,TRUE,20,11-25,FALSE,Housing and Real Estate
27108,Sanifu,2022,2015-2024,Active,Surviving,Kenya,FALSE,5,1-5,FALSE,B2B
27108,Sanifu,2022,2015-2024,Active,Surviving,Kenya,FALSE,5,1-5,FALSE,Operations
27097,Findly,2022,2015-2024,Active,Surviving,United Kingdom,FALSE,11,11-25,FALSE,B2B
27097,Findly,2022,2015-2024,Active,Surviving,United Kingdom,FALSE,11,11-25,FALSE,Analytics
27096,Relate,2022,2015-2024,Active,Surviving,USA,TRUE,7,6-10,FALSE,B2B
27096,Relate,2022,2015-2024,Active,Surviving,USA,TRUE,7,6-10,FALSE,Sales
27095,Relay Health,2022,2015-2024,Active,Surviving,USA,TRUE,5,1-5,FALSE,Healthcare
27095,Relay Health,2022,2015-2024,Active,Surviving,USA,TRUE,5,1-5,FALSE,Consumer Health and Wellness
27094,nsave,2022,2015-2024,Active,Surviving,United Kingdom,FALSE,20,11-25,FALSE,Fintech
27092,Lamin,2022,2015-2024,Active,Surviving,,FALSE,10,6-10,FALSE,Healthcare
27092,Lamin,2022,2015-2024,Active,Surviving,,FALSE,10,6-10,FALSE,Healthcare IT
27091,Trendex - Connect with stars,2022,2015-2024,Active,Surviving,USA,TRUE,9,6-10,FALSE,Consumer
27090,CompUp,2022,2015-2024,Active,Surviving,India,FALSE,35,26-100,FALSE,B2B
27090,CompUp,2022,2015-2024,Active,Surviving,India,FALSE,35,26-100,FALSE,Human Resources
27086,AiPrise,2022,2015-2024,Active,Surviving,USA,TRUE,42,26-100,FALSE,Fintech
27085,Roforco,2022,2015-2024,Active,Surviving,USA,TRUE,4,1-5,FALSE,Consumer
27085,Roforco,2022,2015-2024,Active,Surviving,USA,TRUE,4,1-5,FALSE,Gaming
27078,Wand Solar,2022,2015-2024,Active,Surviving,Israel,FALSE,2,1-5,FALSE,Industrials
27078,Wand Solar,2022,2015-2024,Active,Surviving,Israel,FALSE,2,1-5,FALSE,Climate
27055,Vinci Games,2022,2015-2024,Active,Surviving,USA,TRUE,7,6-10,FALSE,Consumer
27055,Vinci Games,2022,2015-2024,Active,Surviving,USA,TRUE,7,6-10,FALSE,Gaming
27054,Ekho,2022,2015-2024,Active,Surviving,USA,TRUE,30,26-100,FALSE,B2B
27054,Ekho,2022,2015-2024,Active,Surviving,USA,TRUE,30,26-100,FALSE,Supply Chain and Logistics
27052,Quindar,2022,2015-2024,Active,Surviving,USA,TRUE,57,26-100,FALSE,B2B
27051,Unthread,2022,2015-2024,Active,Surviving,USA,TRUE,7,6-10,FALSE,B2B
27051,Unthread,2022,2015-2024,Active,Surviving,USA,TRUE,7,6-10,FALSE,Productivity
27050,Kombo,2022,2015-2024,Active,Surviving,Germany,FALSE,20,11-25,FALSE,B2B
27049,Anchor,2022,2015-2024,Active,Surviving,Nigeria,FALSE,8,6-10,FALSE,Fintech
27047,Plutto,2022,2015-2024,Active,Surviving,Chile,FALSE,20,11-25,FALSE,B2B
27047,Plutto,2022,2015-2024,Active,Surviving,Chile,FALSE,20,11-25,FALSE,Infrastructure
27046,Atlas,2022,2015-2024,Active,Surviving,USA,TRUE,2,1-5,FALSE,B2B
27042,Artemis Search,2022,2015-2024,Active,Surviving,USA,TRUE,3,1-5,FALSE,B2B
27041,Feather,2022,2015-2024,Active,Surviving,USA,TRUE,6,6-10,FALSE,B2B
27039,Cobbery,2022,2015-2024,Active,Surviving,USA,TRUE,4,1-5,FALSE,B2B
27039,Cobbery,2022,2015-2024,Active,Surviving,USA,TRUE,4,1-5,FALSE,Operations
27038,Fini,2022,2015-2024,Active,Surviving,Netherlands,FALSE,14,11-25,FALSE,B2B
27038,Fini,2022,2015-2024,Active,Surviving,Netherlands,FALSE,14,11-25,FALSE,Operations
27037,Metriport,2022,2015-2024,Active,Surviving,USA,TRUE,23,11-25,FALSE,Healthcare
27037,Metriport,2022,2015-2024,Active,Surviving,USA,TRUE,23,11-25,FALSE,Healthcare IT
26913,Aurelian,2022,2015-2024,Active,Surviving,USA,TRUE,45,26-100,FALSE,B2B
26912,Quinn,2022,2015-2024,Active,Surviving,USA,TRUE,4,1-5,FALSE,Healthcare
26912,Quinn,2022,2015-2024,Active,Surviving,USA,TRUE,4,1-5,FALSE,Drug Discovery and Delivery
26907,Rima AI (formerly Garage),2022,2015-2024,Active,Surviving,USA,TRUE,5,1-5,FALSE,B2B
26907,Rima AI (formerly Garage),2022,2015-2024,Active,Surviving,USA,TRUE,5,1-5,FALSE,Finance and Accounting
26903,Chowdeck,2022,2015-2024,Active,Surviving,Nigeria,FALSE,14,11-25,FALSE,Consumer
26903,Chowdeck,2022,2015-2024,Active,Surviving,Nigeria,FALSE,14,11-25,FALSE,Food and Beverage
26902,Maya Labs,2022,2015-2024,Active,Surviving,India,FALSE,5,1-5,FALSE,B2B
26902,Maya Labs,2022,2015-2024,Active,Surviving,India,FALSE,5,1-5,FALSE,Productivity
26901,FlyCode,2022,2015-2024,Active,Surviving,USA,TRUE,7,6-10,FALSE,Fintech
26900,Pluralith,2022,2015-2024,Active,Surviving,Austria,FALSE,2,1-5,FALSE,B2B
26900,Pluralith,2022,2015-2024,Active,Surviving,Austria,FALSE,2,1-5,FALSE,Infrastructure
26898,Diversion,2022,2015-2024,Active,Surviving,USA,TRUE,14,11-25,FALSE,B2B
26898,Diversion,2022,2015-2024,Active,Surviving,USA,TRUE,14,11-25,FALSE,"Engineering, Product and Design"
26897,AviaryAI,2022,2015-2024,Active,Surviving,USA,TRUE,10,6-10,FALSE,Fintech
26890,Latent Space,2022,2015-2024,Active,Surviving,Indonesia,FALSE,100,26-100,FALSE,Consumer
26885,AnythingLLM,2022,2015-2024,Active,Surviving,USA,TRUE,4,1-5,FALSE,Consumer
26883,Hedgehog,2022,2015-2024,Active,Surviving,USA,TRUE,18,11-25,FALSE,Industrials
26883,Hedgehog,2022,2015-2024,Active,Surviving,USA,TRUE,18,11-25,FALSE,Manufacturing and Robotics
26882,Coris,2022,2015-2024,Active,Surviving,USA,TRUE,10,6-10,FALSE,B2B
26882,Coris,2022,2015-2024,Active,Surviving,USA,TRUE,10,6-10,FALSE,Infrastructure
26881,Bitstack,2022,2015-2024,Active,Surviving,France,FALSE,16,11-25,FALSE,Fintech
26880,Airhart Aeronautics,2022,2015-2024,Active,Surviving,USA,TRUE,6,6-10,FALSE,Industrials
26880,Airhart Aeronautics,2022,2015-2024,Active,Surviving,USA,TRUE,6,6-10,FALSE,Aviation and Space
26877,Peoplebox.ai,2022,2015-2024,Active,Surviving,USA,TRUE,35,26-100,FALSE,B2B
26877,Peoplebox.ai,2022,2015-2024,Active,Surviving,USA,TRUE,35,26-100,FALSE,Human Resources
26871,Shipmates,2022,2015-2024,Active,Surviving,Philippines,FALSE,12,11-25,FALSE,B2B
26871,Shipmates,2022,2015-2024,Active,Surviving,Philippines,FALSE,12,11-25,FALSE,Supply Chain and Logistics
26870,Thera,2022,2015-2024,Active,Surviving,USA,TRUE,15,11-25,FALSE,B2B
26869,Sytex,2022,2015-2024,Active,Surviving,Argentina,FALSE,22,11-25,FALSE,B2B
26869,Sytex,2022,2015-2024,Active,Surviving,Argentina,FALSE,22,11-25,FALSE,Productivity
26863,Provision,2022,2015-2024,Active,Surviving,Canada,FALSE,15,11-25,FALSE,B2B
26863,Provision,2022,2015-2024,Active,Surviving,Canada,FALSE,15,11-25,FALSE,Infrastructure
26861,100x,2022,2015-2024,Active,Surviving,India,FALSE,3,1-5,FALSE,B2B
26861,100x,2022,2015-2024,Active,Surviving,India,FALSE,3,1-5,FALSE,Productivity
26860,NewsCatcher,2022,2015-2024,Active,Surviving,Ukraine,FALSE,22,11-25,FALSE,B2B
26860,NewsCatcher,2022,2015-2024,Active,Surviving,Ukraine,FALSE,22,11-25,FALSE,Analytics
26859,Typewise,2022,2015-2024,Active,Surviving,Switzerland,FALSE,12,11-25,FALSE,B2B
26859,Typewise,2022,2015-2024,Active,Surviving,Switzerland,FALSE,12,11-25,FALSE,Productivity
26852,Slidely AI,2022,2015-2024,Active,Surviving,India,FALSE,5,1-5,FALSE,B2B
26852,Slidely AI,2022,2015-2024,Active,Surviving,India,FALSE,5,1-5,FALSE,Productivity
26851,Mistle,2022,2015-2024,Active,Surviving,Singapore,FALSE,2,1-5,FALSE,B2B
26851,Mistle,2022,2015-2024,Active,Surviving,Singapore,FALSE,2,1-5,FALSE,"Engineering, Product and Design"
26850,BiggerPicture,2022,2015-2024,Active,Surviving,USA,TRUE,5,1-5,FALSE,B2B
26825,Flair Labs,2022,2015-2024,Active,Surviving,USA,TRUE,4,1-5,FALSE,B2B
26819,Namecard.ai,2022,2015-2024,Active,Surviving,,FALSE,9,6-10,FALSE,B2B
26818,Pivot,2022,2015-2024,Active,Surviving,USA,TRUE,2,1-5,FALSE,B2B
26818,Pivot,2022,2015-2024,Active,Surviving,USA,TRUE,2,1-5,FALSE,Finance and Accounting
26813,Aragorn AI,2022,2015-2024,Active,Surviving,,FALSE,4,1-5,FALSE,B2B
26813,Aragorn AI,2022,2015-2024,Active,Surviving,,FALSE,4,1-5,FALSE,Human Resources
26812,Hype,2022,2015-2024,Active,Surviving,USA,TRUE,3,1-5,FALSE,Consumer
26810,Ten Lives,2022,2015-2024,Active,Surviving,USA,TRUE,6,6-10,FALSE,Consumer
26810,Ten Lives,2022,2015-2024,Active,Surviving,USA,TRUE,6,6-10,FALSE,Food and Beverage
26809,Malama Health,2022,2015-2024,Active,Surviving,USA,TRUE,3,1-5,FALSE,Healthcare
26807,MaverickX,2022,2015-2024,Active,Surviving,USA,TRUE,30,26-100,FALSE,Industrials
26807,MaverickX,2022,2015-2024,Active,Surviving,USA,TRUE,30,26-100,FALSE,Energy
26806,Illuminant Surgical,2022,2015-2024,Active,Surviving,USA,TRUE,8,6-10,FALSE,Healthcare
26806,Illuminant Surgical,2022,2015-2024,Active,Surviving,USA,TRUE,8,6-10,FALSE,Medical Devices
26803,Tank Payments,2022,2015-2024,Active,Surviving,USA,TRUE,10,6-10,FALSE,Fintech
26803,Tank Payments,2022,2015-2024,Active,Surviving,USA,TRUE,10,6-10,FALSE,Payments
26802,Apply Design,2022,2015-2024,Active,Surviving,Israel,FALSE,4,1-5,FALSE,Real Estate and Construction
26801,Evoly,2022,2015-2024,Active,Surviving,USA,TRUE,4,1-5,FALSE,Industrials
26801,Evoly,2022,2015-2024,Active,Surviving,USA,TRUE,4,1-5,FALSE,Energy
26800,Juicebox,2022,2015-2024,Active,Surviving,USA,TRUE,50,26-100,FALSE,B2B
26800,Juicebox,2022,2015-2024,Active,Surviving,USA,TRUE,50,26-100,FALSE,Recruiting and Talent
26797,Rio,2022,2015-2024,Active,Surviving,Mexico,FALSE,10,6-10,FALSE,Fintech
26797,Rio,2022,2015-2024,Active,Surviving,Mexico,FALSE,10,6-10,FALSE,Payments
26796,Popsy,2022,2015-2024,Active,Surviving,Slovenia,FALSE,2,1-5,FALSE,B2B
26796,Popsy,2022,2015-2024,Active,Surviving,Slovenia,FALSE,2,1-5,FALSE,Marketing
26795,Gullak Money,2022,2015-2024,Active,Surviving,India,FALSE,15,11-25,FALSE,Fintech
26794,Capix,2022,2015-2024,Active,Surviving,USA,TRUE,5,1-5,FALSE,Fintech
26793,Windmill,2022,2015-2024,Active,Surviving,France,FALSE,7,6-10,FALSE,B2B
26793,Windmill,2022,2015-2024,Active,Surviving,France,FALSE,7,6-10,FALSE,Infrastructure
26792,Activepieces,2022,2015-2024,Active,Surviving,USA,TRUE,10,6-10,FALSE,B2B
26792,Activepieces,2022,2015-2024,Active,Surviving,USA,TRUE,10,6-10,FALSE,"Engineering, Product and Design"
26784,Seaflight Technologies,2022,2015-2024,Active,Surviving,USA,TRUE,4,1-5,FALSE,Industrials
26784,Seaflight Technologies,2022,2015-2024,Active,Surviving,USA,TRUE,4,1-5,FALSE,Aviation and Space
26783,Raven,2022,2015-2024,Active,Surviving,India,FALSE,4,1-5,FALSE,B2B
26783,Raven,2022,2015-2024,Active,Surviving,India,FALSE,4,1-5,FALSE,"Engineering, Product and Design"
26782,Cashboard,2022,2015-2024,Active,Surviving,USA,TRUE,6,6-10,FALSE,B2B
26782,Cashboard,2022,2015-2024,Active,Surviving,USA,TRUE,6,6-10,FALSE,Finance and Accounting
26781,CodeCrafters,2022,2015-2024,Active,Surviving,NA,FALSE,10,6-10,FALSE,Consumer
26781,CodeCrafters,2022,2015-2024,Active,Surviving,NA,FALSE,10,6-10,FALSE,Job and Career Services
26778,Blee,2022,2015-2024,Active,Surviving,USA,TRUE,15,11-25,FALSE,Fintech
26776,Overwatch,2022,2015-2024,Active,Surviving,USA,TRUE,14,11-25,FALSE,B2B
26776,Overwatch,2022,2015-2024,Active,Surviving,USA,TRUE,14,11-25,FALSE,Security
26769,ALT TEX,2022,2015-2024,Active,Surviving,Canada,FALSE,10,6-10,FALSE,Industrials
26769,ALT TEX,2022,2015-2024,Active,Surviving,Canada,FALSE,10,6-10,FALSE,Climate
26768,Disclo,2022,2015-2024,Active,Surviving,USA,TRUE,10,6-10,FALSE,B2B
26768,Disclo,2022,2015-2024,Active,Surviving,USA,TRUE,10,6-10,FALSE,Human Resources
26763,Voltic,2022,2015-2024,Active,Surviving,NA,FALSE,5,1-5,FALSE,Industrials
26763,Voltic,2022,2015-2024,Active,Surviving,NA,FALSE,5,1-5,FALSE,Climate
26756,WithIda,2022,2015-2024,Active,Surviving,Germany,FALSE,2,1-5,FALSE,B2B
26756,WithIda,2022,2015-2024,Active,Surviving,Germany,FALSE,2,1-5,FALSE,"Engineering, Product and Design"
26755,Sunlight,2022,2015-2024,Active,Surviving,USA,TRUE,6,6-10,FALSE,Fintech
26754,Novig,2022,2015-2024,Active,Surviving,USA,TRUE,55,26-100,FALSE,Consumer
26754,Novig,2022,2015-2024,Active,Surviving,USA,TRUE,55,26-100,FALSE,Gaming
26753,Lyra,2022,2015-2024,Active,Surviving,USA,TRUE,3,1-5,FALSE,Consumer
26751,Signatur Biosciences,2022,2015-2024,Active,Surviving,United Kingdom,FALSE,5,1-5,FALSE,Healthcare
26751,Signatur Biosciences,2022,2015-2024,Active,Surviving,United Kingdom,FALSE,5,1-5,FALSE,Diagnostics
26750,NuMind,2022,2015-2024,Active,Surviving,USA,TRUE,6,6-10,FALSE,B2B
26750,NuMind,2022,2015-2024,Active,Surviving,USA,TRUE,6,6-10,FALSE,"Engineering, Product and Design"
26749,Ballerine,2022,2015-2024,Active,Surviving,,FALSE,16,11-25,FALSE,Fintech
26743,EthosX,2022,2015-2024,Active,Surviving,USA,TRUE,2,1-5,FALSE,Fintech
26742,Boostly,2022,2015-2024,Active,Surviving,USA,TRUE,50,26-100,FALSE,B2B
26742,Boostly,2022,2015-2024,Active,Surviving,USA,TRUE,50,26-100,FALSE,Marketing
26741,Paragon AI,2022,2015-2024,Active,Surviving,USA,TRUE,3,1-5,FALSE,B2B
26741,Paragon AI,2022,2015-2024,Active,Surviving,USA,TRUE,3,1-5,FALSE,Sales
26740,BlueHill Payments,2022,2015-2024,Active,Surviving,USA,TRUE,2,1-5,FALSE,B2B
26740,BlueHill Payments,2022,2015-2024,Active,Surviving,USA,TRUE,2,1-5,FALSE,Productivity
26739,Craze,2022,2015-2024,Active,Surviving,India,FALSE,8,6-10,FALSE,B2B
26739,Craze,2022,2015-2024,Active,Surviving,India,FALSE,8,6-10,FALSE,Human Resources
26737,Fetii,2022,2015-2024,Active,Surviving,USA,TRUE,50,26-100,FALSE,Consumer
26737,Fetii,2022,2015-2024,Active,Surviving,USA,TRUE,50,26-100,FALSE,Transportation Services
26736,Array Labs,2022,2015-2024,Active,Surviving,USA,TRUE,30,26-100,FALSE,Industrials
26736,Array Labs,2022,2015-2024,Active,Surviving,USA,TRUE,30,26-100,FALSE,Aviation and Space
26735,Dr. Treat,2022,2015-2024,Active,Surviving,USA,TRUE,21,11-25,FALSE,Healthcare
26735,Dr. Treat,2022,2015-2024,Active,Surviving,USA,TRUE,21,11-25,FALSE,Healthcare Services
26734,Serinus Biosciences,2022,2015-2024,Active,Surviving,USA,TRUE,6,6-10,FALSE,Healthcare
26734,Serinus Biosciences,2022,2015-2024,Active,Surviving,USA,TRUE,6,6-10,FALSE,Therapeutics
26733,Roxels,2022,2015-2024,Active,Surviving,USA,TRUE,7,6-10,FALSE,B2B
26730,Champ,2022,2015-2024,Active,Surviving,USA,TRUE,1,1-5,FALSE,B2B
26730,Champ,2022,2015-2024,Active,Surviving,USA,TRUE,1,1-5,FALSE,Sales
26727,Moneco,2022,2015-2024,Active,Surviving,France,FALSE,15,11-25,FALSE,Fintech
26727,Moneco,2022,2015-2024,Active,Surviving,France,FALSE,15,11-25,FALSE,Banking and Exchange
26725,ECSA,2022,2015-2024,Active,Surviving,Brazil,FALSE,NA,NA,FALSE,Fintech
26725,ECSA,2022,2015-2024,Active,Surviving,Brazil,FALSE,NA,NA,FALSE,Payments
26724,Coupl,2022,2015-2024,Active,Surviving,India,FALSE,8,6-10,FALSE,Fintech
26724,Coupl,2022,2015-2024,Active,Surviving,India,FALSE,8,6-10,FALSE,Banking and Exchange
26722,Boundo,2022,2015-2024,Active,Surviving,USA,TRUE,2,1-5,FALSE,B2B
26722,Boundo,2022,2015-2024,Active,Surviving,USA,TRUE,2,1-5,FALSE,"Engineering, Product and Design"
26720,TrueBiz,2022,2015-2024,Active,Surviving,USA,TRUE,6,6-10,FALSE,B2B
26720,TrueBiz,2022,2015-2024,Active,Surviving,USA,TRUE,6,6-10,FALSE,Operations
26718,Cerrion,2022,2015-2024,Active,Surviving,Switzerland,FALSE,16,11-25,FALSE,Industrials
26717,Blitz,2022,2015-2024,Active,Surviving,USA,TRUE,4,1-5,FALSE,B2B
26717,Blitz,2022,2015-2024,Active,Surviving,USA,TRUE,4,1-5,FALSE,Operations
26716,erad,2022,2015-2024,Active,Surviving,Saudi Arabia,FALSE,5,1-5,FALSE,Fintech
26713,Pasito,2022,2015-2024,Active,Surviving,USA,TRUE,20,11-25,FALSE,Fintech
26713,Pasito,2022,2015-2024,Active,Surviving,USA,TRUE,20,11-25,FALSE,Insurance
26712,CodeCanary,2022,2015-2024,Active,Surviving,USA,TRUE,2,1-5,FALSE,B2B
26711,Devyce,2022,2015-2024,Active,Surviving,United Kingdom,FALSE,20,11-25,FALSE,B2B
26711,Devyce,2022,2015-2024,Active,Surviving,United Kingdom,FALSE,20,11-25,FALSE,Operations
26710,Tailor,2022,2015-2024,Active,Surviving,Japan,FALSE,40,26-100,FALSE,B2B
26709,Dittofeed,2022,2015-2024,Active,Surviving,USA,TRUE,2,1-5,FALSE,B2B
26709,Dittofeed,2022,2015-2024,Active,Surviving,USA,TRUE,2,1-5,FALSE,Marketing
26708,Makeasite,2022,2015-2024,Active,Surviving,USA,TRUE,2,1-5,FALSE,Consumer
26707,Chariot,2022,2015-2024,Active,Surviving,USA,TRUE,24,11-25,FALSE,Fintech
26707,Chariot,2022,2015-2024,Active,Surviving,USA,TRUE,24,11-25,FALSE,Payments
26705,Stackup,2022,2015-2024,Active,Surviving,USA,TRUE,4,1-5,FALSE,B2B
26705,Stackup,2022,2015-2024,Active,Surviving,USA,TRUE,4,1-5,FALSE,"Engineering, Product and Design"
26704,Two Dots,2022,2015-2024,Active,Surviving,USA,TRUE,18,11-25,FALSE,B2B
26703,Versa,2022,2015-2024,Active,Surviving,USA,TRUE,2,1-5,FALSE,B2B
26703,Versa,2022,2015-2024,Active,Surviving,USA,TRUE,2,1-5,FALSE,Finance and Accounting
26693,SigmaMind AI,2022,2015-2024,Active,Surviving,India,FALSE,12,11-25,FALSE,B2B
26675,Birch Biosciences,2022,2015-2024,Active,Surviving,USA,TRUE,10,6-10,FALSE,Industrials
26675,Birch Biosciences,2022,2015-2024,Active,Surviving,USA,TRUE,10,6-10,FALSE,Climate
26671,Ciro,2022,2015-2024,Active,Surviving,USA,TRUE,5,1-5,FALSE,B2B
26671,Ciro,2022,2015-2024,Active,Surviving,USA,TRUE,5,1-5,FALSE,Sales
26670,Julius,2022,2015-2024,Active,Surviving,USA,TRUE,10,6-10,FALSE,B2B
26668,Elessar,2022,2015-2024,Active,Surviving,USA,TRUE,2,1-5,FALSE,B2B
26668,Elessar,2022,2015-2024,Active,Surviving,USA,TRUE,2,1-5,FALSE,Productivity
26667,Star,2022,2015-2024,Active,Surviving,USA,TRUE,1,1-5,FALSE,Consumer
26667,Star,2022,2015-2024,Active,Surviving,USA,TRUE,1,1-5,FALSE,Gaming
26662,Paces,2022,2015-2024,Active,Surviving,USA,TRUE,40,26-100,FALSE,Industrials
26662,Paces,2022,2015-2024,Active,Surviving,USA,TRUE,40,26-100,FALSE,Climate
26661,Stream,2022,2015-2024,Active,Surviving,USA,TRUE,15,11-25,FALSE,Fintech
26661,Stream,2022,2015-2024,Active,Surviving,USA,TRUE,15,11-25,FALSE,Insurance
26660,Chordio,2022,2015-2024,Active,Surviving,USA,TRUE,4,1-5,FALSE,B2B
26660,Chordio,2022,2015-2024,Active,Surviving,USA,TRUE,4,1-5,FALSE,"Engineering, Product and Design"
26655,Instant,2022,2015-2024,Active,Surviving,USA,TRUE,4,1-5,FALSE,B2B
26655,Instant,2022,2015-2024,Active,Surviving,USA,TRUE,4,1-5,FALSE,"Engineering, Product and Design"
26654,Wolfia,2022,2015-2024,Active,Surviving,USA,TRUE,5,1-5,FALSE,B2B
26654,Wolfia,2022,2015-2024,Active,Surviving,USA,TRUE,5,1-5,FALSE,Sales
26564,Banabo,2022,2015-2024,Active,Surviving,USA,TRUE,2,1-5,FALSE,B2B
26564,Banabo,2022,2015-2024,Active,Surviving,USA,TRUE,2,1-5,FALSE,Marketing
26554,Cisterna Biologics,2022,2015-2024,Active,Surviving,USA,TRUE,2,1-5,FALSE,Healthcare
26525,Clinikally,2022,2015-2024,Active,Surviving,India,FALSE,125,101-500,FALSE,Healthcare
26525,Clinikally,2022,2015-2024,Active,Surviving,India,FALSE,125,101-500,FALSE,Consumer Health and Wellness
26505,Layerup,2022,2015-2024,Active,Surviving,USA,TRUE,11,11-25,FALSE,B2B
26501,Albiware Inc.,2022,2015-2024,Active,Surviving,USA,TRUE,12,11-25,FALSE,Real Estate and Construction
26501,Albiware Inc.,2022,2015-2024,Active,Surviving,USA,TRUE,12,11-25,FALSE,Construction
26480,Poly,2022,2015-2024,Active,Surviving,USA,TRUE,3,1-5,FALSE,Consumer
26476,Pana,2022,2015-2024,Active,Surviving,USA,TRUE,14,11-25,FALSE,Fintech
26476,Pana,2022,2015-2024,Active,Surviving,USA,TRUE,14,11-25,FALSE,Banking and Exchange
26427,Eugit Therapeutics,2022,2015-2024,Active,Surviving,USA,TRUE,2,1-5,FALSE,Healthcare
26427,Eugit Therapeutics,2022,2015-2024,Active,Surviving,USA,TRUE,2,1-5,FALSE,Therapeutics
26413,Medplum,2022,2015-2024,Active,Surviving,USA,TRUE,12,11-25,FALSE,Healthcare
26413,Medplum,2022,2015-2024,Active,Surviving,USA,TRUE,12,11-25,FALSE,Healthcare IT
25249,SilkChart,2022,2015-2024,Active,Surviving,USA,TRUE,8,6-10,FALSE,B2B
25249,SilkChart,2022,2015-2024,Active,Surviving,USA,TRUE,8,6-10,FALSE,Sales
25151,Keylika,2022,2015-2024,Active,Surviving,USA,TRUE,1,1-5,FALSE,Healthcare
25151,Keylika,2022,2015-2024,Active,Surviving,USA,TRUE,1,1-5,FALSE,Therapeutics
25059,Emerge Career,2022,2015-2024,Active,Surviving,USA,TRUE,8,6-10,FALSE,Education
27195,Vizzly,2022,2015-2024,Acquired,Successful,United Kingdom,FALSE,4,1-5,FALSE,B2B
27195,Vizzly,2022,2015-2024,Acquired,Successful,United Kingdom,FALSE,4,1-5,FALSE,Analytics
27184,Taro,2022,2015-2024,Acquired,Successful,USA,TRUE,6,6-10,FALSE,B2B
27184,Taro,2022,2015-2024,Acquired,Successful,USA,TRUE,6,6-10,FALSE,Recruiting and Talent
27176,Slingshot,2022,2015-2024,Acquired,Successful,USA,TRUE,4,1-5,FALSE,Healthcare
27174,Monterey AI,2022,2015-2024,Acquired,Successful,USA,TRUE,6,6-10,FALSE,B2B
27174,Monterey AI,2022,2015-2024,Acquired,Successful,USA,TRUE,6,6-10,FALSE,"Engineering, Product and Design"
27153,UpLink,2022,2015-2024,Acquired,Successful,USA,TRUE,4,1-5,FALSE,B2B
27153,UpLink,2022,2015-2024,Acquired,Successful,USA,TRUE,4,1-5,FALSE,Productivity
26872,Neosync,2022,2015-2024,Acquired,Successful,USA,TRUE,3,1-5,FALSE,B2B
26872,Neosync,2022,2015-2024,Acquired,Successful,USA,TRUE,3,1-5,FALSE,Infrastructure
26862,Pulppo,2022,2015-2024,Acquired,Successful,Mexico,FALSE,29,26-100,FALSE,Real Estate and Construction
26862,Pulppo,2022,2015-2024,Acquired,Successful,Mexico,FALSE,29,26-100,FALSE,Housing and Real Estate
26811,Payload,2022,2015-2024,Acquired,Successful,USA,TRUE,3,1-5,FALSE,B2B
26811,Payload,2022,2015-2024,Acquired,Successful,USA,TRUE,3,1-5,FALSE,"Engineering, Product and Design"
26764,Tranch,2022,2015-2024,Acquired,Successful,United Kingdom,FALSE,11,11-25,FALSE,Fintech
26764,Tranch,2022,2015-2024,Acquired,Successful,United Kingdom,FALSE,11,11-25,FALSE,Payments
26719,Alterya,2022,2015-2024,Acquired,Successful,Israel,FALSE,30,26-100,FALSE,Fintech
26690,Truva,2022,2015-2024,Acquired,Successful,USA,TRUE,23,11-25,FALSE,B2B
26690,Truva,2022,2015-2024,Acquired,Successful,USA,TRUE,23,11-25,FALSE,Marketing
26657,HyperDX,2022,2015-2024,Acquired,Successful,USA,TRUE,4,1-5,FALSE,B2B
26657,HyperDX,2022,2015-2024,Acquired,Successful,USA,TRUE,4,1-5,FALSE,"Engineering, Product and Design"
25267,TigerEye,2022,2015-2024,Acquired,Successful,USA,TRUE,30,26-100,FALSE,Real Estate and Construction
25267,TigerEye,2022,2015-2024,Acquired,Successful,USA,TRUE,30,26-100,FALSE,Construction
27264,Dev Tools AI,2022,2015-2024,Inactive,Failed,USA,TRUE,2,1-5,FALSE,B2B
27264,Dev Tools AI,2022,2015-2024,Inactive,Failed,USA,TRUE,2,1-5,FALSE,"Engineering, Product and Design"
27262,Pivo Technology Inc,2022,2015-2024,Inactive,Failed,Nigeria,FALSE,11,11-25,FALSE,Fintech
27251,Lotus,2022,2015-2024,Inactive,Failed,USA,TRUE,2,1-5,FALSE,B2B
27251,Lotus,2022,2015-2024,Inactive,Failed,USA,TRUE,2,1-5,FALSE,Finance and Accounting
27221,CAPSULE,2022,2015-2024,Inactive,Failed,USA,TRUE,4,1-5,FALSE,Consumer
27221,CAPSULE,2022,2015-2024,Inactive,Failed,USA,TRUE,4,1-5,FALSE,Apparel and Cosmetics
27159,Almond,2022,2015-2024,Inactive,Failed,USA,TRUE,8,6-10,FALSE,Healthcare
27159,Almond,2022,2015-2024,Inactive,Failed,USA,TRUE,8,6-10,FALSE,Consumer Health and Wellness
27158,Jasmine Energy,2022,2015-2024,Inactive,Failed,USA,TRUE,5,1-5,FALSE,B2B
27158,Jasmine Energy,2022,2015-2024,Inactive,Failed,USA,TRUE,5,1-5,FALSE,Operations
27155,Sonnet,2022,2015-2024,Inactive,Failed,USA,TRUE,7,6-10,FALSE,B2B
27155,Sonnet,2022,2015-2024,Inactive,Failed,USA,TRUE,7,6-10,FALSE,Sales
27150,Drip,2022,2015-2024,Inactive,Failed,Brazil,FALSE,15,11-25,FALSE,Fintech
27150,Drip,2022,2015-2024,Inactive,Failed,Brazil,FALSE,15,11-25,FALSE,Payments
27048,Payfura,2022,2015-2024,Inactive,Failed,USA,TRUE,2,1-5,FALSE,Fintech
27048,Payfura,2022,2015-2024,Inactive,Failed,USA,TRUE,2,1-5,FALSE,Payments
27045,Argovox,2022,2015-2024,Inactive,Failed,USA,TRUE,3,1-5,FALSE,Fintech
27040,Grai,2022,2015-2024,Inactive,Failed,USA,TRUE,3,1-5,FALSE,B2B
27040,Grai,2022,2015-2024,Inactive,Failed,USA,TRUE,3,1-5,FALSE,Infrastructure
26899,Manatee,2022,2015-2024,Inactive,Failed,USA,TRUE,2,1-5,FALSE,B2B
26899,Manatee,2022,2015-2024,Inactive,Failed,USA,TRUE,2,1-5,FALSE,Sales
26876,Zoltar Labs,2022,2015-2024,Inactive,Failed,USA,TRUE,9,6-10,FALSE,B2B
26847,Slauth.io,2022,2015-2024,Inactive,Failed,Israel,FALSE,4,1-5,FALSE,B2B
26847,Slauth.io,2022,2015-2024,Inactive,Failed,Israel,FALSE,4,1-5,FALSE,Infrastructure
26814,Ordinary Seafood,2022,2015-2024,Inactive,Failed,Germany,FALSE,5,1-5,FALSE,Consumer
26814,Ordinary Seafood,2022,2015-2024,Inactive,Failed,Germany,FALSE,5,1-5,FALSE,Food and Beverage
26808,Phind,2022,2015-2024,Inactive,Failed,USA,TRUE,4,1-5,FALSE,Consumer
26780,Stellar,2022,2015-2024,Inactive,Failed,USA,TRUE,3,1-5,FALSE,B2B
26779,Notebook Labs,2022,2015-2024,Inactive,Failed,USA,TRUE,3,1-5,FALSE,B2B
26770,Bridgecard,2022,2015-2024,Inactive,Failed,Nigeria,FALSE,5,1-5,FALSE,Fintech
26770,Bridgecard,2022,2015-2024,Inactive,Failed,Nigeria,FALSE,5,1-5,FALSE,Payments
26752,Delegasi,2022,2015-2024,Inactive,Failed,Indonesia,FALSE,8,6-10,FALSE,B2B
26752,Delegasi,2022,2015-2024,Inactive,Failed,Indonesia,FALSE,8,6-10,FALSE,Finance and Accounting
26738,Integration Labs,2022,2015-2024,Inactive,Failed,India,FALSE,8,6-10,FALSE,B2B
26732,BricksAI,2022,2015-2024,Inactive,Failed,USA,TRUE,2,1-5,FALSE,B2B
26732,BricksAI,2022,2015-2024,Inactive,Failed,USA,TRUE,2,1-5,FALSE,Infrastructure
26726,ilumadata,2022,2015-2024,Inactive,Failed,United Kingdom,FALSE,2,1-5,FALSE,B2B
26726,ilumadata,2022,2015-2024,Inactive,Failed,United Kingdom,FALSE,2,1-5,FALSE,Analytics
26723,CustomerOS,2022,2015-2024,Inactive,Failed,United Kingdom,FALSE,10,6-10,FALSE,B2B
26723,CustomerOS,2022,2015-2024,Inactive,Failed,United Kingdom,FALSE,10,6-10,FALSE,Sales
26715,Ruleset,2022,2015-2024,Inactive,Failed,USA,TRUE,1,1-5,FALSE,B2B
26706,Superpowered AI,2022,2015-2024,Inactive,Failed,USA,TRUE,4,1-5,FALSE,B2B
26681,Alma,2022,2015-2024,Inactive,Failed,USA,TRUE,NA,NA,FALSE,Fintech
26681,Alma,2022,2015-2024,Inactive,Failed,USA,TRUE,NA,NA,FALSE,Consumer Finance
26676,Penguin AI,2022,2015-2024,Inactive,Failed,USA,TRUE,3,1-5,FALSE,B2B
26676,Penguin AI,2022,2015-2024,Inactive,Failed,USA,TRUE,3,1-5,FALSE,Sales
26673,Dialect,2022,2015-2024,Inactive,Failed,USA,TRUE,3,1-5,FALSE,B2B
26673,Dialect,2022,2015-2024,Inactive,Failed,USA,TRUE,3,1-5,FALSE,Productivity
26669,Mercator,2022,2015-2024,Inactive,Failed,USA,TRUE,2,1-5,FALSE,B2B
26666,Airtrain AI,2022,2015-2024,Inactive,Failed,USA,TRUE,5,1-5,FALSE,B2B
26666,Airtrain AI,2022,2015-2024,Inactive,Failed,USA,TRUE,5,1-5,FALSE,Infrastructure
26663,Denormalized,2022,2015-2024,Inactive,Failed,USA,TRUE,2,1-5,FALSE,B2B
26663,Denormalized,2022,2015-2024,Inactive,Failed,USA,TRUE,2,1-5,FALSE,Infrastructure
26659,Weltio,2022,2015-2024,Inactive,Failed,Mexico,FALSE,15,11-25,FALSE,Fintech
26659,Weltio,2022,2015-2024,Inactive,Failed,Mexico,FALSE,15,11-25,FALSE,Asset Management
26658,Magic,2022,2015-2024,Inactive,Failed,,FALSE,10,6-10,FALSE,Fintech
26658,Magic,2022,2015-2024,Inactive,Failed,,FALSE,10,6-10,FALSE,Payments
13208,Whatnot,2020,2015-2024,Active,Surviving,USA,TRUE,731,500+,TRUE,Consumer
13705,Algen Biotechnologies,2020,2015-2024,Active,Surviving,USA,TRUE,13,11-25,FALSE,Healthcare
13705,Algen Biotechnologies,2020,2015-2024,Active,Surviving,USA,TRUE,13,11-25,FALSE,Drug Discovery and Delivery
13673,Jet Admin,2020,2015-2024,Active,Surviving,USA,TRUE,8,6-10,FALSE,B2B
13673,Jet Admin,2020,2015-2024,Active,Surviving,USA,TRUE,8,6-10,FALSE,"Engineering, Product and Design"
13672,Ochre Bio,2020,2015-2024,Active,Surviving,United Kingdom,FALSE,50,26-100,FALSE,Healthcare
13672,Ochre Bio,2020,2015-2024,Active,Surviving,United Kingdom,FALSE,50,26-100,FALSE,Therapeutics
13671,Ansa Biotechnologies,2020,2015-2024,Active,Surviving,USA,TRUE,72,26-100,FALSE,Healthcare
13671,Ansa Biotechnologies,2020,2015-2024,Active,Surviving,USA,TRUE,72,26-100,FALSE,Industrial Bio
13642,Yassir,2020,2015-2024,Active,Surviving,Algeria,FALSE,200,101-500,FALSE,Consumer
13642,Yassir,2020,2015-2024,Active,Surviving,Algeria,FALSE,200,101-500,FALSE,Transportation Services
13627,Jenfi,2020,2015-2024,Active,Surviving,Singapore,FALSE,18,11-25,FALSE,Fintech
13627,Jenfi,2020,2015-2024,Active,Surviving,Singapore,FALSE,18,11-25,FALSE,Credit and Lending
13620,Legionfarm,2020,2015-2024,Active,Surviving,USA,TRUE,7,6-10,FALSE,Consumer
13620,Legionfarm,2020,2015-2024,Active,Surviving,USA,TRUE,7,6-10,FALSE,Gaming
13616,Menten AI,2020,2015-2024,Active,Surviving,USA,TRUE,2,1-5,FALSE,Healthcare
13616,Menten AI,2020,2015-2024,Active,Surviving,USA,TRUE,2,1-5,FALSE,Drug Discovery and Delivery
13610,Belvo,2020,2015-2024,Active,Surviving,Brazil,FALSE,100,26-100,FALSE,Fintech
13610,Belvo,2020,2015-2024,Active,Surviving,Brazil,FALSE,100,26-100,FALSE,Banking and Exchange
13601,Equator Therapeutics,2020,2015-2024,Active,Surviving,USA,TRUE,2,1-5,FALSE,Healthcare
13601,Equator Therapeutics,2020,2015-2024,Active,Surviving,USA,TRUE,2,1-5,FALSE,Therapeutics
13579,Tasker AI,2020,2015-2024,Active,Surviving,USA,TRUE,7,6-10,FALSE,B2B
13573,Gas Pos,2020,2015-2024,Active,Surviving,USA,TRUE,15,11-25,FALSE,Fintech
13573,Gas Pos,2020,2015-2024,Active,Surviving,USA,TRUE,15,11-25,FALSE,Payments
13572,Humanly,2020,2015-2024,Active,Surviving,USA,TRUE,30,26-100,FALSE,B2B
13572,Humanly,2020,2015-2024,Active,Surviving,USA,TRUE,30,26-100,FALSE,Recruiting and Talent
13557,Workpay,2020,2015-2024,Active,Surviving,Kenya,FALSE,90,26-100,FALSE,B2B
13557,Workpay,2020,2015-2024,Active,Surviving,Kenya,FALSE,90,26-100,FALSE,Human Resources
13549,Airbyte,2020,2015-2024,Active,Surviving,USA,TRUE,90,26-100,FALSE,B2B
13548,Tambua Health,2020,2015-2024,Active,Surviving,USA,TRUE,13,11-25,FALSE,Healthcare
13532,Living Carbon,2020,2015-2024,Active,Surviving,USA,TRUE,40,26-100,FALSE,Industrials
13532,Living Carbon,2020,2015-2024,Active,Surviving,USA,TRUE,40,26-100,FALSE,Climate
13524,SEND,2020,2015-2024,Active,Surviving,Nigeria,FALSE,9,6-10,FALSE,B2B
13524,SEND,2020,2015-2024,Active,Surviving,Nigeria,FALSE,9,6-10,FALSE,Supply Chain and Logistics
13523,99minutos,2020,2015-2024,Active,Surviving,Mexico,FALSE,5000,500+,FALSE,B2B
13523,99minutos,2020,2015-2024,Active,Surviving,Mexico,FALSE,5000,500+,FALSE,Supply Chain and Logistics
13522,Atmo,2020,2015-2024,Active,Surviving,USA,TRUE,10,6-10,FALSE,Industrials
13520,borong,2020,2015-2024,Active,Surviving,Malaysia,FALSE,80,26-100,FALSE,B2B
13520,borong,2020,2015-2024,Active,Surviving,Malaysia,FALSE,80,26-100,FALSE,Retail
13519,Recall.ai,2020,2015-2024,Active,Surviving,USA,TRUE,30,26-100,FALSE,B2B
13519,Recall.ai,2020,2015-2024,Active,Surviving,USA,TRUE,30,26-100,FALSE,"Engineering, Product and Design"
13516,Healthlane,2020,2015-2024,Active,Surviving,Nigeria,FALSE,15,11-25,FALSE,Healthcare
13516,Healthlane,2020,2015-2024,Active,Surviving,Nigeria,FALSE,15,11-25,FALSE,Consumer Health and Wellness
13512,Stable,2020,2015-2024,Active,Surviving,USA,TRUE,30,26-100,FALSE,B2B
13512,Stable,2020,2015-2024,Active,Surviving,USA,TRUE,30,26-100,FALSE,Office Management
13511,Sakneen,2020,2015-2024,Active,Surviving,Egypt,FALSE,9,6-10,FALSE,Real Estate and Construction
13511,Sakneen,2020,2015-2024,Active,Surviving,Egypt,FALSE,9,6-10,FALSE,Housing and Real Estate
13509,GiveAway,2020,2015-2024,Active,Surviving,USA,TRUE,1,1-5,FALSE,Consumer
13509,GiveAway,2020,2015-2024,Active,Surviving,USA,TRUE,1,1-5,FALSE,Home and Personal
13508,GuruHotel,2020,2015-2024,Active,Surviving,Mexico,FALSE,12,11-25,FALSE,Fintech
13508,GuruHotel,2020,2015-2024,Active,Surviving,Mexico,FALSE,12,11-25,FALSE,Payments
13506,Nomic Bio,2020,2015-2024,Active,Surviving,Canada,FALSE,24,11-25,FALSE,Healthcare
13506,Nomic Bio,2020,2015-2024,Active,Surviving,Canada,FALSE,24,11-25,FALSE,Diagnostics
13505,Ramani,2020,2015-2024,Active,Surviving,Tanzania,FALSE,70,26-100,FALSE,B2B
13505,Ramani,2020,2015-2024,Active,Surviving,Tanzania,FALSE,70,26-100,FALSE,Retail
13504,Handl,2020,2015-2024,Active,Surviving,USA,TRUE,29,26-100,FALSE,B2B
13504,Handl,2020,2015-2024,Active,Surviving,USA,TRUE,29,26-100,FALSE,Operations
13502,Zynq,2020,2015-2024,Active,Surviving,USA,TRUE,7,6-10,FALSE,B2B
13502,Zynq,2020,2015-2024,Active,Surviving,USA,TRUE,7,6-10,FALSE,Productivity
13500,STARK BANK,2020,2015-2024,Active,Surviving,Brazil,FALSE,70,26-100,FALSE,Fintech
13500,STARK BANK,2020,2015-2024,Active,Surviving,Brazil,FALSE,70,26-100,FALSE,Banking and Exchange
13499,Termii,2020,2015-2024,Active,Surviving,Nigeria,FALSE,63,26-100,FALSE,B2B
13499,Termii,2020,2015-2024,Active,Surviving,Nigeria,FALSE,63,26-100,FALSE,Infrastructure
13498,BeGo,2020,2015-2024,Active,Surviving,USA,TRUE,65,26-100,FALSE,B2B
13498,BeGo,2020,2015-2024,Active,Surviving,USA,TRUE,65,26-100,FALSE,Supply Chain and Logistics
13497,Linkana,2020,2015-2024,Active,Surviving,Brazil,FALSE,21,11-25,FALSE,B2B
13497,Linkana,2020,2015-2024,Active,Surviving,Brazil,FALSE,21,11-25,FALSE,Supply Chain and Logistics
13495,Fondeadora,2020,2015-2024,Active,Surviving,Mexico,FALSE,160,101-500,FALSE,Fintech
13495,Fondeadora,2020,2015-2024,Active,Surviving,Mexico,FALSE,160,101-500,FALSE,Banking and Exchange
13494,Tajir,2020,2015-2024,Active,Surviving,Pakistan,FALSE,50,26-100,FALSE,B2B
13494,Tajir,2020,2015-2024,Active,Surviving,Pakistan,FALSE,50,26-100,FALSE,Retail
13488,FUTURA,2020,2015-2024,Active,Surviving,Mexico,FALSE,115,101-500,FALSE,Healthcare
13488,FUTURA,2020,2015-2024,Active,Surviving,Mexico,FALSE,115,101-500,FALSE,Consumer Health and Wellness
13485,Bamboo,2020,2015-2024,Active,Surviving,Nigeria,FALSE,14,11-25,FALSE,Fintech
13485,Bamboo,2020,2015-2024,Active,Surviving,Nigeria,FALSE,14,11-25,FALSE,Consumer Finance
13483,ElectroNeek,2020,2015-2024,Active,Surviving,USA,TRUE,175,101-500,FALSE,B2B
13482,Swipe Technologies,2020,2015-2024,Active,Surviving,London,FALSE,20,11-25,FALSE,Fintech
13479,SOMATIC,2020,2015-2024,Active,Surviving,,FALSE,31,26-100,FALSE,Industrials
13479,SOMATIC,2020,2015-2024,Active,Surviving,,FALSE,31,26-100,FALSE,Manufacturing and Robotics
13477,Avion,2020,2015-2024,Active,Surviving,USA,TRUE,NA,NA,FALSE,Industrials
13477,Avion,2020,2015-2024,Active,Surviving,USA,TRUE,NA,NA,FALSE,Drones
13476,Daedalus,2020,2015-2024,Active,Surviving,NA,FALSE,7,6-10,FALSE,Industrials
13476,Daedalus,2020,2015-2024,Active,Surviving,NA,FALSE,7,6-10,FALSE,Manufacturing and Robotics
13472,Oda,2020,2015-2024,Active,Surviving,USA,TRUE,9,6-10,FALSE,B2B
13472,Oda,2020,2015-2024,Active,Surviving,USA,TRUE,9,6-10,FALSE,Marketing
13471,Nexu,2020,2015-2024,Active,Surviving,Mexico,FALSE,63,26-100,FALSE,Fintech
13471,Nexu,2020,2015-2024,Active,Surviving,Mexico,FALSE,63,26-100,FALSE,Credit and Lending
13442,Isabl,2020,2015-2024,Active,Surviving,USA,TRUE,5,1-5,FALSE,Healthcare
13442,Isabl,2020,2015-2024,Active,Surviving,USA,TRUE,5,1-5,FALSE,Diagnostics
13434,OpenBiome,2020,2015-2024,Active,Surviving,USA,TRUE,70,26-100,FALSE,Healthcare
13434,OpenBiome,2020,2015-2024,Active,Surviving,USA,TRUE,70,26-100,FALSE,Therapeutics
13415,Angle Health,2020,2015-2024,Active,Surviving,USA,TRUE,8,6-10,FALSE,Fintech
13415,Angle Health,2020,2015-2024,Active,Surviving,USA,TRUE,8,6-10,FALSE,Insurance
13414,Raycast,2020,2015-2024,Active,Surviving,United Kingdom,FALSE,27,26-100,FALSE,B2B
13414,Raycast,2020,2015-2024,Active,Surviving,United Kingdom,FALSE,27,26-100,FALSE,Productivity
13408,Pahamify,2020,2015-2024,Active,Surviving,Indonesia,FALSE,40,26-100,FALSE,Education
13400,HireSweet,2020,2015-2024,Active,Surviving,USA,TRUE,27,26-100,FALSE,B2B
13400,HireSweet,2020,2015-2024,Active,Surviving,USA,TRUE,27,26-100,FALSE,Recruiting and Talent
13391,Spenny,2020,2015-2024,Active,Surviving,India,FALSE,2,1-5,FALSE,Fintech
13391,Spenny,2020,2015-2024,Active,Surviving,India,FALSE,2,1-5,FALSE,Consumer Finance
13389,EduRev,2020,2015-2024,Active,Surviving,India,FALSE,24,11-25,FALSE,Education
13372,Bikry,2020,2015-2024,Active,Surviving,India,FALSE,25,11-25,FALSE,B2B
13372,Bikry,2020,2015-2024,Active,Surviving,India,FALSE,25,11-25,FALSE,Retail
13353,Hiration,2020,2015-2024,Active,Surviving,India,FALSE,22,11-25,FALSE,Consumer
13353,Hiration,2020,2015-2024,Active,Surviving,India,FALSE,22,11-25,FALSE,Job and Career Services
13352,Zeo Route Planner,2020,2015-2024,Active,Surviving,USA,TRUE,15,11-25,FALSE,B2B
13352,Zeo Route Planner,2020,2015-2024,Active,Surviving,USA,TRUE,15,11-25,FALSE,Supply Chain and Logistics
13351,Morphle Labs,2020,2015-2024,Active,Surviving,India,FALSE,65,26-100,FALSE,Healthcare
13351,Morphle Labs,2020,2015-2024,Active,Surviving,India,FALSE,65,26-100,FALSE,Medical Devices
13350,TagMango,2020,2015-2024,Active,Surviving,India,FALSE,30,26-100,FALSE,Consumer
13350,TagMango,2020,2015-2024,Active,Surviving,India,FALSE,30,26-100,FALSE,Social
13347,farmtheory,2020,2015-2024,Active,Surviving,India,FALSE,65,26-100,FALSE,B2B
13347,farmtheory,2020,2015-2024,Active,Surviving,India,FALSE,65,26-100,FALSE,Supply Chain and Logistics
13346,UrbanKisaan,2020,2015-2024,Active,Surviving,India,FALSE,53,26-100,FALSE,Industrials
13346,UrbanKisaan,2020,2015-2024,Active,Surviving,India,FALSE,53,26-100,FALSE,Agriculture
13343,StayQrious,2020,2015-2024,Active,Surviving,India,FALSE,29,26-100,FALSE,Education
13335,Kosh,2020,2015-2024,Active,Surviving,India,FALSE,56,26-100,FALSE,Fintech
13335,Kosh,2020,2015-2024,Active,Surviving,India,FALSE,56,26-100,FALSE,Credit and Lending
13334,DeepSource,2020,2015-2024,Active,Surviving,USA,TRUE,12,11-25,FALSE,B2B
13334,DeepSource,2020,2015-2024,Active,Surviving,USA,TRUE,12,11-25,FALSE,"Engineering, Product and Design"
13333,Upflow,2020,2015-2024,Active,Surviving,USA,TRUE,50,26-100,FALSE,Fintech
13333,Upflow,2020,2015-2024,Active,Surviving,USA,TRUE,50,26-100,FALSE,Payments
13332,PostEra,2020,2015-2024,Active,Surviving,USA,TRUE,40,26-100,FALSE,Healthcare
13332,PostEra,2020,2015-2024,Active,Surviving,USA,TRUE,40,26-100,FALSE,Drug Discovery and Delivery
13322,Skypher,2020,2015-2024,Active,Surviving,USA,TRUE,12,11-25,FALSE,B2B
13322,Skypher,2020,2015-2024,Active,Surviving,USA,TRUE,12,11-25,FALSE,Security
13321,Junction,2020,2015-2024,Active,Surviving,United Kingdom,FALSE,19,11-25,FALSE,Healthcare
13321,Junction,2020,2015-2024,Active,Surviving,United Kingdom,FALSE,19,11-25,FALSE,Consumer Health and Wellness
13319,Jitter,2020,2015-2024,Active,Surviving,France,FALSE,7,6-10,FALSE,B2B
13319,Jitter,2020,2015-2024,Active,Surviving,France,FALSE,7,6-10,FALSE,"Engineering, Product and Design"
13316,Aios Medical,2020,2015-2024,Active,Surviving,USA,TRUE,100,26-100,FALSE,Healthcare
13316,Aios Medical,2020,2015-2024,Active,Surviving,USA,TRUE,100,26-100,FALSE,Consumer Health and Wellness
13312,PostHog,2020,2015-2024,Active,Surviving,USA,TRUE,150,101-500,FALSE,B2B
13312,PostHog,2020,2015-2024,Active,Surviving,USA,TRUE,150,101-500,FALSE,Analytics
13311,Riot,2020,2015-2024,Active,Surviving,France,FALSE,150,101-500,FALSE,B2B
13311,Riot,2020,2015-2024,Active,Surviving,France,FALSE,150,101-500,FALSE,Security
13309,Modernbanc,2020,2015-2024,Active,Surviving,USA,TRUE,6,6-10,FALSE,Fintech
13305,Revenir,2020,2015-2024,Active,Surviving,United Kingdom,FALSE,11,11-25,FALSE,Fintech
13305,Revenir,2020,2015-2024,Active,Surviving,United Kingdom,FALSE,11,11-25,FALSE,Consumer Finance
13303,ToDesktop,2020,2015-2024,Active,Surviving,Ireland,FALSE,2,1-5,FALSE,B2B
13303,ToDesktop,2020,2015-2024,Active,Surviving,Ireland,FALSE,2,1-5,FALSE,"Engineering, Product and Design"
13290,Candid Health,2020,2015-2024,Active,Surviving,USA,TRUE,125,101-500,FALSE,Healthcare
13290,Candid Health,2020,2015-2024,Active,Surviving,USA,TRUE,125,101-500,FALSE,Healthcare IT
13265,Kinter,2020,2015-2024,Active,Surviving,USA,TRUE,30,26-100,FALSE,B2B
13265,Kinter,2020,2015-2024,Active,Surviving,USA,TRUE,30,26-100,FALSE,Finance and Accounting
13242,Quill,2020,2015-2024,Active,Surviving,USA,TRUE,5,1-5,FALSE,B2B
13242,Quill,2020,2015-2024,Active,Surviving,USA,TRUE,5,1-5,FALSE,Analytics
13240,Vori,2020,2015-2024,Active,Surviving,USA,TRUE,29,26-100,FALSE,B2B
13240,Vori,2020,2015-2024,Active,Surviving,USA,TRUE,29,26-100,FALSE,Retail
13239,BuildBuddy,2020,2015-2024,Active,Surviving,USA,TRUE,15,11-25,FALSE,B2B
13239,BuildBuddy,2020,2015-2024,Active,Surviving,USA,TRUE,15,11-25,FALSE,Infrastructure
13234,Release,2020,2015-2024,Active,Surviving,USA,TRUE,26,26-100,FALSE,B2B
13234,Release,2020,2015-2024,Active,Surviving,USA,TRUE,26,26-100,FALSE,"Engineering, Product and Design"
13233,Cortex,2020,2015-2024,Active,Surviving,USA,TRUE,100,26-100,FALSE,B2B
13233,Cortex,2020,2015-2024,Active,Surviving,USA,TRUE,100,26-100,FALSE,Infrastructure
13231,QueryPie AI,2020,2015-2024,Active,Surviving,USA,TRUE,70,26-100,FALSE,B2B
13224,Ello,2020,2015-2024,Active,Surviving,USA,TRUE,45,26-100,FALSE,Education
13218,Turing Labs Inc.,2020,2015-2024,Active,Surviving,USA,TRUE,5,1-5,FALSE,B2B
13218,Turing Labs Inc.,2020,2015-2024,Active,Surviving,USA,TRUE,5,1-5,FALSE,Retail
13217,Altay Therapeutics,2020,2015-2024,Active,Surviving,USA,TRUE,6,6-10,FALSE,Healthcare
13217,Altay Therapeutics,2020,2015-2024,Active,Surviving,USA,TRUE,6,6-10,FALSE,Therapeutics
13216,General Proximity,2020,2015-2024,Active,Surviving,USA,TRUE,15,11-25,FALSE,Healthcare
13216,General Proximity,2020,2015-2024,Active,Surviving,USA,TRUE,15,11-25,FALSE,Drug Discovery and Delivery
13215,Medicare Vox (fka Fair Square),2020,2015-2024,Active,Surviving,USA,TRUE,20,11-25,FALSE,Healthcare
13215,Medicare Vox (fka Fair Square),2020,2015-2024,Active,Surviving,USA,TRUE,20,11-25,FALSE,Consumer Health and Wellness
13213,Plura (formerly Bloom Community),2020,2015-2024,Active,Surviving,USA,TRUE,5,1-5,FALSE,Consumer
13213,Plura (formerly Bloom Community),2020,2015-2024,Active,Surviving,USA,TRUE,5,1-5,FALSE,Social
13207,Tienda Crypto,2020,2015-2024,Active,Surviving,Argentina,FALSE,37,26-100,FALSE,Fintech
13207,Tienda Crypto,2020,2015-2024,Active,Surviving,Argentina,FALSE,37,26-100,FALSE,Banking and Exchange
13205,Logarithm Labs,2020,2015-2024,Active,Surviving,USA,TRUE,2,1-5,FALSE,B2B
13185,Operator.io,2020,2015-2024,Active,Surviving,USA,TRUE,6,6-10,FALSE,B2B
13179,Signadot,2020,2015-2024,Active,Surviving,USA,TRUE,8,6-10,FALSE,B2B
13179,Signadot,2020,2015-2024,Active,Surviving,USA,TRUE,8,6-10,FALSE,Infrastructure
13176,TrueNorth,2020,2015-2024,Active,Surviving,USA,TRUE,60,26-100,FALSE,B2B
13176,TrueNorth,2020,2015-2024,Active,Surviving,USA,TRUE,60,26-100,FALSE,Supply Chain and Logistics
13175,Fly.io,2020,2015-2024,Active,Surviving,USA,TRUE,48,26-100,FALSE,B2B
13175,Fly.io,2020,2015-2024,Active,Surviving,USA,TRUE,48,26-100,FALSE,Infrastructure
13174,Grain,2020,2015-2024,Active,Surviving,USA,TRUE,30,26-100,FALSE,Fintech
13174,Grain,2020,2015-2024,Active,Surviving,USA,TRUE,30,26-100,FALSE,Credit and Lending
13172,StartPlaying.Games,2020,2015-2024,Active,Surviving,USA,TRUE,6,6-10,FALSE,Consumer
13172,StartPlaying.Games,2020,2015-2024,Active,Surviving,USA,TRUE,6,6-10,FALSE,Gaming
13170,Benepass,2020,2015-2024,Active,Surviving,USA,TRUE,45,26-100,FALSE,B2B
13170,Benepass,2020,2015-2024,Active,Surviving,USA,TRUE,45,26-100,FALSE,Human Resources
13169,Eze,2020,2015-2024,Active,Surviving,USA,TRUE,32,26-100,FALSE,B2B
13169,Eze,2020,2015-2024,Active,Surviving,USA,TRUE,32,26-100,FALSE,Retail
13168,Infield,2020,2015-2024,Active,Surviving,USA,TRUE,5,1-5,FALSE,B2B
13168,Infield,2020,2015-2024,Active,Surviving,USA,TRUE,5,1-5,FALSE,"Engineering, Product and Design"
13167,Farcast,2020,2015-2024,Active,Surviving,USA,TRUE,12,11-25,FALSE,Industrials
13167,Farcast,2020,2015-2024,Active,Surviving,USA,TRUE,12,11-25,FALSE,Aviation and Space
13165,Peg (formerly Paymobil),2020,2015-2024,Active,Surviving,USA,TRUE,2,1-5,FALSE,Fintech
13165,Peg (formerly Paymobil),2020,2015-2024,Active,Surviving,USA,TRUE,2,1-5,FALSE,Payments
13151,SINAI,2020,2015-2024,Active,Surviving,USA,TRUE,50,26-100,FALSE,Industrials
13151,SINAI,2020,2015-2024,Active,Surviving,USA,TRUE,50,26-100,FALSE,Energy
13149,Haven,2020,2015-2024,Active,Surviving,USA,TRUE,15,11-25,FALSE,Fintech
13149,Haven,2020,2015-2024,Active,Surviving,USA,TRUE,15,11-25,FALSE,Credit and Lending
13144,Datasaur,2020,2015-2024,Active,Surviving,USA,TRUE,55,26-100,FALSE,B2B
13144,Datasaur,2020,2015-2024,Active,Surviving,USA,TRUE,55,26-100,FALSE,"Engineering, Product and Design"
13143,Flik,2020,2015-2024,Active,Surviving,USA,TRUE,15,11-25,FALSE,B2B
13143,Flik,2020,2015-2024,Active,Surviving,USA,TRUE,15,11-25,FALSE,Productivity
13141,Aden,2020,2015-2024,Active,Surviving,USA,TRUE,5,1-5,FALSE,B2B
13141,Aden,2020,2015-2024,Active,Surviving,USA,TRUE,5,1-5,FALSE,Infrastructure
13133,H1,2020,2015-2024,Active,Surviving,USA,TRUE,500,101-500,FALSE,Healthcare
13133,H1,2020,2015-2024,Active,Surviving,USA,TRUE,500,101-500,FALSE,Healthcare IT
13122,Nextmv,2020,2015-2024,Active,Surviving,USA,TRUE,22,11-25,FALSE,B2B
13122,Nextmv,2020,2015-2024,Active,Surviving,USA,TRUE,22,11-25,FALSE,"Engineering, Product and Design"
13121,Handoff,2020,2015-2024,Active,Surviving,USA,TRUE,20,11-25,FALSE,Real Estate and Construction
13121,Handoff,2020,2015-2024,Active,Surviving,USA,TRUE,20,11-25,FALSE,Construction
13120,Deep Meditate,2020,2015-2024,Active,Surviving,Canada,FALSE,1,1-5,FALSE,Healthcare
13120,Deep Meditate,2020,2015-2024,Active,Surviving,Canada,FALSE,1,1-5,FALSE,Consumer Health and Wellness
13119,Ditto,2020,2015-2024,Active,Surviving,USA,TRUE,14,11-25,FALSE,B2B
13119,Ditto,2020,2015-2024,Active,Surviving,USA,TRUE,14,11-25,FALSE,"Engineering, Product and Design"
13118,Perceptive Technologies,2020,2015-2024,Active,Surviving,USA,TRUE,25,11-25,FALSE,Healthcare
13118,Perceptive Technologies,2020,2015-2024,Active,Surviving,USA,TRUE,25,11-25,FALSE,Medical Devices
13116,Tough Commerce,2020,2015-2024,Active,Surviving,Canada,FALSE,21,11-25,FALSE,Real Estate and Construction
13116,Tough Commerce,2020,2015-2024,Active,Surviving,Canada,FALSE,21,11-25,FALSE,Construction
13115,OpenUnit,2020,2015-2024,Active,Surviving,Canada,FALSE,5,1-5,FALSE,B2B
13115,OpenUnit,2020,2015-2024,Active,Surviving,Canada,FALSE,5,1-5,FALSE,Operations
13109,Taiv,2020,2015-2024,Active,Surviving,Canada,FALSE,40,26-100,FALSE,B2B
13109,Taiv,2020,2015-2024,Active,Surviving,Canada,FALSE,40,26-100,FALSE,Marketing
13108,yearend,2020,2015-2024,Active,Surviving,USA,TRUE,7,6-10,FALSE,Fintech
13108,yearend,2020,2015-2024,Active,Surviving,USA,TRUE,7,6-10,FALSE,Consumer Finance
13104,Letterdrop,2020,2015-2024,Active,Surviving,USA,TRUE,10,6-10,FALSE,B2B
13104,Letterdrop,2020,2015-2024,Active,Surviving,USA,TRUE,10,6-10,FALSE,Sales
13102,Explo,2020,2015-2024,Active,Surviving,USA,TRUE,24,11-25,FALSE,B2B
13102,Explo,2020,2015-2024,Active,Surviving,USA,TRUE,24,11-25,FALSE,Analytics
13101,Segmed,2020,2015-2024,Active,Surviving,USA,TRUE,32,26-100,FALSE,Healthcare
13101,Segmed,2020,2015-2024,Active,Surviving,USA,TRUE,32,26-100,FALSE,Diagnostics
13099,Ophelia,2020,2015-2024,Active,Surviving,USA,TRUE,130,101-500,FALSE,Healthcare
13099,Ophelia,2020,2015-2024,Active,Surviving,USA,TRUE,130,101-500,FALSE,Consumer Health and Wellness
13098,MindsDB,2020,2015-2024,Active,Surviving,USA,TRUE,41,26-100,FALSE,B2B
13098,MindsDB,2020,2015-2024,Active,Surviving,USA,TRUE,41,26-100,FALSE,Infrastructure
13097,Pulley,2020,2015-2024,Active,Surviving,USA,TRUE,68,26-100,FALSE,B2B
13097,Pulley,2020,2015-2024,Active,Surviving,USA,TRUE,68,26-100,FALSE,Finance and Accounting
13088,Polytomic,2020,2015-2024,Active,Surviving,USA,TRUE,7,6-10,FALSE,B2B
13088,Polytomic,2020,2015-2024,Active,Surviving,USA,TRUE,7,6-10,FALSE,Analytics
13084,StratumAI,2020,2015-2024,Active,Surviving,Canada,FALSE,5,1-5,FALSE,Industrials
13084,StratumAI,2020,2015-2024,Active,Surviving,Canada,FALSE,5,1-5,FALSE,Climate
13083,Alude,2020,2015-2024,Active,Surviving,Brazil,FALSE,8,6-10,FALSE,Real Estate and Construction
13083,Alude,2020,2015-2024,Active,Surviving,Brazil,FALSE,8,6-10,FALSE,Housing and Real Estate
13081,Abalone Bio,2020,2015-2024,Active,Surviving,USA,TRUE,14,11-25,FALSE,Healthcare
13081,Abalone Bio,2020,2015-2024,Active,Surviving,USA,TRUE,14,11-25,FALSE,Drug Discovery and Delivery
13072,Breezeful,2020,2015-2024,Active,Surviving,Canada,FALSE,6,6-10,FALSE,Fintech
13072,Breezeful,2020,2015-2024,Active,Surviving,Canada,FALSE,6,6-10,FALSE,Credit and Lending
13067,Paragon,2020,2015-2024,Active,Surviving,USA,TRUE,48,26-100,FALSE,B2B
13067,Paragon,2020,2015-2024,Active,Surviving,USA,TRUE,48,26-100,FALSE,"Engineering, Product and Design"
13058,Accord,2020,2015-2024,Active,Surviving,USA,TRUE,20,11-25,FALSE,B2B
13058,Accord,2020,2015-2024,Active,Surviving,USA,TRUE,20,11-25,FALSE,Sales
13050,Kaiten,2020,2015-2024,Active,Surviving,USA,TRUE,4,1-5,FALSE,Consumer
13050,Kaiten,2020,2015-2024,Active,Surviving,USA,TRUE,4,1-5,FALSE,Food and Beverage
12974,Flowglad,2020,2015-2024,Active,Surviving,USA,TRUE,7,6-10,FALSE,B2B
12950,Karat Financial,2020,2015-2024,Active,Surviving,USA,TRUE,40,26-100,FALSE,Fintech
12950,Karat Financial,2020,2015-2024,Active,Surviving,USA,TRUE,40,26-100,FALSE,Credit and Lending
12871,Motion,2020,2015-2024,Active,Surviving,USA,TRUE,65,26-100,FALSE,B2B
12871,Motion,2020,2015-2024,Active,Surviving,USA,TRUE,65,26-100,FALSE,Productivity
12831,Facio,2020,2015-2024,Active,Surviving,Brazil,FALSE,36,26-100,FALSE,Fintech
12831,Facio,2020,2015-2024,Active,Surviving,Brazil,FALSE,36,26-100,FALSE,Credit and Lending
12743,Loop Health,2020,2015-2024,Active,Surviving,India,FALSE,27,26-100,FALSE,Healthcare
12743,Loop Health,2020,2015-2024,Active,Surviving,India,FALSE,27,26-100,FALSE,Healthcare Services
12742,Finlens,2020,2015-2024,Active,Surviving,USA,TRUE,6,6-10,FALSE,B2B
12742,Finlens,2020,2015-2024,Active,Surviving,USA,TRUE,6,6-10,FALSE,Finance and Accounting
12725,DocVita,2020,2015-2024,Active,Surviving,India,FALSE,14,11-25,FALSE,Healthcare
12725,DocVita,2020,2015-2024,Active,Surviving,India,FALSE,14,11-25,FALSE,Consumer Health and Wellness
12581,Genecis Bio,2020,2015-2024,Active,Surviving,Canada,FALSE,30,26-100,FALSE,Industrials
12581,Genecis Bio,2020,2015-2024,Active,Surviving,Canada,FALSE,30,26-100,FALSE,Manufacturing and Robotics
13525,PowerX,2020,2015-2024,Acquired,Successful,USA,TRUE,20,11-25,FALSE,Industrials
13525,PowerX,2020,2015-2024,Acquired,Successful,USA,TRUE,20,11-25,FALSE,Climate
13507,CrowdForce,2020,2015-2024,Acquired,Successful,Nigeria,FALSE,41,26-100,FALSE,Fintech
13507,CrowdForce,2020,2015-2024,Acquired,Successful,Nigeria,FALSE,41,26-100,FALSE,Banking and Exchange
13503,Checkars,2020,2015-2024,Acquired,Successful,Argentina,FALSE,45,26-100,FALSE,Consumer
13503,Checkars,2020,2015-2024,Acquired,Successful,Argentina,FALSE,45,26-100,FALSE,Transportation Services
13501,Sayana,2020,2015-2024,Acquired,Successful,USA,TRUE,2,1-5,FALSE,Healthcare
13501,Sayana,2020,2015-2024,Acquired,Successful,USA,TRUE,2,1-5,FALSE,Consumer Health and Wellness
13484,Hent,2020,2015-2024,Acquired,Successful,Brazil,FALSE,22,11-25,FALSE,Real Estate and Construction
13484,Hent,2020,2015-2024,Acquired,Successful,Brazil,FALSE,22,11-25,FALSE,Housing and Real Estate
13475,delt.ai,2020,2015-2024,Acquired,Successful,Mexico,FALSE,26,26-100,FALSE,Fintech
13475,delt.ai,2020,2015-2024,Acquired,Successful,Mexico,FALSE,26,26-100,FALSE,Banking and Exchange
13354,yBANQ,2020,2015-2024,Acquired,Successful,India,FALSE,9,6-10,FALSE,Fintech
13354,yBANQ,2020,2015-2024,Acquired,Successful,India,FALSE,9,6-10,FALSE,Payments
13341,Pay Swifter,2020,2015-2024,Acquired,Successful,India,FALSE,6,6-10,FALSE,Fintech
13341,Pay Swifter,2020,2015-2024,Acquired,Successful,India,FALSE,6,6-10,FALSE,Banking and Exchange
13340,Able,2020,2015-2024,Acquired,Successful,India,FALSE,50,26-100,FALSE,Consumer
13340,Able,2020,2015-2024,Acquired,Successful,India,FALSE,50,26-100,FALSE,Job and Career Services
13315,Cron,2020,2015-2024,Acquired,Successful,USA,TRUE,3,1-5,FALSE,B2B
13315,Cron,2020,2015-2024,Acquired,Successful,USA,TRUE,3,1-5,FALSE,Productivity
13238,Typedream,2020,2015-2024,Acquired,Successful,USA,TRUE,5,1-5,FALSE,Consumer
13238,Typedream,2020,2015-2024,Acquired,Successful,USA,TRUE,5,1-5,FALSE,Content
13236,Savvy,2020,2015-2024,Acquired,Successful,USA,TRUE,12,11-25,FALSE,Fintech
13236,Savvy,2020,2015-2024,Acquired,Successful,USA,TRUE,12,11-25,FALSE,Insurance
13219,Dropprint Genomics,2020,2015-2024,Acquired,Successful,USA,TRUE,2,1-5,FALSE,Healthcare
13219,Dropprint Genomics,2020,2015-2024,Acquired,Successful,USA,TRUE,2,1-5,FALSE,Drug Discovery and Delivery
13211,Metaplane,2020,2015-2024,Acquired,Successful,USA,TRUE,32,26-100,FALSE,B2B
13211,Metaplane,2020,2015-2024,Acquired,Successful,USA,TRUE,32,26-100,FALSE,"Engineering, Product and Design"
13198,Talyn Air,2020,2015-2024,Acquired,Successful,USA,TRUE,18,11-25,FALSE,Industrials
13198,Talyn Air,2020,2015-2024,Acquired,Successful,USA,TRUE,18,11-25,FALSE,Aviation and Space
13160,Terusama,2020,2015-2024,Acquired,Successful,USA,TRUE,2,1-5,FALSE,B2B
13160,Terusama,2020,2015-2024,Acquired,Successful,USA,TRUE,2,1-5,FALSE,Supply Chain and Logistics
13157,Weav,2020,2015-2024,Acquired,Successful,USA,TRUE,9,6-10,FALSE,B2B
13157,Weav,2020,2015-2024,Acquired,Successful,USA,TRUE,9,6-10,FALSE,"Engineering, Product and Design"
13156,Glimpse,2020,2015-2024,Acquired,Successful,USA,TRUE,5,1-5,FALSE,Consumer
13156,Glimpse,2020,2015-2024,Acquired,Successful,USA,TRUE,5,1-5,FALSE,Social
13147,Replicate,2020,2015-2024,Acquired,Successful,USA,TRUE,36,26-100,FALSE,B2B
13147,Replicate,2020,2015-2024,Acquired,Successful,USA,TRUE,36,26-100,FALSE,Infrastructure
13146,Eternal,2020,2015-2024,Acquired,Successful,USA,TRUE,15,11-25,FALSE,Consumer
13146,Eternal,2020,2015-2024,Acquired,Successful,USA,TRUE,15,11-25,FALSE,Gaming
13145,Dashworks,2020,2015-2024,Acquired,Successful,USA,TRUE,9,6-10,FALSE,B2B
13145,Dashworks,2020,2015-2024,Acquired,Successful,USA,TRUE,9,6-10,FALSE,Productivity
13110,Flowdash,2020,2015-2024,Acquired,Successful,USA,TRUE,5,1-5,FALSE,B2B
13110,Flowdash,2020,2015-2024,Acquired,Successful,USA,TRUE,5,1-5,FALSE,"Engineering, Product and Design"
13105,Factored Quality,2020,2015-2024,Acquired,Successful,USA,TRUE,20,11-25,FALSE,B2B
13105,Factored Quality,2020,2015-2024,Acquired,Successful,USA,TRUE,20,11-25,FALSE,Supply Chain and Logistics
13100,FitnessAI,2020,2015-2024,Acquired,Successful,USA,TRUE,1,1-5,FALSE,Consumer
13100,FitnessAI,2020,2015-2024,Acquired,Successful,USA,TRUE,1,1-5,FALSE,Home and Personal
13095,Hoss,2020,2015-2024,Acquired,Successful,USA,TRUE,3,1-5,FALSE,B2B
13095,Hoss,2020,2015-2024,Acquired,Successful,USA,TRUE,3,1-5,FALSE,"Engineering, Product and Design"
13085,Teleo,2020,2015-2024,Acquired,Successful,USA,TRUE,30,26-100,FALSE,Industrials
13085,Teleo,2020,2015-2024,Acquired,Successful,USA,TRUE,30,26-100,FALSE,Manufacturing and Robotics
13079,Volumetric,2020,2015-2024,Acquired,Successful,USA,TRUE,5,1-5,FALSE,Healthcare
13079,Volumetric,2020,2015-2024,Acquired,Successful,USA,TRUE,5,1-5,FALSE,Industrial Bio
13075,Okay,2020,2015-2024,Acquired,Successful,USA,TRUE,4,1-5,FALSE,B2B
13075,Okay,2020,2015-2024,Acquired,Successful,USA,TRUE,4,1-5,FALSE,Productivity
13074,Phonic,2020,2015-2024,Acquired,Successful,USA,TRUE,8,6-10,FALSE,B2B
13074,Phonic,2020,2015-2024,Acquired,Successful,USA,TRUE,8,6-10,FALSE,Marketing
13052,Zaraz,2020,2015-2024,Acquired,Successful,USA,TRUE,2,1-5,FALSE,B2B
13052,Zaraz,2020,2015-2024,Acquired,Successful,USA,TRUE,2,1-5,FALSE,"Engineering, Product and Design"
12724,Chaos Genius,2020,2015-2024,Acquired,Successful,Bengaluru,FALSE,10,6-10,FALSE,B2B
12724,Chaos Genius,2020,2015-2024,Acquired,Successful,Bengaluru,FALSE,10,6-10,FALSE,Analytics
13674,CARUPI,2020,2015-2024,Inactive,Failed,Brazil,FALSE,50,26-100,FALSE,Consumer
13570,Prelay,2020,2015-2024,Inactive,Failed,USA,TRUE,16,11-25,FALSE,B2B
13570,Prelay,2020,2015-2024,Inactive,Failed,USA,TRUE,16,11-25,FALSE,Sales
13536,Syncro,2020,2015-2024,Inactive,Failed,USA,TRUE,1,1-5,FALSE,B2B
13536,Syncro,2020,2015-2024,Inactive,Failed,USA,TRUE,1,1-5,FALSE,Recruiting and Talent
13496,Apartio,2020,2015-2024,Inactive,Failed,Brazil,FALSE,2,1-5,FALSE,Fintech
13496,Apartio,2020,2015-2024,Inactive,Failed,Brazil,FALSE,2,1-5,FALSE,Consumer Finance
13486,Valienta,2020,2015-2024,Inactive,Failed,Colombia,FALSE,20,11-25,FALSE,B2B
13486,Valienta,2020,2015-2024,Inactive,Failed,Colombia,FALSE,20,11-25,FALSE,Retail
13480,Orchata,2020,2015-2024,Inactive,Failed,Mexico,FALSE,50,26-100,FALSE,Consumer
13480,Orchata,2020,2015-2024,Inactive,Failed,Mexico,FALSE,50,26-100,FALSE,Food and Beverage
13473,Viya,2020,2015-2024,Inactive,Failed,Mexico,FALSE,22,11-25,FALSE,Real Estate and Construction
13473,Viya,2020,2015-2024,Inactive,Failed,Mexico,FALSE,22,11-25,FALSE,Housing and Real Estate
13430,Breathe Well-being,2020,2015-2024,Inactive,Failed,India,FALSE,15,11-25,FALSE,Healthcare
13430,Breathe Well-being,2020,2015-2024,Inactive,Failed,India,FALSE,15,11-25,FALSE,Consumer Health and Wellness
13412,Easyplan,2020,2015-2024,Inactive,Failed,India,FALSE,8,6-10,FALSE,Fintech
13412,Easyplan,2020,2015-2024,Inactive,Failed,India,FALSE,8,6-10,FALSE,Asset Management
13406,Synapsica Healthcare,2020,2015-2024,Inactive,Failed,India,FALSE,30,26-100,FALSE,Healthcare
13406,Synapsica Healthcare,2020,2015-2024,Inactive,Failed,India,FALSE,30,26-100,FALSE,Diagnostics
13405,Zumo Labs,2020,2015-2024,Inactive,Failed,USA,TRUE,7,6-10,FALSE,B2B
13405,Zumo Labs,2020,2015-2024,Inactive,Failed,USA,TRUE,7,6-10,FALSE,"Engineering, Product and Design"
13362,Thunderpod,2020,2015-2024,Inactive,Failed,Bengaluru,FALSE,12,11-25,FALSE,B2B
13349,SprintAI,2020,2015-2024,Inactive,Failed,India,FALSE,10,6-10,FALSE,B2B
13349,SprintAI,2020,2015-2024,Inactive,Failed,India,FALSE,10,6-10,FALSE,Retail
13348,PillarPlus,2020,2015-2024,Inactive,Failed,India,FALSE,30,26-100,FALSE,Real Estate and Construction
13348,PillarPlus,2020,2015-2024,Inactive,Failed,India,FALSE,30,26-100,FALSE,Construction
13344,Chutney Inc,2020,2015-2024,Inactive,Failed,India,FALSE,5,1-5,FALSE,Consumer
13337,goDutch,2020,2015-2024,Inactive,Failed,India,FALSE,10,6-10,FALSE,Fintech
13337,goDutch,2020,2015-2024,Inactive,Failed,India,FALSE,10,6-10,FALSE,Payments
13323,Snapboard,2020,2015-2024,Inactive,Failed,United Kingdom,FALSE,2,1-5,FALSE,B2B
13323,Snapboard,2020,2015-2024,Inactive,Failed,United Kingdom,FALSE,2,1-5,FALSE,Productivity
13320,Laserfocus,2020,2015-2024,Inactive,Failed,Germany,FALSE,2,1-5,FALSE,B2B
13320,Laserfocus,2020,2015-2024,Inactive,Failed,Germany,FALSE,2,1-5,FALSE,Sales
13310,onetool,2020,2015-2024,Inactive,Failed,Germany,FALSE,9,6-10,FALSE,B2B
13310,onetool,2020,2015-2024,Inactive,Failed,Germany,FALSE,9,6-10,FALSE,Operations
13302,Nimbus,2020,2015-2024,Inactive,Failed,USA,TRUE,5,1-5,FALSE,Industrials
13302,Nimbus,2020,2015-2024,Inactive,Failed,USA,TRUE,5,1-5,FALSE,Automotive
13273,Dropbase,2020,2015-2024,Inactive,Failed,USA,TRUE,8,6-10,FALSE,B2B
13273,Dropbase,2020,2015-2024,Inactive,Failed,USA,TRUE,8,6-10,FALSE,Operations
13241,Mini Exhibitions,2020,2015-2024,Inactive,Failed,USA,TRUE,2,1-5,FALSE,B2B
13241,Mini Exhibitions,2020,2015-2024,Inactive,Failed,USA,TRUE,2,1-5,FALSE,Recruiting and Talent
13227,Welcome,2020,2015-2024,Inactive,Failed,USA,TRUE,50,26-100,FALSE,B2B
13227,Welcome,2020,2015-2024,Inactive,Failed,USA,TRUE,50,26-100,FALSE,Operations
13223,Multiverse,2020,2015-2024,Inactive,Failed,USA,TRUE,9,6-10,FALSE,Consumer
13223,Multiverse,2020,2015-2024,Inactive,Failed,USA,TRUE,9,6-10,FALSE,Gaming
13220,Simple Strips,2020,2015-2024,Inactive,Failed,USA,TRUE,2,1-5,FALSE,Healthcare
13220,Simple Strips,2020,2015-2024,Inactive,Failed,USA,TRUE,2,1-5,FALSE,Diagnostics
13214,Pashi,2020,2015-2024,Inactive,Failed,USA,TRUE,3,1-5,FALSE,Industrials
13214,Pashi,2020,2015-2024,Inactive,Failed,USA,TRUE,3,1-5,FALSE,Manufacturing and Robotics
13209,Scout,2020,2015-2024,Inactive,Failed,USA,TRUE,1,1-5,FALSE,B2B
13209,Scout,2020,2015-2024,Inactive,Failed,USA,TRUE,1,1-5,FALSE,Infrastructure
13206,Global Belly,2020,2015-2024,Inactive,Failed,USA,TRUE,2,1-5,FALSE,B2B
13206,Global Belly,2020,2015-2024,Inactive,Failed,USA,TRUE,2,1-5,FALSE,Retail
13204,Duffl,2020,2015-2024,Inactive,Failed,USA,TRUE,12,11-25,FALSE,Consumer
13204,Duffl,2020,2015-2024,Inactive,Failed,USA,TRUE,12,11-25,FALSE,Food and Beverage
13200,Blok,2020,2015-2024,Inactive,Failed,USA,TRUE,2,1-5,FALSE,Consumer
13200,Blok,2020,2015-2024,Inactive,Failed,USA,TRUE,2,1-5,FALSE,Home and Personal
13199,Riya Collective,2020,2015-2024,Inactive,Failed,USA,TRUE,6,6-10,FALSE,Consumer
13199,Riya Collective,2020,2015-2024,Inactive,Failed,USA,TRUE,6,6-10,FALSE,Apparel and Cosmetics
13195,Zaam,2020,2015-2024,Inactive,Failed,USA,TRUE,2,1-5,FALSE,B2B
13195,Zaam,2020,2015-2024,Inactive,Failed,USA,TRUE,2,1-5,FALSE,Operations
13178,Felix Biotechnology,2020,2015-2024,Inactive,Failed,USA,TRUE,6,6-10,FALSE,Healthcare
13178,Felix Biotechnology,2020,2015-2024,Inactive,Failed,USA,TRUE,6,6-10,FALSE,Drug Discovery and Delivery
13177,Visual One,2020,2015-2024,Inactive,Failed,USA,TRUE,4,1-5,FALSE,Consumer
13177,Visual One,2020,2015-2024,Inactive,Failed,USA,TRUE,4,1-5,FALSE,Consumer Electronics
13171,The Mercer Club,2020,2015-2024,Inactive,Failed,USA,TRUE,2,1-5,FALSE,Consumer
13171,The Mercer Club,2020,2015-2024,Inactive,Failed,USA,TRUE,2,1-5,FALSE,Apparel and Cosmetics
13166,Homestead,2020,2015-2024,Inactive,Failed,USA,TRUE,14,11-25,FALSE,Real Estate and Construction
13166,Homestead,2020,2015-2024,Inactive,Failed,USA,TRUE,14,11-25,FALSE,Housing and Real Estate
13164,Edlyft,2020,2015-2024,Inactive,Failed,USA,TRUE,5,1-5,FALSE,B2B
13164,Edlyft,2020,2015-2024,Inactive,Failed,USA,TRUE,5,1-5,FALSE,Productivity
13161,Clayboard,2020,2015-2024,Inactive,Failed,USA,TRUE,4,1-5,FALSE,B2B
13161,Clayboard,2020,2015-2024,Inactive,Failed,USA,TRUE,4,1-5,FALSE,Productivity
13158,Protobase,2020,2015-2024,Inactive,Failed,USA,TRUE,1,1-5,FALSE,B2B
13158,Protobase,2020,2015-2024,Inactive,Failed,USA,TRUE,1,1-5,FALSE,"Engineering, Product and Design"
13148,Cadence,2020,2015-2024,Inactive,Failed,USA,TRUE,2,1-5,FALSE,B2B
13148,Cadence,2020,2015-2024,Inactive,Failed,USA,TRUE,2,1-5,FALSE,Human Resources
13140,"Exosonic, Inc.",2020,2015-2024,Inactive,Failed,USA,TRUE,14,11-25,FALSE,Industrials
13140,"Exosonic, Inc.",2020,2015-2024,Inactive,Failed,USA,TRUE,14,11-25,FALSE,Aviation and Space
13117,Jamiphy,2020,2015-2024,Inactive,Failed,USA,TRUE,1,1-5,FALSE,Consumer
13117,Jamiphy,2020,2015-2024,Inactive,Failed,USA,TRUE,1,1-5,FALSE,Social
13114,Ardis AI,2020,2015-2024,Inactive,Failed,USA,TRUE,3,1-5,FALSE,B2B
13114,Ardis AI,2020,2015-2024,Inactive,Failed,USA,TRUE,3,1-5,FALSE,Infrastructure
13113,Glisten AI,2020,2015-2024,Inactive,Failed,USA,TRUE,1,1-5,FALSE,B2B
13113,Glisten AI,2020,2015-2024,Inactive,Failed,USA,TRUE,1,1-5,FALSE,"Engineering, Product and Design"
13112,Orbiter,2020,2015-2024,Inactive,Failed,USA,TRUE,3,1-5,FALSE,B2B
13112,Orbiter,2020,2015-2024,Inactive,Failed,USA,TRUE,3,1-5,FALSE,Analytics
13111,Pantheon,2020,2015-2024,Inactive,Failed,USA,TRUE,2,1-5,FALSE,Education
13107,Quickcard,2020,2015-2024,Inactive,Failed,USA,TRUE,3,1-5,FALSE,B2B
13107,Quickcard,2020,2015-2024,Inactive,Failed,USA,TRUE,3,1-5,FALSE,Sales
13106,Carbon-12 Labs,2020,2015-2024,Inactive,Failed,,FALSE,0,NA,FALSE,Fintech
13106,Carbon-12 Labs,2020,2015-2024,Inactive,Failed,,FALSE,0,NA,FALSE,Payments
13103,Paneau,2020,2015-2024,Inactive,Failed,USA,TRUE,7,6-10,FALSE,Consumer
13103,Paneau,2020,2015-2024,Inactive,Failed,USA,TRUE,7,6-10,FALSE,Content
13096,Enveloop,2020,2015-2024,Inactive,Failed,USA,TRUE,5,1-5,FALSE,B2B
13096,Enveloop,2020,2015-2024,Inactive,Failed,USA,TRUE,5,1-5,FALSE,"Engineering, Product and Design"
13087,RoboTire,2020,2015-2024,Inactive,Failed,USA,TRUE,20,11-25,FALSE,Industrials
13087,RoboTire,2020,2015-2024,Inactive,Failed,USA,TRUE,20,11-25,FALSE,Automotive
13086,Lilia,2020,2015-2024,Inactive,Failed,USA,TRUE,3,1-5,FALSE,Healthcare
13086,Lilia,2020,2015-2024,Inactive,Failed,USA,TRUE,3,1-5,FALSE,Consumer Health and Wellness
13076,Nugget,2020,2015-2024,Inactive,Failed,,FALSE,2,1-5,FALSE,Consumer
13076,Nugget,2020,2015-2024,Inactive,Failed,,FALSE,2,1-5,FALSE,Content
13073,Laguna,2020,2015-2024,Inactive,Failed,USA,TRUE,2,1-5,FALSE,Real Estate and Construction
13073,Laguna,2020,2015-2024,Inactive,Failed,USA,TRUE,2,1-5,FALSE,Housing and Real Estate
13061,Hideout,2020,2015-2024,Inactive,Failed,USA,TRUE,1,1-5,FALSE,Consumer
13061,Hideout,2020,2015-2024,Inactive,Failed,USA,TRUE,1,1-5,FALSE,Food and Beverage
13053,Datree,2020,2015-2024,Inactive,Failed,Israel,FALSE,16,11-25,FALSE,B2B
13053,Datree,2020,2015-2024,Inactive,Failed,Israel,FALSE,16,11-25,FALSE,Security
12726,HelpNow,2020,2015-2024,Inactive,Failed,India,FALSE,50,26-100,FALSE,Healthcare
12726,HelpNow,2020,2015-2024,Inactive,Failed,India,FALSE,50,26-100,FALSE,Healthcare Services
12638,Milo,2020,2015-2024,Inactive,Failed,USA,TRUE,4,1-5,FALSE,Consumer
12638,Milo,2020,2015-2024,Inactive,Failed,USA,TRUE,4,1-5,FALSE,Home and Personal
29162,Flex,2023,2015-2024,Active,Surviving,NA,FALSE,8,6-10,FALSE,Fintech
29162,Flex,2023,2015-2024,Active,Surviving,NA,FALSE,8,6-10,FALSE,Payments
29160,Letterbook,2023,2015-2024,Active,Surviving,USA,TRUE,2,1-5,FALSE,Consumer
29159,Healthtech 1,2023,2015-2024,Active,Surviving,United Kingdom,FALSE,28,26-100,FALSE,Healthcare
29159,Healthtech 1,2023,2015-2024,Active,Surviving,United Kingdom,FALSE,28,26-100,FALSE,Healthcare IT
29158,Feanix Biotechnologies,2023,2015-2024,Active,Surviving,,FALSE,5,1-5,FALSE,Industrials
29158,Feanix Biotechnologies,2023,2015-2024,Active,Surviving,,FALSE,5,1-5,FALSE,Agriculture
29157,Orbio Earth,2023,2015-2024,Active,Surviving,NA,FALSE,6,6-10,FALSE,B2B
29157,Orbio Earth,2023,2015-2024,Active,Surviving,NA,FALSE,6,6-10,FALSE,Analytics
29153,Coba,2023,2015-2024,Active,Surviving,Mexico,FALSE,9,6-10,FALSE,Fintech
29152,Cembla,2023,2015-2024,Active,Surviving,USA,TRUE,2,1-5,FALSE,B2B
29152,Cembla,2023,2015-2024,Active,Surviving,USA,TRUE,2,1-5,FALSE,Legal
29150,Tempo,2023,2015-2024,Active,Surviving,Canada,FALSE,8,6-10,FALSE,B2B
29150,Tempo,2023,2015-2024,Active,Surviving,Canada,FALSE,8,6-10,FALSE,"Engineering, Product and Design"
29137,Opensteer,2023,2015-2024,Active,Surviving,USA,TRUE,1,1-5,FALSE,B2B
29134,Cognitio Labs,2023,2015-2024,Active,Surviving,USA,TRUE,NA,NA,FALSE,Industrials
29128,Olio Labs,2023,2015-2024,Active,Surviving,NA,FALSE,5,1-5,FALSE,Healthcare
29128,Olio Labs,2023,2015-2024,Active,Surviving,NA,FALSE,5,1-5,FALSE,Drug Discovery and Delivery
29125,truemetrics,2023,2015-2024,Active,Surviving,Germany,FALSE,5,1-5,FALSE,B2B
29125,truemetrics,2023,2015-2024,Active,Surviving,Germany,FALSE,5,1-5,FALSE,Supply Chain and Logistics
29123,Glide,2023,2015-2024,Active,Surviving,USA,TRUE,4,1-5,FALSE,B2B
29123,Glide,2023,2015-2024,Active,Surviving,USA,TRUE,4,1-5,FALSE,Infrastructure
29122,Wattson Health,2023,2015-2024,Active,Surviving,,FALSE,3,1-5,FALSE,Healthcare
29122,Wattson Health,2023,2015-2024,Active,Surviving,,FALSE,3,1-5,FALSE,Healthcare IT
29121,Constructable,2023,2015-2024,Active,Surviving,USA,TRUE,6,6-10,FALSE,Real Estate and Construction
29121,Constructable,2023,2015-2024,Active,Surviving,USA,TRUE,6,6-10,FALSE,Construction
29120,Morph,2023,2015-2024,Active,Surviving,USA,TRUE,3,1-5,FALSE,B2B
29120,Morph,2023,2015-2024,Active,Surviving,USA,TRUE,3,1-5,FALSE,Infrastructure
29119,Nowadays,2023,2015-2024,Active,Surviving,USA,TRUE,5,1-5,FALSE,B2B
29119,Nowadays,2023,2015-2024,Active,Surviving,USA,TRUE,5,1-5,FALSE,Operations
29118,Waldium,2023,2015-2024,Active,Surviving,USA,TRUE,5,1-5,FALSE,B2B
29118,Waldium,2023,2015-2024,Active,Surviving,USA,TRUE,5,1-5,FALSE,"Engineering, Product and Design"
29117,Twine,2023,2015-2024,Active,Surviving,USA,TRUE,3,1-5,FALSE,B2B
29117,Twine,2023,2015-2024,Active,Surviving,USA,TRUE,3,1-5,FALSE,Sales
29113,Simbie AI,2023,2015-2024,Active,Surviving,USA,TRUE,5,1-5,FALSE,Healthcare
29112,Foundation,2023,2015-2024,Active,Surviving,USA,TRUE,4,1-5,FALSE,Real Estate and Construction
29112,Foundation,2023,2015-2024,Active,Surviving,USA,TRUE,4,1-5,FALSE,Housing and Real Estate
29110,AiSDR,2023,2015-2024,Active,Surviving,USA,TRUE,5,1-5,FALSE,B2B
29110,AiSDR,2023,2015-2024,Active,Surviving,USA,TRUE,5,1-5,FALSE,Sales
29108,Giga,2023,2015-2024,Active,Surviving,USA,TRUE,30,26-100,FALSE,B2B
29108,Giga,2023,2015-2024,Active,Surviving,USA,TRUE,30,26-100,FALSE,"Engineering, Product and Design"
29106,Affinity,2023,2015-2024,Active,Surviving,USA,TRUE,2,1-5,FALSE,B2B
29104,Shadeform,2023,2015-2024,Active,Surviving,,FALSE,11,11-25,FALSE,B2B
29104,Shadeform,2023,2015-2024,Active,Surviving,,FALSE,11,11-25,FALSE,"Engineering, Product and Design"
29103,Inconvo,2023,2015-2024,Active,Surviving,Ireland,FALSE,2,1-5,FALSE,B2B
29103,Inconvo,2023,2015-2024,Active,Surviving,Ireland,FALSE,2,1-5,FALSE,"Engineering, Product and Design"
29101,Cargo,2023,2015-2024,Active,Surviving,USA,TRUE,6,6-10,FALSE,B2B
29101,Cargo,2023,2015-2024,Active,Surviving,USA,TRUE,6,6-10,FALSE,Sales
29093,Roame,2023,2015-2024,Active,Surviving,USA,TRUE,2,1-5,FALSE,Consumer
29093,Roame,2023,2015-2024,Active,Surviving,USA,TRUE,2,1-5,FALSE,"Travel, Leisure and Tourism"
29092,dili,2023,2015-2024,Active,Surviving,USA,TRUE,15,11-25,FALSE,B2B
29092,dili,2023,2015-2024,Active,Surviving,USA,TRUE,15,11-25,FALSE,Finance and Accounting
29091,Webhound,2023,2015-2024,Active,Surviving,USA,TRUE,2,1-5,FALSE,Consumer
29090,Trayd,2023,2015-2024,Active,Surviving,USA,TRUE,30,26-100,FALSE,B2B
29090,Trayd,2023,2015-2024,Active,Surviving,USA,TRUE,30,26-100,FALSE,Finance and Accounting
29088,Cair Health,2023,2015-2024,Active,Surviving,USA,TRUE,6,6-10,FALSE,Healthcare
29088,Cair Health,2023,2015-2024,Active,Surviving,USA,TRUE,6,6-10,FALSE,Healthcare IT
29087,ParadeDB,2023,2015-2024,Active,Surviving,USA,TRUE,10,6-10,FALSE,B2B
29086,Eden Care,2023,2015-2024,Active,Surviving,Kenya,FALSE,28,26-100,FALSE,Fintech
29086,Eden Care,2023,2015-2024,Active,Surviving,Kenya,FALSE,28,26-100,FALSE,Insurance
29085,Quill Bills,2023,2015-2024,Active,Surviving,USA,TRUE,3,1-5,FALSE,Healthcare
29085,Quill Bills,2023,2015-2024,Active,Surviving,USA,TRUE,3,1-5,FALSE,Healthcare IT
29082,Strada,2023,2015-2024,Active,Surviving,USA,TRUE,18,11-25,FALSE,B2B
29081,Minded,2023,2015-2024,Active,Surviving,Israel,FALSE,2,1-5,FALSE,B2B
29080,Smobi,2023,2015-2024,Active,Surviving,USA,TRUE,4,1-5,FALSE,B2B
29080,Smobi,2023,2015-2024,Active,Surviving,USA,TRUE,4,1-5,FALSE,Marketing
29079,Tiptap,2023,2015-2024,Active,Surviving,Germany,FALSE,18,11-25,FALSE,B2B
29079,Tiptap,2023,2015-2024,Active,Surviving,Germany,FALSE,18,11-25,FALSE,"Engineering, Product and Design"
29078,RecipeUI,2023,2015-2024,Active,Surviving,USA,TRUE,2,1-5,FALSE,B2B
29078,RecipeUI,2023,2015-2024,Active,Surviving,USA,TRUE,2,1-5,FALSE,"Engineering, Product and Design"
29074,Fiber AI,2023,2015-2024,Active,Surviving,USA,TRUE,8,6-10,FALSE,B2B
29073,Terracotta AI,2023,2015-2024,Active,Surviving,,FALSE,3,1-5,FALSE,B2B
29073,Terracotta AI,2023,2015-2024,Active,Surviving,,FALSE,3,1-5,FALSE,Infrastructure
29072,Certainly Health,2023,2015-2024,Active,Surviving,USA,TRUE,2,1-5,FALSE,Healthcare
29071,Cedalio,2023,2015-2024,Active,Surviving,USA,TRUE,6,6-10,FALSE,B2B
29069,HappyRobot,2023,2015-2024,Active,Surviving,USA,TRUE,80,26-100,FALSE,B2B
29069,HappyRobot,2023,2015-2024,Active,Surviving,USA,TRUE,80,26-100,FALSE,Supply Chain and Logistics
29053,Pure,2023,2015-2024,Active,Surviving,USA,TRUE,10,6-10,FALSE,Consumer
29051,Nanograb,2023,2015-2024,Active,Surviving,USA,TRUE,5,1-5,FALSE,Healthcare
29051,Nanograb,2023,2015-2024,Active,Surviving,USA,TRUE,5,1-5,FALSE,Drug Discovery and Delivery
29046,Elythea,2023,2015-2024,Active,Surviving,USA,TRUE,2,1-5,FALSE,Healthcare
29042,Santé,2023,2015-2024,Active,Surviving,USA,TRUE,10,6-10,FALSE,B2B
29042,Santé,2023,2015-2024,Active,Surviving,USA,TRUE,10,6-10,FALSE,Retail
29041,Langdock,2023,2015-2024,Active,Surviving,Germany,FALSE,22,11-25,FALSE,B2B
29041,Langdock,2023,2015-2024,Active,Surviving,Germany,FALSE,22,11-25,FALSE,Productivity
29040,Inventive AI,2023,2015-2024,Active,Surviving,USA,TRUE,12,11-25,FALSE,B2B
29040,Inventive AI,2023,2015-2024,Active,Surviving,USA,TRUE,12,11-25,FALSE,Sales
29026,SyntheticFi,2023,2015-2024,Active,Surviving,,FALSE,15,11-25,FALSE,Fintech
29026,SyntheticFi,2023,2015-2024,Active,Surviving,,FALSE,15,11-25,FALSE,Asset Management
29019,Sendblue,2023,2015-2024,Active,Surviving,USA,TRUE,50,26-100,FALSE,B2B
29019,Sendblue,2023,2015-2024,Active,Surviving,USA,TRUE,50,26-100,FALSE,Sales
29018,sudocode,2023,2015-2024,Active,Surviving,USA,TRUE,2,1-5,FALSE,B2B
29018,sudocode,2023,2015-2024,Active,Surviving,USA,TRUE,2,1-5,FALSE,"Engineering, Product and Design"
29013,Sweep,2023,2015-2024,Active,Surviving,USA,TRUE,4,1-5,FALSE,B2B
29013,Sweep,2023,2015-2024,Active,Surviving,USA,TRUE,4,1-5,FALSE,"Engineering, Product and Design"
29010,Silimate,2023,2015-2024,Active,Surviving,USA,TRUE,8,6-10,FALSE,B2B
29010,Silimate,2023,2015-2024,Active,Surviving,USA,TRUE,8,6-10,FALSE,"Engineering, Product and Design"
29008,Andromeda Surgical,2023,2015-2024,Active,Surviving,USA,TRUE,10,6-10,FALSE,Healthcare
29008,Andromeda Surgical,2023,2015-2024,Active,Surviving,USA,TRUE,10,6-10,FALSE,Medical Devices
29005,Roundtable,2023,2015-2024,Active,Surviving,USA,TRUE,4,1-5,FALSE,B2B
29005,Roundtable,2023,2015-2024,Active,Surviving,USA,TRUE,4,1-5,FALSE,Security
29003,DisputeNinja,2023,2015-2024,Active,Surviving,USA,TRUE,2,1-5,FALSE,B2B
29002,Envelope,2023,2015-2024,Active,Surviving,USA,TRUE,2,1-5,FALSE,Fintech
29002,Envelope,2023,2015-2024,Active,Surviving,USA,TRUE,2,1-5,FALSE,Consumer Finance
29001,VectorShift,2023,2015-2024,Active,Surviving,,FALSE,16,11-25,FALSE,B2B
29001,VectorShift,2023,2015-2024,Active,Surviving,,FALSE,16,11-25,FALSE,Infrastructure
29000,SafetyKit,2023,2015-2024,Active,Surviving,USA,TRUE,10,6-10,FALSE,B2B
28999,Baserun,2023,2015-2024,Active,Surviving,USA,TRUE,2,1-5,FALSE,B2B
28999,Baserun,2023,2015-2024,Active,Surviving,USA,TRUE,2,1-5,FALSE,"Engineering, Product and Design"
28998,Automorphic,2023,2015-2024,Active,Surviving,USA,TRUE,3,1-5,FALSE,B2B
28997,Read Bean,2023,2015-2024,Active,Surviving,USA,TRUE,3,1-5,FALSE,Consumer
28996,Sola,2023,2015-2024,Active,Surviving,USA,TRUE,5,1-5,FALSE,B2B
28992,Rankai,2023,2015-2024,Active,Surviving,USA,TRUE,4,1-5,FALSE,B2B
28992,Rankai,2023,2015-2024,Active,Surviving,USA,TRUE,4,1-5,FALSE,Marketing
28991,Inlet,2023,2015-2024,Active,Surviving,,FALSE,2,1-5,FALSE,B2B
28991,Inlet,2023,2015-2024,Active,Surviving,,FALSE,2,1-5,FALSE,Legal
28983,Converge,2023,2015-2024,Active,Surviving,USA,TRUE,6,6-10,FALSE,B2B
28982,Flint,2023,2015-2024,Active,Surviving,USA,TRUE,18,11-25,FALSE,Education
28981,CambioML,2023,2015-2024,Active,Surviving,,FALSE,3,1-5,FALSE,B2B
28980,Osium AI,2023,2015-2024,Active,Surviving,France,FALSE,2,1-5,FALSE,B2B
28979,Slicker,2023,2015-2024,Active,Surviving,United Kingdom,FALSE,2,1-5,FALSE,Fintech
28979,Slicker,2023,2015-2024,Active,Surviving,United Kingdom,FALSE,2,1-5,FALSE,Payments
28978,Khoj,2023,2015-2024,Active,Surviving,USA,TRUE,2,1-5,FALSE,Consumer
28977,VaultPay,2023,2015-2024,Active,Surviving,Democratic Republic of the Congo,FALSE,2,1-5,FALSE,Fintech
28976,Bolto,2023,2015-2024,Active,Surviving,USA,TRUE,10,6-10,FALSE,B2B
28976,Bolto,2023,2015-2024,Active,Surviving,USA,TRUE,10,6-10,FALSE,Human Resources
28974,Gleam,2023,2015-2024,Active,Surviving,USA,TRUE,4,1-5,FALSE,B2B
28971,Kobalt Labs,2023,2015-2024,Active,Surviving,USA,TRUE,9,6-10,FALSE,B2B
28971,Kobalt Labs,2023,2015-2024,Active,Surviving,USA,TRUE,9,6-10,FALSE,Operations
28969,Studdy,2023,2015-2024,Active,Surviving,USA,TRUE,4,1-5,FALSE,Education
28968,Trainy,2023,2015-2024,Active,Surviving,USA,TRUE,3,1-5,FALSE,B2B
28960,Apoxy,2023,2015-2024,Active,Surviving,,FALSE,2,1-5,FALSE,B2B
28960,Apoxy,2023,2015-2024,Active,Surviving,,FALSE,2,1-5,FALSE,Infrastructure
28959,sizeless,2023,2015-2024,Active,Surviving,USA,TRUE,3,1-5,FALSE,Real Estate and Construction
28958,Rimward,2023,2015-2024,Active,Surviving,France,FALSE,1,1-5,FALSE,B2B
28958,Rimward,2023,2015-2024,Active,Surviving,France,FALSE,1,1-5,FALSE,Security
28957,Continue,2023,2015-2024,Active,Surviving,USA,TRUE,5,1-5,FALSE,B2B
28957,Continue,2023,2015-2024,Active,Surviving,USA,TRUE,5,1-5,FALSE,"Engineering, Product and Design"
28956,Letter AI,2023,2015-2024,Active,Surviving,USA,TRUE,12,11-25,FALSE,B2B
28956,Letter AI,2023,2015-2024,Active,Surviving,USA,TRUE,12,11-25,FALSE,Productivity
28940,Guac,2023,2015-2024,Active,Surviving,USA,TRUE,9,6-10,FALSE,B2B
28940,Guac,2023,2015-2024,Active,Surviving,USA,TRUE,9,6-10,FALSE,Supply Chain and Logistics
28939,CareOasis,2023,2015-2024,Active,Surviving,USA,TRUE,2,1-5,FALSE,Healthcare
28939,CareOasis,2023,2015-2024,Active,Surviving,USA,TRUE,2,1-5,FALSE,Consumer Health and Wellness
28938,Glade,2023,2015-2024,Active,Surviving,USA,TRUE,3,1-5,FALSE,B2B
28937,LifestyleRx,2023,2015-2024,Active,Surviving,Canada,FALSE,9,6-10,FALSE,Healthcare
28937,LifestyleRx,2023,2015-2024,Active,Surviving,Canada,FALSE,9,6-10,FALSE,Healthcare Services
28936,Empirical Health,2023,2015-2024,Active,Surviving,USA,TRUE,4,1-5,FALSE,Healthcare
28936,Empirical Health,2023,2015-2024,Active,Surviving,USA,TRUE,4,1-5,FALSE,Consumer Health and Wellness
28935,Fortuna Health,2023,2015-2024,Active,Surviving,USA,TRUE,13,11-25,FALSE,Healthcare
28935,Fortuna Health,2023,2015-2024,Active,Surviving,USA,TRUE,13,11-25,FALSE,Healthcare IT
28933,Aglide,2023,2015-2024,Active,Surviving,London,FALSE,6,6-10,FALSE,B2B
28932,Respaid,2023,2015-2024,Active,Surviving,USA,TRUE,42,26-100,FALSE,Fintech
28930,Midrender,2023,2015-2024,Active,Surviving,USA,TRUE,1,1-5,FALSE,B2B
28930,Midrender,2023,2015-2024,Active,Surviving,USA,TRUE,1,1-5,FALSE,"Engineering, Product and Design"
28929,Bretton AI,2023,2015-2024,Active,Surviving,USA,TRUE,34,26-100,FALSE,Fintech
28928,MediSearch,2023,2015-2024,Active,Surviving,United Kingdom,FALSE,6,6-10,FALSE,Healthcare
28928,MediSearch,2023,2015-2024,Active,Surviving,United Kingdom,FALSE,6,6-10,FALSE,Consumer Health and Wellness
28927,Metalware,2023,2015-2024,Active,Surviving,USA,TRUE,4,1-5,FALSE,B2B
28927,Metalware,2023,2015-2024,Active,Surviving,USA,TRUE,4,1-5,FALSE,Security
28926,Upstream,2023,2015-2024,Active,Surviving,,FALSE,7,6-10,FALSE,B2B
28926,Upstream,2023,2015-2024,Active,Surviving,,FALSE,7,6-10,FALSE,Productivity
28923,Maven Bio,2023,2015-2024,Active,Surviving,USA,TRUE,10,6-10,FALSE,B2B
28921,Surface Labs,2023,2015-2024,Active,Surviving,USA,TRUE,6,6-10,FALSE,B2B
28921,Surface Labs,2023,2015-2024,Active,Surviving,USA,TRUE,6,6-10,FALSE,Marketing
28911,CandorIQ,2023,2015-2024,Active,Surviving,USA,TRUE,4,1-5,FALSE,B2B
28907,refine,2023,2015-2024,Active,Surviving,USA,TRUE,10,6-10,FALSE,B2B
28907,refine,2023,2015-2024,Active,Surviving,USA,TRUE,10,6-10,FALSE,"Engineering, Product and Design"
28900,Epsilla,2023,2015-2024,Active,Surviving,USA,TRUE,3,1-5,FALSE,B2B
28900,Epsilla,2023,2015-2024,Active,Surviving,USA,TRUE,3,1-5,FALSE,Infrastructure
28899,maintouch,2023,2015-2024,Active,Surviving,USA,TRUE,9,6-10,FALSE,B2B
28893,VetRec,2023,2015-2024,Active,Surviving,USA,TRUE,25,11-25,FALSE,B2B
28891,Numen,2023,2015-2024,Active,Surviving,USA,TRUE,16,11-25,FALSE,Healthcare
28891,Numen,2023,2015-2024,Active,Surviving,USA,TRUE,16,11-25,FALSE,Diagnostics
28890,Decoda Health,2023,2015-2024,Active,Surviving,USA,TRUE,15,11-25,FALSE,Healthcare
28890,Decoda Health,2023,2015-2024,Active,Surviving,USA,TRUE,15,11-25,FALSE,Healthcare IT
28887,Skyvern,2023,2015-2024,Active,Surviving,USA,TRUE,6,6-10,FALSE,B2B
28887,Skyvern,2023,2015-2024,Active,Surviving,USA,TRUE,6,6-10,FALSE,Infrastructure
28886,Cardinal Gray,2023,2015-2024,Active,Surviving,USA,TRUE,6,6-10,FALSE,Fintech
28886,Cardinal Gray,2023,2015-2024,Active,Surviving,USA,TRUE,6,6-10,FALSE,Credit and Lending
28885,Hiro,2023,2015-2024,Active,Surviving,USA,TRUE,2,1-5,FALSE,B2B
28885,Hiro,2023,2015-2024,Active,Surviving,USA,TRUE,2,1-5,FALSE,Security
28884,Rocketeer,2023,2015-2024,Active,Surviving,USA,TRUE,4,1-5,FALSE,B2B
28884,Rocketeer,2023,2015-2024,Active,Surviving,USA,TRUE,4,1-5,FALSE,Sales
28883,Margin,2023,2015-2024,Active,Surviving,USA,TRUE,10,6-10,FALSE,B2B
28883,Margin,2023,2015-2024,Active,Surviving,USA,TRUE,10,6-10,FALSE,Retail
28882,Repaint,2023,2015-2024,Active,Surviving,USA,TRUE,2,1-5,FALSE,B2B
28882,Repaint,2023,2015-2024,Active,Surviving,USA,TRUE,2,1-5,FALSE,"Engineering, Product and Design"
28881,Chow Central Inc,2023,2015-2024,Active,Surviving,Nigeria,FALSE,NA,NA,FALSE,Consumer
28881,Chow Central Inc,2023,2015-2024,Active,Surviving,Nigeria,FALSE,NA,NA,FALSE,Food and Beverage
28880,FleetWorks,2023,2015-2024,Active,Surviving,USA,TRUE,20,11-25,FALSE,B2B
28880,FleetWorks,2023,2015-2024,Active,Surviving,USA,TRUE,20,11-25,FALSE,Supply Chain and Logistics
28869,Health Harbor,2023,2015-2024,Active,Surviving,USA,TRUE,4,1-5,FALSE,Healthcare
28869,Health Harbor,2023,2015-2024,Active,Surviving,USA,TRUE,4,1-5,FALSE,Healthcare IT
28867,Shasta Health,2023,2015-2024,Active,Surviving,USA,TRUE,2,1-5,FALSE,Healthcare
28867,Shasta Health,2023,2015-2024,Active,Surviving,USA,TRUE,2,1-5,FALSE,Healthcare Services
28865,Hegel AI,2023,2015-2024,Active,Surviving,USA,TRUE,2,1-5,FALSE,B2B
28865,Hegel AI,2023,2015-2024,Active,Surviving,USA,TRUE,2,1-5,FALSE,Infrastructure
28864,Outset,2023,2015-2024,Active,Surviving,USA,TRUE,30,26-100,FALSE,B2B
28864,Outset,2023,2015-2024,Active,Surviving,USA,TRUE,30,26-100,FALSE,Analytics
28863,Serra,2023,2015-2024,Active,Surviving,USA,TRUE,8,6-10,FALSE,B2B
28863,Serra,2023,2015-2024,Active,Surviving,USA,TRUE,8,6-10,FALSE,Recruiting and Talent
28862,Corgea,2023,2015-2024,Active,Surviving,USA,TRUE,6,6-10,FALSE,B2B
28862,Corgea,2023,2015-2024,Active,Surviving,USA,TRUE,6,6-10,FALSE,Security
28860,Terminal,2023,2015-2024,Active,Surviving,Canada,FALSE,13,11-25,FALSE,B2B
28860,Terminal,2023,2015-2024,Active,Surviving,Canada,FALSE,13,11-25,FALSE,Supply Chain and Logistics
28859,MICSI,2023,2015-2024,Active,Surviving,USA,TRUE,2,1-5,FALSE,Healthcare
28859,MICSI,2023,2015-2024,Active,Surviving,USA,TRUE,2,1-5,FALSE,Diagnostics
28857,Arcimus,2023,2015-2024,Active,Surviving,USA,TRUE,2,1-5,FALSE,B2B
28857,Arcimus,2023,2015-2024,Active,Surviving,USA,TRUE,2,1-5,FALSE,Recruiting and Talent
28854,Docsum,2023,2015-2024,Active,Surviving,USA,TRUE,4,1-5,FALSE,B2B
28854,Docsum,2023,2015-2024,Active,Surviving,USA,TRUE,4,1-5,FALSE,Legal
28853,Obento Health,2023,2015-2024,Active,Surviving,USA,TRUE,2,1-5,FALSE,Healthcare
28853,Obento Health,2023,2015-2024,Active,Surviving,USA,TRUE,2,1-5,FALSE,Medical Devices
28852,Kite,2023,2015-2024,Active,Surviving,USA,TRUE,2,1-5,FALSE,B2B
28852,Kite,2023,2015-2024,Active,Surviving,USA,TRUE,2,1-5,FALSE,Marketing
28851,Bronco AI,2023,2015-2024,Active,Surviving,USA,TRUE,5,1-5,FALSE,B2B
28851,Bronco AI,2023,2015-2024,Active,Surviving,USA,TRUE,5,1-5,FALSE,"Engineering, Product and Design"
28849,Agentive,2023,2015-2024,Active,Surviving,USA,TRUE,6,6-10,FALSE,B2B
28849,Agentive,2023,2015-2024,Active,Surviving,USA,TRUE,6,6-10,FALSE,Finance and Accounting
28847,Venta AI,2023,2015-2024,Active,Surviving,,FALSE,7,6-10,FALSE,B2B
28847,Venta AI,2023,2015-2024,Active,Surviving,,FALSE,7,6-10,FALSE,Sales
28846,Parea,2023,2015-2024,Active,Surviving,USA,TRUE,2,1-5,FALSE,B2B
28846,Parea,2023,2015-2024,Active,Surviving,USA,TRUE,2,1-5,FALSE,Operations
28845,Campfire,2023,2015-2024,Active,Surviving,USA,TRUE,105,101-500,FALSE,B2B
28845,Campfire,2023,2015-2024,Active,Surviving,USA,TRUE,105,101-500,FALSE,Finance and Accounting
28844,Alguna,2023,2015-2024,Active,Surviving,London,FALSE,10,6-10,FALSE,B2B
28844,Alguna,2023,2015-2024,Active,Surviving,London,FALSE,10,6-10,FALSE,Finance and Accounting
28843,SID,2023,2015-2024,Active,Surviving,USA,TRUE,4,1-5,FALSE,B2B
28843,SID,2023,2015-2024,Active,Surviving,USA,TRUE,4,1-5,FALSE,"Engineering, Product and Design"
28842,Capi Money,2023,2015-2024,Active,Surviving,United Kingdom,FALSE,40,26-100,FALSE,Fintech
28842,Capi Money,2023,2015-2024,Active,Surviving,United Kingdom,FALSE,40,26-100,FALSE,Payments
28841,Baud Labs,2023,2015-2024,Active,Surviving,USA,TRUE,3,1-5,FALSE,B2B
28839,Spine AI,2023,2015-2024,Active,Surviving,USA,TRUE,7,6-10,FALSE,B2B
28839,Spine AI,2023,2015-2024,Active,Surviving,USA,TRUE,7,6-10,FALSE,"Engineering, Product and Design"
28837,Subsets,2023,2015-2024,Active,Surviving,Denmark,FALSE,7,6-10,FALSE,B2B
28836,CORE,2023,2015-2024,Active,Surviving,Bengaluru,FALSE,3,1-5,FALSE,B2B
28836,CORE,2023,2015-2024,Active,Surviving,Bengaluru,FALSE,3,1-5,FALSE,Productivity
28835,Synch,2023,2015-2024,Active,Surviving,USA,TRUE,4,1-5,FALSE,B2B
28835,Synch,2023,2015-2024,Active,Surviving,USA,TRUE,4,1-5,FALSE,Sales
28830,Revamp,2023,2015-2024,Active,Surviving,USA,TRUE,3,1-5,FALSE,B2B
28830,Revamp,2023,2015-2024,Active,Surviving,USA,TRUE,3,1-5,FALSE,Analytics
28829,DataShare,2023,2015-2024,Active,Surviving,USA,TRUE,1,1-5,FALSE,B2B
28829,DataShare,2023,2015-2024,Active,Surviving,USA,TRUE,1,1-5,FALSE,"Engineering, Product and Design"
28827,Airgoods,2023,2015-2024,Active,Surviving,USA,TRUE,10,6-10,FALSE,B2B
28827,Airgoods,2023,2015-2024,Active,Surviving,USA,TRUE,10,6-10,FALSE,Retail
28826,Talc,2023,2015-2024,Active,Surviving,USA,TRUE,3,1-5,FALSE,B2B
28826,Talc,2023,2015-2024,Active,Surviving,USA,TRUE,3,1-5,FALSE,"Engineering, Product and Design"
28825,Solve Intelligence,2023,2015-2024,Active,Surviving,London,FALSE,43,26-100,FALSE,B2B
28825,Solve Intelligence,2023,2015-2024,Active,Surviving,London,FALSE,43,26-100,FALSE,Legal
28824,Lio (formerly askLio),2023,2015-2024,Active,Surviving,USA,TRUE,80,26-100,FALSE,B2B
28823,Craftwork,2023,2015-2024,Active,Surviving,USA,TRUE,50,26-100,FALSE,Real Estate and Construction
28823,Craftwork,2023,2015-2024,Active,Surviving,USA,TRUE,50,26-100,FALSE,Construction
28822,Electric Air,2023,2015-2024,Active,Surviving,USA,TRUE,18,11-25,FALSE,Real Estate and Construction
28822,Electric Air,2023,2015-2024,Active,Surviving,USA,TRUE,18,11-25,FALSE,Construction
28821,Prosper,2023,2015-2024,Active,Surviving,USA,TRUE,9,6-10,FALSE,B2B
28818,Mandel AI,2023,2015-2024,Active,Surviving,,FALSE,2,1-5,FALSE,B2B
28818,Mandel AI,2023,2015-2024,Active,Surviving,,FALSE,2,1-5,FALSE,Supply Chain and Logistics
28817,Every,2023,2015-2024,Active,Surviving,NA,FALSE,12,11-25,FALSE,B2B
28816,Contour,2023,2015-2024,Active,Surviving,USA,TRUE,2,1-5,FALSE,B2B
28814,OpenTools,2023,2015-2024,Active,Surviving,,FALSE,3,1-5,FALSE,B2B
28814,OpenTools,2023,2015-2024,Active,Surviving,,FALSE,3,1-5,FALSE,"Engineering, Product and Design"
28812,Cedana,2023,2015-2024,Active,Surviving,USA,TRUE,5,1-5,FALSE,B2B
28812,Cedana,2023,2015-2024,Active,Surviving,USA,TRUE,5,1-5,FALSE,Infrastructure
28811,Casca,2023,2015-2024,Active,Surviving,USA,TRUE,28,26-100,FALSE,Fintech
28810,Zelos Cloud,2023,2015-2024,Active,Surviving,USA,TRUE,3,1-5,FALSE,B2B
28810,Zelos Cloud,2023,2015-2024,Active,Surviving,USA,TRUE,3,1-5,FALSE,"Engineering, Product and Design"
28809,Readily,2023,2015-2024,Active,Surviving,USA,TRUE,14,11-25,FALSE,Healthcare
28808,PropRise,2023,2015-2024,Active,Surviving,USA,TRUE,3,1-5,FALSE,Real Estate and Construction
28807,Pointhound,2023,2015-2024,Active,Surviving,NA,FALSE,5,1-5,FALSE,Consumer
28807,Pointhound,2023,2015-2024,Active,Surviving,NA,FALSE,5,1-5,FALSE,"Travel, Leisure and Tourism"
28805,Diligent,2023,2015-2024,Active,Surviving,United Kingdom,FALSE,10,6-10,FALSE,Fintech
28804,Bland AI,2023,2015-2024,Active,Surviving,USA,TRUE,65,26-100,FALSE,B2B
28804,Bland AI,2023,2015-2024,Active,Surviving,USA,TRUE,65,26-100,FALSE,Infrastructure
28802,Sohar Health,2023,2015-2024,Active,Surviving,USA,TRUE,8,6-10,FALSE,Healthcare
28802,Sohar Health,2023,2015-2024,Active,Surviving,USA,TRUE,8,6-10,FALSE,Healthcare IT
28796,Sweetspot,2023,2015-2024,Active,Surviving,USA,TRUE,10,6-10,FALSE,B2B
28796,Sweetspot,2023,2015-2024,Active,Surviving,USA,TRUE,10,6-10,FALSE,"Engineering, Product and Design"
28795,Magic Loops,2023,2015-2024,Active,Surviving,USA,TRUE,2,1-5,FALSE,B2B
28794,Ohmic Biosciences,2023,2015-2024,Active,Surviving,USA,TRUE,2,1-5,FALSE,Industrials
28794,Ohmic Biosciences,2023,2015-2024,Active,Surviving,USA,TRUE,2,1-5,FALSE,Agriculture
28793,Stellar Sleep,2023,2015-2024,Active,Surviving,,FALSE,5,1-5,FALSE,Healthcare
28792,AIVideo.com,2023,2015-2024,Active,Surviving,USA,TRUE,12,11-25,FALSE,B2B
28791,Linc.,2023,2015-2024,Active,Surviving,USA,TRUE,3,1-5,FALSE,B2B
28789,Dioxus Labs,2023,2015-2024,Active,Surviving,USA,TRUE,4,1-5,FALSE,B2B
28789,Dioxus Labs,2023,2015-2024,Active,Surviving,USA,TRUE,4,1-5,FALSE,"Engineering, Product and Design"
28788,Hyperbound,2023,2015-2024,Active,Surviving,USA,TRUE,30,26-100,FALSE,B2B
28788,Hyperbound,2023,2015-2024,Active,Surviving,USA,TRUE,30,26-100,FALSE,Sales
28786,Accend,2023,2015-2024,Active,Surviving,,FALSE,18,11-25,FALSE,Fintech
28784,Elyos AI,2023,2015-2024,Active,Surviving,United Kingdom,FALSE,20,11-25,FALSE,B2B
28784,Elyos AI,2023,2015-2024,Active,Surviving,United Kingdom,FALSE,20,11-25,FALSE,Operations
28780,Clearest Health,2023,2015-2024,Active,Surviving,USA,TRUE,3,1-5,FALSE,Fintech
28780,Clearest Health,2023,2015-2024,Active,Surviving,USA,TRUE,3,1-5,FALSE,Insurance
28779,Metoro,2023,2015-2024,Active,Surviving,United Kingdom,FALSE,NA,NA,FALSE,B2B
28779,Metoro,2023,2015-2024,Active,Surviving,United Kingdom,FALSE,NA,NA,FALSE,"Engineering, Product and Design"
28777,Twenty,2023,2015-2024,Active,Surviving,USA,TRUE,10,6-10,FALSE,B2B
28776,Ora AI,2023,2015-2024,Active,Surviving,USA,TRUE,3,1-5,FALSE,Education
28745,Nectar,2023,2015-2024,Active,Surviving,USA,TRUE,7,6-10,FALSE,Industrials
28745,Nectar,2023,2015-2024,Active,Surviving,USA,TRUE,7,6-10,FALSE,Energy
28744,Reworkd,2023,2015-2024,Active,Surviving,USA,TRUE,1,1-5,FALSE,B2B
28707,Kino AI,2023,2015-2024,Active,Surviving,USA,TRUE,4,1-5,FALSE,B2B
28707,Kino AI,2023,2015-2024,Active,Surviving,USA,TRUE,4,1-5,FALSE,Productivity
28663,kapa.ai,2023,2015-2024,Active,Surviving,NA,FALSE,22,11-25,FALSE,B2B
28663,kapa.ai,2023,2015-2024,Active,Surviving,NA,FALSE,22,11-25,FALSE,Productivity
28650,Artie,2023,2015-2024,Active,Surviving,USA,TRUE,12,11-25,FALSE,B2B
28650,Artie,2023,2015-2024,Active,Surviving,USA,TRUE,12,11-25,FALSE,Infrastructure
28593,HyLight,2023,2015-2024,Active,Surviving,France,FALSE,22,11-25,FALSE,Industrials
28593,HyLight,2023,2015-2024,Active,Surviving,France,FALSE,22,11-25,FALSE,Climate
28589,HockeyStack,2023,2015-2024,Active,Surviving,USA,TRUE,65,26-100,FALSE,B2B
28589,HockeyStack,2023,2015-2024,Active,Surviving,USA,TRUE,65,26-100,FALSE,Sales
28486,Y/n,2023,2015-2024,Active,Surviving,USA,TRUE,2,1-5,FALSE,Consumer
28486,Y/n,2023,2015-2024,Active,Surviving,USA,TRUE,2,1-5,FALSE,Content
28404,Cercli,2023,2015-2024,Active,Surviving,,FALSE,28,26-100,FALSE,B2B
29187,OpenPipe,2023,2015-2024,Acquired,Successful,USA,TRUE,2,1-5,FALSE,B2B
29187,OpenPipe,2023,2015-2024,Acquired,Successful,USA,TRUE,2,1-5,FALSE,"Engineering, Product and Design"
29154,Catamaran,2023,2015-2024,Acquired,Successful,United Kingdom,FALSE,5,1-5,FALSE,Fintech
29154,Catamaran,2023,2015-2024,Acquired,Successful,United Kingdom,FALSE,5,1-5,FALSE,Insurance
29136,Autotab,2023,2015-2024,Acquired,Successful,USA,TRUE,2,1-5,FALSE,B2B
29136,Autotab,2023,2015-2024,Acquired,Successful,USA,TRUE,2,1-5,FALSE,Productivity
29115,Mocha,2023,2015-2024,Acquired,Successful,USA,TRUE,7,6-10,FALSE,B2B
29115,Mocha,2023,2015-2024,Acquired,Successful,USA,TRUE,7,6-10,FALSE,Infrastructure
29105,FlowiseAI,2023,2015-2024,Acquired,Successful,NA,FALSE,5,1-5,FALSE,B2B
29105,FlowiseAI,2023,2015-2024,Acquired,Successful,NA,FALSE,5,1-5,FALSE,"Engineering, Product and Design"
29100,CheqUPI,2023,2015-2024,Acquired,Successful,India,FALSE,15,11-25,FALSE,Fintech
29021,Fragment,2023,2015-2024,Acquired,Successful,,FALSE,2,1-5,FALSE,B2B
29021,Fragment,2023,2015-2024,Acquired,Successful,,FALSE,2,1-5,FALSE,Operations
29006,Inari,2023,2015-2024,Acquired,Successful,USA,TRUE,2,1-5,FALSE,B2B
29006,Inari,2023,2015-2024,Acquired,Successful,USA,TRUE,2,1-5,FALSE,"Engineering, Product and Design"
29004,Chatter,2023,2015-2024,Acquired,Successful,USA,TRUE,2,1-5,FALSE,B2B
28966,Pincites,2023,2015-2024,Acquired,Successful,USA,TRUE,4,1-5,FALSE,B2B
28966,Pincites,2023,2015-2024,Acquired,Successful,USA,TRUE,4,1-5,FALSE,Legal
28790,Watto AI,2023,2015-2024,Acquired,Successful,,FALSE,3,1-5,FALSE,B2B
28790,Watto AI,2023,2015-2024,Acquired,Successful,,FALSE,3,1-5,FALSE,Productivity
28787,Deasy Labs,2023,2015-2024,Acquired,Successful,USA,TRUE,8,6-10,FALSE,B2B
28787,Deasy Labs,2023,2015-2024,Acquired,Successful,USA,TRUE,8,6-10,FALSE,Analytics
28778,Xeol,2023,2015-2024,Acquired,Successful,USA,TRUE,3,1-5,FALSE,B2B
28778,Xeol,2023,2015-2024,Acquired,Successful,USA,TRUE,3,1-5,FALSE,Security
28660,Tremor,2023,2015-2024,Acquired,Successful,Switzerland,FALSE,2,1-5,FALSE,B2B
28660,Tremor,2023,2015-2024,Acquired,Successful,Switzerland,FALSE,2,1-5,FALSE,"Engineering, Product and Design"
28659,PeerDB,2023,2015-2024,Acquired,Successful,,FALSE,2,1-5,FALSE,B2B
28659,PeerDB,2023,2015-2024,Acquired,Successful,,FALSE,2,1-5,FALSE,Analytics
29156,CodeStory,2023,2015-2024,Inactive,Failed,United Kingdom,FALSE,4,1-5,FALSE,B2B
29156,CodeStory,2023,2015-2024,Inactive,Failed,United Kingdom,FALSE,4,1-5,FALSE,"Engineering, Product and Design"
29124,Onward,2023,2015-2024,Inactive,Failed,,FALSE,NA,NA,FALSE,B2B
29124,Onward,2023,2015-2024,Inactive,Failed,,FALSE,NA,NA,FALSE,Productivity
29107,Saatvy,2023,2015-2024,Inactive,Failed,USA,TRUE,1,1-5,FALSE,Healthcare
29107,Saatvy,2023,2015-2024,Inactive,Failed,USA,TRUE,1,1-5,FALSE,Consumer Health and Wellness
29102,Kips Health,2023,2015-2024,Inactive,Failed,USA,TRUE,2,1-5,FALSE,Healthcare
29102,Kips Health,2023,2015-2024,Inactive,Failed,USA,TRUE,2,1-5,FALSE,Consumer Health and Wellness
29089,Line.Build,2023,2015-2024,Inactive,Failed,USA,TRUE,3,1-5,FALSE,B2B
29045,Movley,2023,2015-2024,Inactive,Failed,USA,TRUE,8,6-10,FALSE,B2B
29045,Movley,2023,2015-2024,Inactive,Failed,USA,TRUE,8,6-10,FALSE,Supply Chain and Logistics
28994,Vango AI,2023,2015-2024,Inactive,Failed,USA,TRUE,2,1-5,FALSE,B2B
28994,Vango AI,2023,2015-2024,Inactive,Failed,USA,TRUE,2,1-5,FALSE,"Engineering, Product and Design"
28967,MantleBio,2023,2015-2024,Inactive,Failed,,FALSE,7,6-10,FALSE,B2B
28931,Vizly,2023,2015-2024,Inactive,Failed,USA,TRUE,2,1-5,FALSE,B2B
28931,Vizly,2023,2015-2024,Inactive,Failed,USA,TRUE,2,1-5,FALSE,Analytics
28920,Unhaze,2023,2015-2024,Inactive,Failed,Denmark,FALSE,6,6-10,FALSE,B2B
28920,Unhaze,2023,2015-2024,Inactive,Failed,Denmark,FALSE,6,6-10,FALSE,Sales
28902,Sidenote,2023,2015-2024,Inactive,Failed,USA,TRUE,3,1-5,FALSE,B2B
28902,Sidenote,2023,2015-2024,Inactive,Failed,USA,TRUE,3,1-5,FALSE,Productivity
28894,Lysto,2023,2015-2024,Inactive,Failed,USA,TRUE,2,1-5,FALSE,B2B
28894,Lysto,2023,2015-2024,Inactive,Failed,USA,TRUE,2,1-5,FALSE,Sales
28868,Briefer,2023,2015-2024,Inactive,Failed,Brazil,FALSE,2,1-5,FALSE,B2B
28868,Briefer,2023,2015-2024,Inactive,Failed,Brazil,FALSE,2,1-5,FALSE,"Engineering, Product and Design"
28858,CraftOS,2023,2015-2024,Inactive,Failed,USA,TRUE,3,1-5,FALSE,B2B
28858,CraftOS,2023,2015-2024,Inactive,Failed,USA,TRUE,3,1-5,FALSE,Retail
28838,GreenTally,2023,2015-2024,Inactive,Failed,USA,TRUE,2,1-5,FALSE,B2B
28815,Atla,2023,2015-2024,Inactive,Failed,United Kingdom,FALSE,10,6-10,FALSE,B2B
28813,Lifelike,2023,2015-2024,Inactive,Failed,USA,TRUE,2,1-5,FALSE,Consumer
28799,Remy,2023,2015-2024,Inactive,Failed,USA,TRUE,4,1-5,FALSE,Healthcare
28799,Remy,2023,2015-2024,Inactive,Failed,USA,TRUE,4,1-5,FALSE,Healthcare Services
28759,Branch AI,2023,2015-2024,Inactive,Failed,Singapore,FALSE,3,1-5,FALSE,B2B
28759,Branch AI,2023,2015-2024,Inactive,Failed,Singapore,FALSE,3,1-5,FALSE,Retail
28743,Leafpress,2023,2015-2024,Inactive,Failed,,FALSE,2,1-5,FALSE,B2B
22111,Pardes Biosciences,2020,2015-2024,Public,Successful,USA,TRUE,2,1-5,TRUE,Healthcare
22111,Pardes Biosciences,2020,2015-2024,Public,Successful,USA,TRUE,2,1-5,TRUE,Drug Discovery and Delivery
22334,Gilgamesh Pharmaceuticals,2020,2015-2024,Active,Surviving,USA,TRUE,15,11-25,FALSE,Healthcare
22334,Gilgamesh Pharmaceuticals,2020,2015-2024,Active,Surviving,USA,TRUE,15,11-25,FALSE,Drug Discovery and Delivery
22327,Matter,2020,2015-2024,Active,Surviving,USA,TRUE,7,6-10,FALSE,Consumer
22327,Matter,2020,2015-2024,Active,Surviving,USA,TRUE,7,6-10,FALSE,Content
22322,Payflow,2020,2015-2024,Active,Surviving,USA,TRUE,7,6-10,FALSE,B2B
22322,Payflow,2020,2015-2024,Active,Surviving,USA,TRUE,7,6-10,FALSE,Finance and Accounting
22321,Verifiable,2020,2015-2024,Active,Surviving,USA,TRUE,12,11-25,FALSE,Healthcare
22321,Verifiable,2020,2015-2024,Active,Surviving,USA,TRUE,12,11-25,FALSE,Healthcare IT
22319,SiPhox Health,2020,2015-2024,Active,Surviving,USA,TRUE,63,26-100,FALSE,Healthcare
22319,SiPhox Health,2020,2015-2024,Active,Surviving,USA,TRUE,63,26-100,FALSE,Consumer Health and Wellness
22306,Rarebird,2020,2015-2024,Active,Surviving,USA,TRUE,5,1-5,FALSE,Healthcare
22306,Rarebird,2020,2015-2024,Active,Surviving,USA,TRUE,5,1-5,FALSE,Industrial Bio
22305,Future Fields,2020,2015-2024,Active,Surviving,Canada,FALSE,34,26-100,FALSE,Healthcare
22305,Future Fields,2020,2015-2024,Active,Surviving,Canada,FALSE,34,26-100,FALSE,Industrial Bio
22303,Todos Comemos,2020,2015-2024,Active,Surviving,Colombia,FALSE,62,26-100,FALSE,Consumer
22303,Todos Comemos,2020,2015-2024,Active,Surviving,Colombia,FALSE,62,26-100,FALSE,Food and Beverage
22294,Clau,2020,2015-2024,Active,Surviving,Mexico,FALSE,90,26-100,FALSE,Real Estate and Construction
22294,Clau,2020,2015-2024,Active,Surviving,Mexico,FALSE,90,26-100,FALSE,Housing and Real Estate
22278,Hubla,2020,2015-2024,Active,Surviving,Brazil,FALSE,86,26-100,FALSE,B2B
22278,Hubla,2020,2015-2024,Active,Surviving,Brazil,FALSE,86,26-100,FALSE,Sales
22277,Heron Data,2020,2015-2024,Active,Surviving,USA,TRUE,60,26-100,FALSE,B2B
22273,Fieldguide,2020,2015-2024,Active,Surviving,USA,TRUE,130,101-500,FALSE,B2B
22273,Fieldguide,2020,2015-2024,Active,Surviving,USA,TRUE,130,101-500,FALSE,Productivity
22272,Finch,2020,2015-2024,Active,Surviving,USA,TRUE,63,26-100,FALSE,B2B
22272,Finch,2020,2015-2024,Active,Surviving,USA,TRUE,63,26-100,FALSE,"Engineering, Product and Design"
22267,Parrot Software 🦜,2020,2015-2024,Active,Surviving,Mexico,FALSE,40,26-100,FALSE,B2B
22267,Parrot Software 🦜,2020,2015-2024,Active,Surviving,Mexico,FALSE,40,26-100,FALSE,Retail
22266,Zuddl,2020,2015-2024,Active,Surviving,USA,TRUE,120,101-500,FALSE,B2B
22257,Inspectify,2020,2015-2024,Active,Surviving,USA,TRUE,55,26-100,FALSE,Real Estate and Construction
22257,Inspectify,2020,2015-2024,Active,Surviving,USA,TRUE,55,26-100,FALSE,Housing and Real Estate
22248,Mozart Data,2020,2015-2024,Active,Surviving,USA,TRUE,24,11-25,FALSE,B2B
22248,Mozart Data,2020,2015-2024,Active,Surviving,USA,TRUE,24,11-25,FALSE,Infrastructure
22247,Rally,2020,2015-2024,Active,Surviving,Canada,FALSE,3,1-5,FALSE,Consumer
22247,Rally,2020,2015-2024,Active,Surviving,Canada,FALSE,3,1-5,FALSE,Social
22241,"Warmly,",2020,2015-2024,Active,Surviving,USA,TRUE,60,26-100,FALSE,B2B
22241,"Warmly,",2020,2015-2024,Active,Surviving,USA,TRUE,60,26-100,FALSE,Sales
22218,Glimpse,2020,2015-2024,Active,Surviving,USA,TRUE,27,26-100,FALSE,B2B
22218,Glimpse,2020,2015-2024,Active,Surviving,USA,TRUE,27,26-100,FALSE,Retail
22217,Mobius Materials,2020,2015-2024,Active,Surviving,USA,TRUE,6,6-10,FALSE,Industrials
22217,Mobius Materials,2020,2015-2024,Active,Surviving,USA,TRUE,6,6-10,FALSE,Manufacturing and Robotics
22207,inSoma Bio,2020,2015-2024,Active,Surviving,USA,TRUE,4,1-5,FALSE,Healthcare
22207,inSoma Bio,2020,2015-2024,Active,Surviving,USA,TRUE,4,1-5,FALSE,Medical Devices
22206,Vena Vitals,2020,2015-2024,Active,Surviving,USA,TRUE,9,6-10,FALSE,Healthcare
22206,Vena Vitals,2020,2015-2024,Active,Surviving,USA,TRUE,9,6-10,FALSE,Medical Devices
22196,"MedPiper Technologies, Inc",2020,2015-2024,Active,Surviving,India,FALSE,55,26-100,FALSE,Fintech
22196,"MedPiper Technologies, Inc",2020,2015-2024,Active,Surviving,India,FALSE,55,26-100,FALSE,Insurance
22184,Dumps,2020,2015-2024,Active,Surviving,USA,TRUE,9,6-10,FALSE,Consumer
22184,Dumps,2020,2015-2024,Active,Surviving,USA,TRUE,9,6-10,FALSE,Social
22174,Lendtable,2020,2015-2024,Active,Surviving,USA,TRUE,20,11-25,FALSE,Fintech
22174,Lendtable,2020,2015-2024,Active,Surviving,USA,TRUE,20,11-25,FALSE,Credit and Lending
22152,Afriex,2020,2015-2024,Active,Surviving,USA,TRUE,55,26-100,FALSE,Fintech
22152,Afriex,2020,2015-2024,Active,Surviving,USA,TRUE,55,26-100,FALSE,Payments
22148,Spenmo,2020,2015-2024,Active,Surviving,Singapore,FALSE,200,101-500,FALSE,Fintech
22148,Spenmo,2020,2015-2024,Active,Surviving,Singapore,FALSE,200,101-500,FALSE,Banking and Exchange
22131,Draftwise,2020,2015-2024,Active,Surviving,USA,TRUE,50,26-100,FALSE,B2B
22131,Draftwise,2020,2015-2024,Active,Surviving,USA,TRUE,50,26-100,FALSE,Legal
22126,Mito,2020,2015-2024,Active,Surviving,USA,TRUE,3,1-5,FALSE,B2B
22126,Mito,2020,2015-2024,Active,Surviving,USA,TRUE,3,1-5,FALSE,Analytics
22124,Taktile,2020,2015-2024,Active,Surviving,Germany,FALSE,150,101-500,FALSE,B2B
22108,Ready,2020,2015-2024,Active,Surviving,USA,TRUE,60,26-100,FALSE,B2B
22092,SockSoho,2020,2015-2024,Active,Surviving,USA,TRUE,22,11-25,FALSE,Consumer
22092,SockSoho,2020,2015-2024,Active,Surviving,USA,TRUE,22,11-25,FALSE,Apparel and Cosmetics
22091,Supabase,2020,2015-2024,Active,Surviving,USA,TRUE,120,101-500,FALSE,B2B
22091,Supabase,2020,2015-2024,Active,Surviving,USA,TRUE,120,101-500,FALSE,Infrastructure
22088,CarbonChain,2020,2015-2024,Active,Surviving,United Kingdom,FALSE,16,11-25,FALSE,Industrials
22088,CarbonChain,2020,2015-2024,Active,Surviving,United Kingdom,FALSE,16,11-25,FALSE,Climate
22084,Arketa,2020,2015-2024,Active,Surviving,USA,TRUE,55,26-100,FALSE,B2B
22084,Arketa,2020,2015-2024,Active,Surviving,USA,TRUE,55,26-100,FALSE,Operations
22083,HENRY,2020,2015-2024,Active,Surviving,Argentina,FALSE,100,26-100,FALSE,B2B
22083,HENRY,2020,2015-2024,Active,Surviving,Argentina,FALSE,100,26-100,FALSE,Recruiting and Talent
22082,Laylo,2020,2015-2024,Active,Surviving,USA,TRUE,24,11-25,FALSE,B2B
22082,Laylo,2020,2015-2024,Active,Surviving,USA,TRUE,24,11-25,FALSE,Marketing
22080,Orange Health Labs,2020,2015-2024,Active,Surviving,India,FALSE,1100,500+,FALSE,Healthcare
22080,Orange Health Labs,2020,2015-2024,Active,Surviving,India,FALSE,1100,500+,FALSE,Diagnostics
22079,Formal,2020,2015-2024,Active,Surviving,USA,TRUE,10,6-10,FALSE,B2B
22078,Awtomic,2020,2015-2024,Active,Surviving,USA,TRUE,11,11-25,FALSE,B2B
22078,Awtomic,2020,2015-2024,Active,Surviving,USA,TRUE,11,11-25,FALSE,Retail
22077,Akiflow,2020,2015-2024,Active,Surviving,Italy,FALSE,18,11-25,FALSE,B2B
22077,Akiflow,2020,2015-2024,Active,Surviving,Italy,FALSE,18,11-25,FALSE,Productivity
22076,Dataland,2020,2015-2024,Active,Surviving,USA,TRUE,2,1-5,FALSE,B2B
22076,Dataland,2020,2015-2024,Active,Surviving,USA,TRUE,2,1-5,FALSE,Operations
22075,PANADATA,2020,2015-2024,Active,Surviving,Panama,FALSE,4,1-5,FALSE,Government
22062,Minimum,2020,2015-2024,Active,Surviving,United Kingdom,FALSE,NA,NA,FALSE,Industrials
22062,Minimum,2020,2015-2024,Active,Surviving,United Kingdom,FALSE,NA,NA,FALSE,Climate
22054,Farel,2020,2015-2024,Active,Surviving,USA,TRUE,9,6-10,FALSE,B2B
22054,Farel,2020,2015-2024,Active,Surviving,USA,TRUE,9,6-10,FALSE,Operations
22053,Hotplate,2020,2015-2024,Active,Surviving,USA,TRUE,9,6-10,FALSE,Consumer
22053,Hotplate,2020,2015-2024,Active,Surviving,USA,TRUE,9,6-10,FALSE,Food and Beverage
22048,Scrimba,2020,2015-2024,Active,Surviving,Norway,FALSE,6,6-10,FALSE,Education
22047,TyltGO,2020,2015-2024,Active,Surviving,Canada,FALSE,15,11-25,FALSE,B2B
22047,TyltGO,2020,2015-2024,Active,Surviving,Canada,FALSE,15,11-25,FALSE,Supply Chain and Logistics
22046,Flint,2020,2015-2024,Active,Surviving,USA,TRUE,50,26-100,FALSE,Healthcare
22045,Nephrogen,2020,2015-2024,Active,Surviving,USA,TRUE,1,1-5,FALSE,Healthcare
22045,Nephrogen,2020,2015-2024,Active,Surviving,USA,TRUE,1,1-5,FALSE,Therapeutics
22044,Liyfe,2020,2015-2024,Active,Surviving,USA,TRUE,2,1-5,FALSE,Healthcare
22043,Kingdom,2020,2015-2024,Active,Surviving,USA,TRUE,18,11-25,FALSE,Healthcare
22043,Kingdom,2020,2015-2024,Active,Surviving,USA,TRUE,18,11-25,FALSE,Industrial Bio
22037,Tella,2020,2015-2024,Active,Surviving,Netherlands,FALSE,6,6-10,FALSE,B2B
22037,Tella,2020,2015-2024,Active,Surviving,Netherlands,FALSE,6,6-10,FALSE,Productivity
22026,Mozper,2020,2015-2024,Active,Surviving,Mexico,FALSE,6,6-10,FALSE,Fintech
22026,Mozper,2020,2015-2024,Active,Surviving,Mexico,FALSE,6,6-10,FALSE,Banking and Exchange
22022,Memberstack,2020,2015-2024,Active,Surviving,USA,TRUE,8,6-10,FALSE,Fintech
22022,Memberstack,2020,2015-2024,Active,Surviving,USA,TRUE,8,6-10,FALSE,Payments
22021,Mailwarm,2020,2015-2024,Active,Surviving,France,FALSE,10,6-10,FALSE,B2B
22021,Mailwarm,2020,2015-2024,Active,Surviving,France,FALSE,10,6-10,FALSE,Sales
22004,Notabene,2020,2015-2024,Active,Surviving,USA,TRUE,47,26-100,FALSE,B2B
22004,Notabene,2020,2015-2024,Active,Surviving,USA,TRUE,47,26-100,FALSE,Security
22003,Decentro,2020,2015-2024,Active,Surviving,India,FALSE,60,26-100,FALSE,B2B
22003,Decentro,2020,2015-2024,Active,Surviving,India,FALSE,60,26-100,FALSE,"Engineering, Product and Design"
22002,BIK,2020,2015-2024,Active,Surviving,USA,TRUE,55,26-100,FALSE,B2B
22002,BIK,2020,2015-2024,Active,Surviving,USA,TRUE,55,26-100,FALSE,Retail
21998,WareIQ,2020,2015-2024,Active,Surviving,India,FALSE,50,26-100,FALSE,B2B
21998,WareIQ,2020,2015-2024,Active,Surviving,India,FALSE,50,26-100,FALSE,Supply Chain and Logistics
21992,Nabla Bio,2020,2015-2024,Active,Surviving,USA,TRUE,8,6-10,FALSE,Healthcare
21992,Nabla Bio,2020,2015-2024,Active,Surviving,USA,TRUE,8,6-10,FALSE,Drug Discovery and Delivery
21988,Balance,2020,2015-2024,Active,Surviving,USA,TRUE,70,26-100,FALSE,Fintech
21988,Balance,2020,2015-2024,Active,Surviving,USA,TRUE,70,26-100,FALSE,Payments
21986,Vitable Health,2020,2015-2024,Active,Surviving,USA,TRUE,60,26-100,FALSE,Healthcare
21986,Vitable Health,2020,2015-2024,Active,Surviving,USA,TRUE,60,26-100,FALSE,Healthcare Services
21979,Statiq.,2020,2015-2024,Active,Surviving,India,FALSE,200,101-500,FALSE,Industrials
21979,Statiq.,2020,2015-2024,Active,Surviving,India,FALSE,200,101-500,FALSE,Energy
21969,Nextera Robotics,2020,2015-2024,Active,Surviving,USA,TRUE,20,11-25,FALSE,Industrials
21969,Nextera Robotics,2020,2015-2024,Active,Surviving,USA,TRUE,20,11-25,FALSE,Manufacturing and Robotics
21963,Justo,2020,2015-2024,Active,Surviving,Chile,FALSE,190,101-500,FALSE,B2B
21963,Justo,2020,2015-2024,Active,Surviving,Chile,FALSE,190,101-500,FALSE,Supply Chain and Logistics
21962,Hellometer,2020,2015-2024,Active,Surviving,USA,TRUE,2,1-5,FALSE,B2B
21962,Hellometer,2020,2015-2024,Active,Surviving,USA,TRUE,2,1-5,FALSE,Retail
21959,Stacker,2020,2015-2024,Active,Surviving,United Kingdom,FALSE,7,6-10,FALSE,B2B
21959,Stacker,2020,2015-2024,Active,Surviving,United Kingdom,FALSE,7,6-10,FALSE,Productivity
21958,Tappity,2020,2015-2024,Active,Surviving,USA,TRUE,4,1-5,FALSE,Consumer
21958,Tappity,2020,2015-2024,Active,Surviving,USA,TRUE,4,1-5,FALSE,Content
21950,Yotta,2020,2015-2024,Active,Surviving,USA,TRUE,8,6-10,FALSE,Fintech
21950,Yotta,2020,2015-2024,Active,Surviving,USA,TRUE,8,6-10,FALSE,Consumer Finance
21949,Mesh,2020,2015-2024,Active,Surviving,USA,TRUE,50,26-100,FALSE,B2B
21949,Mesh,2020,2015-2024,Active,Surviving,USA,TRUE,50,26-100,FALSE,Human Resources
21947,Daybreak Health,2020,2015-2024,Active,Surviving,USA,TRUE,20,11-25,FALSE,Healthcare
21947,Daybreak Health,2020,2015-2024,Active,Surviving,USA,TRUE,20,11-25,FALSE,Consumer Health and Wellness
21930,Osmind,2020,2015-2024,Active,Surviving,USA,TRUE,55,26-100,FALSE,Healthcare
21930,Osmind,2020,2015-2024,Active,Surviving,USA,TRUE,55,26-100,FALSE,Healthcare IT
21916,MarketForce,2020,2015-2024,Active,Surviving,Kenya,FALSE,400,101-500,FALSE,B2B
21916,MarketForce,2020,2015-2024,Active,Surviving,Kenya,FALSE,400,101-500,FALSE,Retail
21915,Atomic,2020,2015-2024,Active,Surviving,USA,TRUE,25,11-25,FALSE,B2B
21915,Atomic,2020,2015-2024,Active,Surviving,USA,TRUE,25,11-25,FALSE,Retail
21914,Bits,2020,2015-2024,Active,Surviving,United Kingdom,FALSE,15,11-25,FALSE,Fintech
21914,Bits,2020,2015-2024,Active,Surviving,United Kingdom,FALSE,15,11-25,FALSE,Consumer Finance
21909,Seal,2020,2015-2024,Active,Surviving,United Kingdom,FALSE,22,11-25,FALSE,B2B
21909,Seal,2020,2015-2024,Active,Surviving,United Kingdom,FALSE,22,11-25,FALSE,Operations
21903,doola,2020,2015-2024,Active,Surviving,USA,TRUE,43,26-100,FALSE,B2B
21903,doola,2020,2015-2024,Active,Surviving,USA,TRUE,43,26-100,FALSE,Productivity
21902,Blissway,2020,2015-2024,Active,Surviving,USA,TRUE,22,11-25,FALSE,Government
21898,Cradle,2020,2015-2024,Active,Surviving,India,FALSE,2,1-5,FALSE,B2B
21898,Cradle,2020,2015-2024,Active,Surviving,India,FALSE,2,1-5,FALSE,Retail
21897,Arist,2020,2015-2024,Active,Surviving,USA,TRUE,23,11-25,FALSE,B2B
21885,Swif.ai,2020,2015-2024,Active,Surviving,USA,TRUE,20,11-25,FALSE,B2B
21885,Swif.ai,2020,2015-2024,Active,Surviving,USA,TRUE,20,11-25,FALSE,Security
21883,Speedscale,2020,2015-2024,Active,Surviving,USA,TRUE,8,6-10,FALSE,B2B
21883,Speedscale,2020,2015-2024,Active,Surviving,USA,TRUE,8,6-10,FALSE,Infrastructure
21882,CoreCare,2020,2015-2024,Active,Surviving,USA,TRUE,11,11-25,FALSE,Healthcare
21882,CoreCare,2020,2015-2024,Active,Surviving,USA,TRUE,11,11-25,FALSE,Healthcare IT
21881,Kernal Biologics,2020,2015-2024,Active,Surviving,USA,TRUE,20,11-25,FALSE,Healthcare
21881,Kernal Biologics,2020,2015-2024,Active,Surviving,USA,TRUE,20,11-25,FALSE,Therapeutics
21864,Farmako Healthcare,2020,2015-2024,Active,Surviving,India,FALSE,40,26-100,FALSE,Healthcare
21864,Farmako Healthcare,2020,2015-2024,Active,Surviving,India,FALSE,40,26-100,FALSE,Healthcare IT
21863,BukuWarung,2020,2015-2024,Active,Surviving,Indonesia,FALSE,250,101-500,FALSE,Fintech
21863,BukuWarung,2020,2015-2024,Active,Surviving,Indonesia,FALSE,250,101-500,FALSE,Payments
21860,Synapticure,2020,2015-2024,Active,Surviving,USA,TRUE,115,101-500,FALSE,Healthcare
21860,Synapticure,2020,2015-2024,Active,Surviving,USA,TRUE,115,101-500,FALSE,Healthcare Services
21857,Hypotenuse AI,2020,2015-2024,Active,Surviving,USA,TRUE,15,11-25,FALSE,B2B
21847,PowerUs,2020,2015-2024,Active,Surviving,Germany,FALSE,80,26-100,FALSE,Consumer
21847,PowerUs,2020,2015-2024,Active,Surviving,Germany,FALSE,80,26-100,FALSE,Job and Career Services
21831,Pave,2020,2015-2024,Active,Surviving,USA,TRUE,170,101-500,FALSE,B2B
21831,Pave,2020,2015-2024,Active,Surviving,USA,TRUE,170,101-500,FALSE,Recruiting and Talent
21829,Novel,2020,2015-2024,Active,Surviving,USA,TRUE,15,11-25,FALSE,Fintech
21829,Novel,2020,2015-2024,Active,Surviving,USA,TRUE,15,11-25,FALSE,Banking and Exchange
21828,Explorex,2020,2015-2024,Active,Surviving,India,FALSE,25,11-25,FALSE,Consumer
21817,Volopay,2020,2015-2024,Active,Surviving,Singapore,FALSE,11,11-25,FALSE,Fintech
21817,Volopay,2020,2015-2024,Active,Surviving,Singapore,FALSE,11,11-25,FALSE,Payments
21816,VenoStent,2020,2015-2024,Active,Surviving,USA,TRUE,17,11-25,FALSE,Healthcare
21816,VenoStent,2020,2015-2024,Active,Surviving,USA,TRUE,17,11-25,FALSE,Medical Devices
21812,Safepay,2020,2015-2024,Active,Surviving,USA,TRUE,4,1-5,FALSE,Fintech
21812,Safepay,2020,2015-2024,Active,Surviving,USA,TRUE,4,1-5,FALSE,Payments
21800,Seam,2020,2015-2024,Active,Surviving,USA,TRUE,25,11-25,FALSE,B2B
21800,Seam,2020,2015-2024,Active,Surviving,USA,TRUE,25,11-25,FALSE,"Engineering, Product and Design"
21799,Conta Simples,2020,2015-2024,Active,Surviving,Brazil,FALSE,130,101-500,FALSE,Fintech
21799,Conta Simples,2020,2015-2024,Active,Surviving,Brazil,FALSE,130,101-500,FALSE,Banking and Exchange
21795,QuestDB,2020,2015-2024,Active,Surviving,United Kingdom,FALSE,30,26-100,FALSE,B2B
21795,QuestDB,2020,2015-2024,Active,Surviving,United Kingdom,FALSE,30,26-100,FALSE,Infrastructure
21794,Shuttle,2020,2015-2024,Active,Surviving,United Kingdom,FALSE,12,11-25,FALSE,B2B
21794,Shuttle,2020,2015-2024,Active,Surviving,United Kingdom,FALSE,12,11-25,FALSE,Infrastructure
21791,AtoB,2020,2015-2024,Active,Surviving,USA,TRUE,75,26-100,FALSE,Fintech
21790,Dripos,2020,2015-2024,Active,Surviving,USA,TRUE,35,26-100,FALSE,Fintech
21790,Dripos,2020,2015-2024,Active,Surviving,USA,TRUE,35,26-100,FALSE,Payments
21788,"Zitara Technologies, Inc.",2020,2015-2024,Active,Surviving,USA,TRUE,33,26-100,FALSE,Industrials
21788,"Zitara Technologies, Inc.",2020,2015-2024,Active,Surviving,USA,TRUE,33,26-100,FALSE,Energy
21784,Blue Onion,2020,2015-2024,Active,Surviving,USA,TRUE,27,26-100,FALSE,B2B
21784,Blue Onion,2020,2015-2024,Active,Surviving,USA,TRUE,27,26-100,FALSE,Finance and Accounting
21782,Lightdash,2020,2015-2024,Active,Surviving,United Kingdom,FALSE,23,11-25,FALSE,B2B
21782,Lightdash,2020,2015-2024,Active,Surviving,United Kingdom,FALSE,23,11-25,FALSE,Analytics
21781,Datafold,2020,2015-2024,Active,Surviving,USA,TRUE,30,26-100,FALSE,B2B
21781,Datafold,2020,2015-2024,Active,Surviving,USA,TRUE,30,26-100,FALSE,Analytics
21777,Depict,2020,2015-2024,Active,Surviving,Sweden,FALSE,32,26-100,FALSE,B2B
21777,Depict,2020,2015-2024,Active,Surviving,Sweden,FALSE,32,26-100,FALSE,Marketing
21772,inFeedo AI,2020,2015-2024,Active,Surviving,USA,TRUE,150,101-500,FALSE,B2B
21772,inFeedo AI,2020,2015-2024,Active,Surviving,USA,TRUE,150,101-500,FALSE,Human Resources
21770,SuperTokens,2020,2015-2024,Active,Surviving,USA,TRUE,10,6-10,FALSE,B2B
21770,SuperTokens,2020,2015-2024,Active,Surviving,USA,TRUE,10,6-10,FALSE,Security
21769,Roboflow,2020,2015-2024,Active,Surviving,USA,TRUE,100,26-100,FALSE,B2B
21769,Roboflow,2020,2015-2024,Active,Surviving,USA,TRUE,100,26-100,FALSE,"Engineering, Product and Design"
21768,Jeeves,2020,2015-2024,Active,Surviving,USA,TRUE,NA,NA,FALSE,Fintech
21766,Luminai,2020,2015-2024,Active,Surviving,USA,TRUE,31,26-100,FALSE,B2B
21766,Luminai,2020,2015-2024,Active,Surviving,USA,TRUE,31,26-100,FALSE,"Engineering, Product and Design"
21727,Increase,2020,2015-2024,Active,Surviving,,FALSE,15,11-25,FALSE,Fintech
21727,Increase,2020,2015-2024,Active,Surviving,,FALSE,15,11-25,FALSE,Banking and Exchange
21720,Zip,2020,2015-2024,Active,Surviving,USA,TRUE,500,101-500,FALSE,B2B
21720,Zip,2020,2015-2024,Active,Surviving,USA,TRUE,500,101-500,FALSE,Operations
19932,Jitsu,2020,2015-2024,Active,Surviving,USA,TRUE,4,1-5,FALSE,B2B
19932,Jitsu,2020,2015-2024,Active,Surviving,USA,TRUE,4,1-5,FALSE,Analytics
19890,Ukama,2020,2015-2024,Active,Surviving,USA,TRUE,7,6-10,FALSE,B2B
13481,Thndr,2020,2015-2024,Active,Surviving,Egypt,FALSE,235,101-500,FALSE,Fintech
13413,adyn,2020,2015-2024,Active,Surviving,USA,TRUE,7,6-10,FALSE,Healthcare
13413,adyn,2020,2015-2024,Active,Surviving,USA,TRUE,7,6-10,FALSE,Consumer Health and Wellness
13338,twoplus fertility,2020,2015-2024,Active,Surviving,Singapore,FALSE,18,11-25,FALSE,Healthcare
13338,twoplus fertility,2020,2015-2024,Active,Surviving,Singapore,FALSE,18,11-25,FALSE,Consumer Health and Wellness
13330,Recurrency,2020,2015-2024,Active,Surviving,USA,TRUE,50,26-100,FALSE,B2B
13330,Recurrency,2020,2015-2024,Active,Surviving,USA,TRUE,50,26-100,FALSE,Sales
13307,Photoroom,2020,2015-2024,Active,Surviving,France,FALSE,100,26-100,FALSE,Consumer
13307,Photoroom,2020,2015-2024,Active,Surviving,France,FALSE,100,26-100,FALSE,Content
13235,Response,2020,2015-2024,Active,Surviving,USA,TRUE,8,6-10,FALSE,B2B
13235,Response,2020,2015-2024,Active,Surviving,USA,TRUE,8,6-10,FALSE,Supply Chain and Logistics
13230,Salesform,2020,2015-2024,Active,Surviving,USA,TRUE,6,6-10,FALSE,B2B
13230,Salesform,2020,2015-2024,Active,Surviving,USA,TRUE,6,6-10,FALSE,Sales
13150,Basedash,2020,2015-2024,Active,Surviving,Canada,FALSE,6,6-10,FALSE,B2B
13150,Basedash,2020,2015-2024,Active,Surviving,Canada,FALSE,6,6-10,FALSE,Analytics
13091,Porter,2020,2015-2024,Active,Surviving,USA,TRUE,18,11-25,FALSE,B2B
13091,Porter,2020,2015-2024,Active,Surviving,USA,TRUE,18,11-25,FALSE,Infrastructure
22353,Brevy,2020,2015-2024,Acquired,Successful,NA,FALSE,8,6-10,FALSE,B2B
22353,Brevy,2020,2015-2024,Acquired,Successful,NA,FALSE,8,6-10,FALSE,Marketing
22269,Hellosaurus,2020,2015-2024,Acquired,Successful,USA,TRUE,25,11-25,FALSE,Consumer
22269,Hellosaurus,2020,2015-2024,Acquired,Successful,USA,TRUE,25,11-25,FALSE,Content
22260,Clover,2020,2015-2024,Acquired,Successful,USA,TRUE,2,1-5,FALSE,B2B
22260,Clover,2020,2015-2024,Acquired,Successful,USA,TRUE,2,1-5,FALSE,Productivity
22252,Reflect,2020,2015-2024,Acquired,Successful,USA,TRUE,6,6-10,FALSE,B2B
22252,Reflect,2020,2015-2024,Acquired,Successful,USA,TRUE,6,6-10,FALSE,"Engineering, Product and Design"
22250,Riogrande,2020,2015-2024,Acquired,Successful,Mexico,FALSE,NA,NA,FALSE,Consumer
22250,Riogrande,2020,2015-2024,Acquired,Successful,Mexico,FALSE,NA,NA,FALSE,Food and Beverage
22238,Nestybox,2020,2015-2024,Acquired,Successful,USA,TRUE,2,1-5,FALSE,B2B
22238,Nestybox,2020,2015-2024,Acquired,Successful,USA,TRUE,2,1-5,FALSE,Infrastructure
22228,Fancy,2020,2015-2024,Acquired,Successful,London,FALSE,50,26-100,FALSE,Consumer
22228,Fancy,2020,2015-2024,Acquired,Successful,London,FALSE,50,26-100,FALSE,Food and Beverage
22141,SafeBase,2020,2015-2024,Acquired,Successful,USA,TRUE,60,26-100,FALSE,B2B
22141,SafeBase,2020,2015-2024,Acquired,Successful,USA,TRUE,60,26-100,FALSE,Security
22101,Together Video Chat,2020,2015-2024,Acquired,Successful,Spain,FALSE,1,1-5,FALSE,Consumer
22101,Together Video Chat,2020,2015-2024,Acquired,Successful,Spain,FALSE,1,1-5,FALSE,Home and Personal
22063,Cohere,2020,2015-2024,Acquired,Successful,USA,TRUE,7,6-10,FALSE,B2B
22063,Cohere,2020,2015-2024,Acquired,Successful,USA,TRUE,7,6-10,FALSE,Operations
22055,Drapr,2020,2015-2024,Acquired,Successful,USA,TRUE,7,6-10,FALSE,Consumer
22055,Drapr,2020,2015-2024,Acquired,Successful,USA,TRUE,7,6-10,FALSE,Home and Personal
22050,Skio,2020,2015-2024,Acquired,Successful,USA,TRUE,70,26-100,FALSE,B2B
22050,Skio,2020,2015-2024,Acquired,Successful,USA,TRUE,70,26-100,FALSE,Marketing
22042,Sameplan,2020,2015-2024,Acquired,Successful,USA,TRUE,3,1-5,FALSE,B2B
22042,Sameplan,2020,2015-2024,Acquired,Successful,USA,TRUE,3,1-5,FALSE,Sales
22008,Aquarium Learning,2020,2015-2024,Acquired,Successful,USA,TRUE,12,11-25,FALSE,B2B
22008,Aquarium Learning,2020,2015-2024,Acquired,Successful,USA,TRUE,12,11-25,FALSE,Infrastructure
21997,Clew,2020,2015-2024,Acquired,Successful,Canada,FALSE,2,1-5,FALSE,B2B
21997,Clew,2020,2015-2024,Acquired,Successful,Canada,FALSE,2,1-5,FALSE,Infrastructure
21996,Plerk,2020,2015-2024,Acquired,Successful,Mexico,FALSE,28,26-100,FALSE,B2B
21996,Plerk,2020,2015-2024,Acquired,Successful,Mexico,FALSE,28,26-100,FALSE,Operations
21957,KeyDB,2020,2015-2024,Acquired,Successful,Canada,FALSE,2,1-5,FALSE,B2B
21957,KeyDB,2020,2015-2024,Acquired,Successful,Canada,FALSE,2,1-5,FALSE,Infrastructure
21932,Biocogniv,2020,2015-2024,Acquired,Successful,USA,TRUE,6,6-10,FALSE,Healthcare
21917,Vectrix,2020,2015-2024,Acquired,Successful,USA,TRUE,7,6-10,FALSE,B2B
21917,Vectrix,2020,2015-2024,Acquired,Successful,USA,TRUE,7,6-10,FALSE,Security
21906,webapp.io,2020,2015-2024,Acquired,Successful,Canada,FALSE,4,1-5,FALSE,B2B
21906,webapp.io,2020,2015-2024,Acquired,Successful,Canada,FALSE,4,1-5,FALSE,"Engineering, Product and Design"
21901,Workbase,2020,2015-2024,Acquired,Successful,USA,TRUE,NA,NA,FALSE,B2B
21901,Workbase,2020,2015-2024,Acquired,Successful,USA,TRUE,NA,NA,FALSE,Productivity
21900,Omni,2020,2015-2024,Acquired,Successful,USA,TRUE,5,1-5,FALSE,B2B
21900,Omni,2020,2015-2024,Acquired,Successful,USA,TRUE,5,1-5,FALSE,Productivity
21894,Humanloop,2020,2015-2024,Acquired,Successful,USA,TRUE,14,11-25,FALSE,B2B
21894,Humanloop,2020,2015-2024,Acquired,Successful,USA,TRUE,14,11-25,FALSE,"Engineering, Product and Design"
21862,Dialect,2020,2015-2024,Acquired,Successful,USA,TRUE,8,6-10,FALSE,B2B
21856,Charityvest,2020,2015-2024,Acquired,Successful,USA,TRUE,9,6-10,FALSE,Fintech
21856,Charityvest,2020,2015-2024,Acquired,Successful,USA,TRUE,9,6-10,FALSE,Payments
21852,Known Medicine,2020,2015-2024,Acquired,Successful,USA,TRUE,17,11-25,FALSE,Healthcare
21839,Current Foods,2020,2015-2024,Acquired,Successful,USA,TRUE,18,11-25,FALSE,Healthcare
21839,Current Foods,2020,2015-2024,Acquired,Successful,USA,TRUE,18,11-25,FALSE,Industrial Bio
21827,Strive School,2020,2015-2024,Acquired,Successful,Germany,FALSE,5,1-5,FALSE,Education
21811,Hypermile,2020,2015-2024,Acquired,Successful,United Kingdom,FALSE,11,11-25,FALSE,B2B
21811,Hypermile,2020,2015-2024,Acquired,Successful,United Kingdom,FALSE,11,11-25,FALSE,"Engineering, Product and Design"
21793,Finmark,2020,2015-2024,Acquired,Successful,USA,TRUE,14,11-25,FALSE,B2B
21793,Finmark,2020,2015-2024,Acquired,Successful,USA,TRUE,14,11-25,FALSE,Finance and Accounting
21789,Gather,2020,2015-2024,Acquired,Successful,USA,TRUE,6,6-10,FALSE,B2B
21789,Gather,2020,2015-2024,Acquired,Successful,USA,TRUE,6,6-10,FALSE,Human Resources
21787,Momence,2020,2015-2024,Acquired,Successful,USA,TRUE,75,26-100,FALSE,Consumer
21787,Momence,2020,2015-2024,Acquired,Successful,USA,TRUE,75,26-100,FALSE,"Travel, Leisure and Tourism"
21771,Bandit ML,2020,2015-2024,Acquired,Successful,USA,TRUE,4,1-5,FALSE,B2B
21767,Command AI,2020,2015-2024,Acquired,Successful,USA,TRUE,35,26-100,FALSE,B2B
21767,Command AI,2020,2015-2024,Acquired,Successful,USA,TRUE,35,26-100,FALSE,"Engineering, Product and Design"
21737,LSK Technologies,2020,2015-2024,Acquired,Successful,Canada,FALSE,2,1-5,FALSE,Healthcare
21737,LSK Technologies,2020,2015-2024,Acquired,Successful,Canada,FALSE,2,1-5,FALSE,Diagnostics
19925,Jemi,2020,2015-2024,Acquired,Successful,USA,TRUE,3,1-5,FALSE,Consumer
19925,Jemi,2020,2015-2024,Acquired,Successful,USA,TRUE,3,1-5,FALSE,Social
19888,Altro,2020,2015-2024,Acquired,Successful,USA,TRUE,29,26-100,FALSE,Fintech
19888,Altro,2020,2015-2024,Acquired,Successful,USA,TRUE,29,26-100,FALSE,Consumer Finance
13163,Fig,2020,2015-2024,Acquired,Successful,USA,TRUE,5,1-5,FALSE,B2B
13163,Fig,2020,2015-2024,Acquired,Successful,USA,TRUE,5,1-5,FALSE,"Engineering, Product and Design"
13090,Ladder,2020,2015-2024,Acquired,Successful,USA,TRUE,1,1-5,FALSE,Real Estate and Construction
13090,Ladder,2020,2015-2024,Acquired,Successful,USA,TRUE,1,1-5,FALSE,Construction
22323,CapWay,2020,2015-2024,Inactive,Failed,USA,TRUE,9,6-10,FALSE,Fintech
22323,CapWay,2020,2015-2024,Inactive,Failed,USA,TRUE,9,6-10,FALSE,Consumer Finance
22307,Atmos,2020,2015-2024,Inactive,Failed,USA,TRUE,30,26-100,FALSE,Real Estate and Construction
22307,Atmos,2020,2015-2024,Inactive,Failed,USA,TRUE,30,26-100,FALSE,Housing and Real Estate
22301,Quell,2020,2015-2024,Inactive,Failed,United Kingdom,FALSE,40,26-100,FALSE,Consumer
22301,Quell,2020,2015-2024,Inactive,Failed,United Kingdom,FALSE,40,26-100,FALSE,Consumer Electronics
22268,Parade,2020,2015-2024,Inactive,Failed,USA,TRUE,5,1-5,FALSE,B2B
22268,Parade,2020,2015-2024,Inactive,Failed,USA,TRUE,5,1-5,FALSE,Productivity
22256,Sonar,2020,2015-2024,Inactive,Failed,USA,TRUE,4,1-5,FALSE,Consumer
22256,Sonar,2020,2015-2024,Inactive,Failed,USA,TRUE,4,1-5,FALSE,Social
22251,Nextstore,2020,2015-2024,Inactive,Failed,France,FALSE,6,6-10,FALSE,B2B
22251,Nextstore,2020,2015-2024,Inactive,Failed,France,FALSE,6,6-10,FALSE,Marketing
22249,Artifact,2020,2015-2024,Inactive,Failed,USA,TRUE,10,6-10,FALSE,Consumer
22249,Artifact,2020,2015-2024,Inactive,Failed,USA,TRUE,10,6-10,FALSE,Content
22246,Byte,2020,2015-2024,Inactive,Failed,Pakistan,FALSE,30,26-100,FALSE,Consumer
22246,Byte,2020,2015-2024,Inactive,Failed,Pakistan,FALSE,30,26-100,FALSE,Food and Beverage
22205,MilkRun,2020,2015-2024,Inactive,Failed,USA,TRUE,38,26-100,FALSE,Consumer
22205,MilkRun,2020,2015-2024,Inactive,Failed,USA,TRUE,38,26-100,FALSE,Food and Beverage
22195,Lume,2020,2015-2024,Inactive,Failed,USA,TRUE,NA,NA,FALSE,Healthcare
22151,AI.Fashion,2020,2015-2024,Inactive,Failed,USA,TRUE,11,11-25,FALSE,B2B
22151,AI.Fashion,2020,2015-2024,Inactive,Failed,USA,TRUE,11,11-25,FALSE,Marketing
22106,Letter,2020,2015-2024,Inactive,Failed,USA,TRUE,9,6-10,FALSE,Fintech
22106,Letter,2020,2015-2024,Inactive,Failed,USA,TRUE,9,6-10,FALSE,Banking and Exchange
22052,OneKey,2020,2015-2024,Inactive,Failed,France,FALSE,3,1-5,FALSE,Fintech
22052,OneKey,2020,2015-2024,Inactive,Failed,France,FALSE,3,1-5,FALSE,Consumer Finance
22049,Virtually,2020,2015-2024,Inactive,Failed,USA,TRUE,5,1-5,FALSE,B2B
22033,Memo,2020,2015-2024,Inactive,Failed,United Kingdom,FALSE,2,1-5,FALSE,B2B
22033,Memo,2020,2015-2024,Inactive,Failed,United Kingdom,FALSE,2,1-5,FALSE,"Engineering, Product and Design"
22032,Intelligent,2020,2015-2024,Inactive,Failed,USA,TRUE,4,1-5,FALSE,B2B
22032,Intelligent,2020,2015-2024,Inactive,Failed,USA,TRUE,4,1-5,FALSE,Sales
22007,Jam.gg (formerly Piepacker),2020,2015-2024,Inactive,Failed,USA,TRUE,0,NA,FALSE,Consumer
22007,Jam.gg (formerly Piepacker),2020,2015-2024,Inactive,Failed,USA,TRUE,0,NA,FALSE,Gaming
22001,Tydo,2020,2015-2024,Inactive,Failed,USA,TRUE,14,11-25,FALSE,B2B
22001,Tydo,2020,2015-2024,Inactive,Failed,USA,TRUE,14,11-25,FALSE,Analytics
21999,In Stock,2020,2015-2024,Inactive,Failed,USA,TRUE,2,1-5,FALSE,B2B
21999,In Stock,2020,2015-2024,Inactive,Failed,USA,TRUE,2,1-5,FALSE,Retail
21993,Hyper Online,2020,2015-2024,Inactive,Failed,USA,TRUE,7,6-10,FALSE,Consumer
21993,Hyper Online,2020,2015-2024,Inactive,Failed,USA,TRUE,7,6-10,FALSE,Social
21985,Streamdal,2020,2015-2024,Inactive,Failed,USA,TRUE,9,6-10,FALSE,B2B
21985,Streamdal,2020,2015-2024,Inactive,Failed,USA,TRUE,9,6-10,FALSE,Infrastructure
21984,Oico,2020,2015-2024,Inactive,Failed,Brazil,FALSE,35,26-100,FALSE,B2B
21984,Oico,2020,2015-2024,Inactive,Failed,Brazil,FALSE,35,26-100,FALSE,Operations
21956,buildspace,2020,2015-2024,Inactive,Failed,USA,TRUE,5,1-5,FALSE,Education
21899,ClearMix,2020,2015-2024,Inactive,Failed,USA,TRUE,7,6-10,FALSE,B2B
21899,ClearMix,2020,2015-2024,Inactive,Failed,USA,TRUE,7,6-10,FALSE,Marketing
21896,TANGObuilder,2020,2015-2024,Inactive,Failed,USA,TRUE,9,6-10,FALSE,Real Estate and Construction
21896,TANGObuilder,2020,2015-2024,Inactive,Failed,USA,TRUE,9,6-10,FALSE,Construction
21895,Foreword,2020,2015-2024,Inactive,Failed,USA,TRUE,2,1-5,FALSE,Education
21858,Monosi,2020,2015-2024,Inactive,Failed,USA,TRUE,2,1-5,FALSE,B2B
21858,Monosi,2020,2015-2024,Inactive,Failed,USA,TRUE,2,1-5,FALSE,"Engineering, Product and Design"
21855,Atomized,2020,2015-2024,Inactive,Failed,USA,TRUE,3,1-5,FALSE,B2B
21855,Atomized,2020,2015-2024,Inactive,Failed,USA,TRUE,3,1-5,FALSE,Infrastructure
21848,Duckly,2020,2015-2024,Inactive,Failed,USA,TRUE,5,1-5,FALSE,B2B
21848,Duckly,2020,2015-2024,Inactive,Failed,USA,TRUE,5,1-5,FALSE,"Engineering, Product and Design"
21815,Jeevam Health,2020,2015-2024,Inactive,Failed,India,FALSE,25,11-25,FALSE,Healthcare
21815,Jeevam Health,2020,2015-2024,Inactive,Failed,India,FALSE,25,11-25,FALSE,Consumer Health and Wellness
21814,Queue,2020,2015-2024,Inactive,Failed,USA,TRUE,5,1-5,FALSE,B2B
21814,Queue,2020,2015-2024,Inactive,Failed,USA,TRUE,5,1-5,FALSE,"Engineering, Product and Design"
21813,Nototo,2020,2015-2024,Inactive,Failed,Canada,FALSE,3,1-5,FALSE,B2B
21813,Nototo,2020,2015-2024,Inactive,Failed,Canada,FALSE,3,1-5,FALSE,Productivity
21810,RTCanary,2020,2015-2024,Inactive,Failed,USA,TRUE,0,NA,FALSE,Consumer
21810,RTCanary,2020,2015-2024,Inactive,Failed,USA,TRUE,0,NA,FALSE,Virtual and Augmented Reality
21805,Bento,2020,2015-2024,Inactive,Failed,USA,TRUE,NA,NA,FALSE,B2B
21805,Bento,2020,2015-2024,Inactive,Failed,USA,TRUE,NA,NA,FALSE,Productivity
21802,Rume,2020,2015-2024,Inactive,Failed,USA,TRUE,3,1-5,FALSE,Consumer
21802,Rume,2020,2015-2024,Inactive,Failed,USA,TRUE,3,1-5,FALSE,Social
21733,Metamanagement,2020,2015-2024,Inactive,Failed,USA,TRUE,1,1-5,FALSE,B2B
21733,Metamanagement,2020,2015-2024,Inactive,Failed,USA,TRUE,1,1-5,FALSE,Infrastructure
13732,Reploy,2020,2015-2024,Inactive,Failed,USA,TRUE,4,1-5,FALSE,B2B
13732,Reploy,2020,2015-2024,Inactive,Failed,USA,TRUE,4,1-5,FALSE,Infrastructure
13435,Overfit,2020,2015-2024,Inactive,Failed,USA,TRUE,4,1-5,FALSE,Healthcare
13435,Overfit,2020,2015-2024,Inactive,Failed,USA,TRUE,4,1-5,FALSE,Consumer Health and Wellness
13306,Trident Bioscience,2020,2015-2024,Inactive,Failed,USA,TRUE,1,1-5,FALSE,Healthcare
13306,Trident Bioscience,2020,2015-2024,Inactive,Failed,USA,TRUE,1,1-5,FALSE,Drug Discovery and Delivery
13173,Racer,2020,2015-2024,Inactive,Failed,USA,TRUE,7,6-10,FALSE,Consumer
13173,Racer,2020,2015-2024,Inactive,Failed,USA,TRUE,7,6-10,FALSE,Food and Beverage
13159,Openbase,2020,2015-2024,Inactive,Failed,USA,TRUE,0,NA,FALSE,B2B
13159,Openbase,2020,2015-2024,Inactive,Failed,USA,TRUE,0,NA,FALSE,"Engineering, Product and Design"
13089,Unfaze AI,2020,2015-2024,Inactive,Failed,USA,TRUE,7,6-10,FALSE,B2B
31311,Cardinal,2026,NA,Active,Surviving,USA,TRUE,0,NA,FALSE,B2B
31307,Wideframe,2026,NA,Active,Surviving,,FALSE,2,1-5,FALSE,B2B
31306,Martini,2026,NA,Active,Surviving,,FALSE,2,1-5,FALSE,B2B
31306,Martini,2026,NA,Active,Surviving,,FALSE,2,1-5,FALSE,"Engineering, Product and Design"
31303,Condor Energy,2026,NA,Active,Surviving,,FALSE,3,1-5,FALSE,Industrials
31303,Condor Energy,2026,NA,Active,Surviving,,FALSE,3,1-5,FALSE,Energy
31302,Remix,2026,NA,Active,Surviving,USA,TRUE,0,NA,FALSE,Consumer
31300,Shofo,2026,NA,Active,Surviving,USA,TRUE,4,1-5,FALSE,B2B
31300,Shofo,2026,NA,Active,Surviving,USA,TRUE,4,1-5,FALSE,Infrastructure
31299,Wayco,2026,NA,Active,Surviving,,FALSE,1,1-5,FALSE,B2B
31299,Wayco,2026,NA,Active,Surviving,,FALSE,1,1-5,FALSE,Infrastructure
31296,Unifold,2026,NA,Active,Surviving,,FALSE,3,1-5,FALSE,Fintech
31296,Unifold,2026,NA,Active,Surviving,,FALSE,3,1-5,FALSE,Payments
31295,Carrot Labs,2026,NA,Active,Surviving,USA,TRUE,2,1-5,FALSE,B2B
31292,Aurorin CAD,2026,NA,Active,Surviving,USA,TRUE,1,1-5,FALSE,B2B
31292,Aurorin CAD,2026,NA,Active,Surviving,USA,TRUE,1,1-5,FALSE,"Engineering, Product and Design"
31289,Fixture,2026,NA,Active,Surviving,,FALSE,5,1-5,FALSE,B2B
31289,Fixture,2026,NA,Active,Surviving,,FALSE,5,1-5,FALSE,Sales
31287,DAIVIN!,2026,NA,Active,Surviving,,FALSE,1,1-5,FALSE,Industrials
31287,DAIVIN!,2026,NA,Active,Surviving,,FALSE,1,1-5,FALSE,Defense
31285,GrazeMate,2026,NA,Active,Surviving,Australia,FALSE,3,1-5,FALSE,Industrials
31285,GrazeMate,2026,NA,Active,Surviving,Australia,FALSE,3,1-5,FALSE,Agriculture
31284,Origami Robotics,2026,NA,Active,Surviving,USA,TRUE,5,1-5,FALSE,Industrials
31283,Librar Labs,2026,NA,Active,Surviving,USA,TRUE,3,1-5,FALSE,B2B
31283,Librar Labs,2026,NA,Active,Surviving,USA,TRUE,3,1-5,FALSE,Infrastructure
31280,Rubric AI,2026,NA,Active,Surviving,,FALSE,2,1-5,FALSE,B2B
31278,Zymbly,2026,NA,Active,Surviving,,FALSE,3,1-5,FALSE,B2B
31276,Ritivel,2026,NA,Active,Surviving,USA,TRUE,3,1-5,FALSE,Healthcare
31276,Ritivel,2026,NA,Active,Surviving,USA,TRUE,3,1-5,FALSE,Healthcare IT
31275,Polymorph,2026,NA,Active,Surviving,,FALSE,3,1-5,FALSE,B2B
31274,Pollinate,2026,NA,Active,Surviving,,FALSE,2,1-5,FALSE,B2B
31274,Pollinate,2026,NA,Active,Surviving,,FALSE,2,1-5,FALSE,Supply Chain and Logistics
31273,SpotPay,2026,NA,Active,Surviving,,FALSE,2,1-5,FALSE,Fintech
31273,SpotPay,2026,NA,Active,Surviving,,FALSE,2,1-5,FALSE,Consumer Finance
31271,VOYGR,2026,NA,Active,Surviving,,FALSE,NA,NA,FALSE,B2B
31269,MochaCare,2026,NA,Active,Surviving,,FALSE,2,1-5,FALSE,B2B
31269,MochaCare,2026,NA,Active,Surviving,,FALSE,2,1-5,FALSE,Operations
31264,Vela,2026,NA,Active,Surviving,,FALSE,4,1-5,FALSE,B2B
31263,Veriad,2026,NA,Active,Surviving,,FALSE,2,1-5,FALSE,B2B
31262,Talking Computers,2026,NA,Active,Surviving,,FALSE,2,1-5,FALSE,B2B
31260,Copperlane,2026,NA,Active,Surviving,USA,TRUE,2,1-5,FALSE,B2B
31260,Copperlane,2026,NA,Active,Surviving,USA,TRUE,2,1-5,FALSE,Finance and Accounting
31256,Canary,2026,NA,Active,Surviving,USA,TRUE,2,1-5,FALSE,B2B
31256,Canary,2026,NA,Active,Surviving,USA,TRUE,2,1-5,FALSE,"Engineering, Product and Design"
31255,Grade,2026,NA,Active,Surviving,USA,TRUE,2,1-5,FALSE,Fintech
31254,Sila,2026,NA,Active,Surviving,,FALSE,2,1-5,FALSE,B2B
31254,Sila,2026,NA,Active,Surviving,,FALSE,2,1-5,FALSE,Productivity
31253,Maven,2026,NA,Active,Surviving,USA,TRUE,2,1-5,FALSE,B2B
31253,Maven,2026,NA,Active,Surviving,USA,TRUE,2,1-5,FALSE,Infrastructure
31252,Moda,2026,NA,Active,Surviving,USA,TRUE,2,1-5,FALSE,B2B
31252,Moda,2026,NA,Active,Surviving,USA,TRUE,2,1-5,FALSE,Infrastructure
31250,The Token Company,2026,NA,Active,Surviving,USA,TRUE,2,1-5,FALSE,B2B
31250,The Token Company,2026,NA,Active,Surviving,USA,TRUE,2,1-5,FALSE,Infrastructure
31248,BeeSafe AI,2026,NA,Active,Surviving,,FALSE,3,1-5,FALSE,B2B
31248,BeeSafe AI,2026,NA,Active,Surviving,,FALSE,3,1-5,FALSE,Security
31247,Fed10,2026,NA,Active,Surviving,USA,TRUE,3,1-5,FALSE,B2B
31247,Fed10,2026,NA,Active,Surviving,USA,TRUE,3,1-5,FALSE,Legal
31245,Squid,2026,NA,Active,Surviving,,FALSE,2,1-5,FALSE,Industrials
31245,Squid,2026,NA,Active,Surviving,,FALSE,2,1-5,FALSE,Energy
31244,Crow,2026,NA,Active,Surviving,USA,TRUE,2,1-5,FALSE,B2B
31243,Foreman,2026,NA,Active,Surviving,USA,TRUE,2,1-5,FALSE,Real Estate and Construction
31242,Booko,2026,NA,Active,Surviving,,FALSE,2,1-5,FALSE,B2B
31241,Corelayer,2026,NA,Active,Surviving,USA,TRUE,3,1-5,FALSE,B2B
31241,Corelayer,2026,NA,Active,Surviving,USA,TRUE,3,1-5,FALSE,"Engineering, Product and Design"
31240,General Legal,2026,NA,Active,Surviving,,FALSE,15,11-25,FALSE,B2B
31240,General Legal,2026,NA,Active,Surviving,,FALSE,15,11-25,FALSE,Legal
31239,Fort,2026,NA,Active,Surviving,USA,TRUE,3,1-5,FALSE,Consumer
31239,Fort,2026,NA,Active,Surviving,USA,TRUE,3,1-5,FALSE,Consumer Electronics
31236,Balance,2026,NA,Active,Surviving,,FALSE,4,1-5,FALSE,B2B
31236,Balance,2026,NA,Active,Surviving,,FALSE,4,1-5,FALSE,Finance and Accounting
31233,Chasi,2026,NA,Active,Surviving,USA,TRUE,2,1-5,FALSE,B2B
31232,Remy AI,2026,NA,Active,Surviving,,FALSE,2,1-5,FALSE,Industrials
31232,Remy AI,2026,NA,Active,Surviving,,FALSE,2,1-5,FALSE,Manufacturing and Robotics
31231,Glue,2026,NA,Active,Surviving,USA,TRUE,2,1-5,FALSE,B2B
31231,Glue,2026,NA,Active,Surviving,USA,TRUE,2,1-5,FALSE,"Engineering, Product and Design"
31230,o11,2026,NA,Active,Surviving,USA,TRUE,2,1-5,FALSE,B2B
31230,o11,2026,NA,Active,Surviving,USA,TRUE,2,1-5,FALSE,Finance and Accounting
31229,Doomersion,2026,NA,Active,Surviving,USA,TRUE,4,1-5,FALSE,Consumer
31227,Sequence Markets,2026,NA,Active,Surviving,,FALSE,5,1-5,FALSE,Fintech
31225,Ditto Biosciences,2026,NA,Active,Surviving,USA,TRUE,3,1-5,FALSE,Healthcare
31225,Ditto Biosciences,2026,NA,Active,Surviving,USA,TRUE,3,1-5,FALSE,Drug Discovery and Delivery
31224,Servo7,2026,NA,Active,Surviving,,FALSE,NA,NA,FALSE,Industrials
31224,Servo7,2026,NA,Active,Surviving,,FALSE,NA,NA,FALSE,Manufacturing and Robotics
31223,Datoric,2026,NA,Active,Surviving,USA,TRUE,2,1-5,FALSE,B2B
31219,Voxel Energy,2026,NA,Active,Surviving,,FALSE,3,1-5,FALSE,Industrials
31219,Voxel Energy,2026,NA,Active,Surviving,,FALSE,3,1-5,FALSE,Energy
31217,Polymath,2026,NA,Active,Surviving,USA,TRUE,2,1-5,FALSE,B2B
31215,Bubble Lab,2026,NA,Active,Surviving,USA,TRUE,2,1-5,FALSE,B2B
31215,Bubble Lab,2026,NA,Active,Surviving,USA,TRUE,2,1-5,FALSE,Operations
31214,Pocket,2026,NA,Active,Surviving,USA,TRUE,6,6-10,FALSE,Consumer
31213,Byteport,2026,NA,Active,Surviving,USA,TRUE,2,1-5,FALSE,B2B
31212,Constellation Space,2026,NA,Active,Surviving,,FALSE,4,1-5,FALSE,B2B
31212,Constellation Space,2026,NA,Active,Surviving,,FALSE,4,1-5,FALSE,Analytics
31210,Mendral,2026,NA,Active,Surviving,USA,TRUE,2,1-5,FALSE,B2B
31209,AxionOrbital Space,2026,NA,Active,Surviving,,FALSE,2,1-5,FALSE,Industrials
31209,AxionOrbital Space,2026,NA,Active,Surviving,,FALSE,2,1-5,FALSE,Aviation and Space
31208,Oximy,2026,NA,Active,Surviving,USA,TRUE,4,1-5,FALSE,B2B
31208,Oximy,2026,NA,Active,Surviving,USA,TRUE,4,1-5,FALSE,Infrastructure
31207,Caretta,2026,NA,Active,Surviving,,FALSE,4,1-5,FALSE,B2B
31207,Caretta,2026,NA,Active,Surviving,,FALSE,4,1-5,FALSE,Sales
31206,Samora AI,2026,NA,Active,Surviving,,FALSE,8,6-10,FALSE,B2B
31205,Human Archive,2026,NA,Active,Surviving,,FALSE,4,1-5,FALSE,Industrials
31205,Human Archive,2026,NA,Active,Surviving,,FALSE,4,1-5,FALSE,Manufacturing and Robotics
31204,Forum,2026,NA,Active,Surviving,USA,TRUE,2,1-5,FALSE,Fintech
31203,sitefire,2026,NA,Active,Surviving,,FALSE,2,1-5,FALSE,B2B
31203,sitefire,2026,NA,Active,Surviving,,FALSE,2,1-5,FALSE,Marketing
31201,Robby,2026,NA,Active,Surviving,,FALSE,3,1-5,FALSE,B2B
31201,Robby,2026,NA,Active,Surviving,,FALSE,3,1-5,FALSE,Productivity
31200,Ressl AI,2026,NA,Active,Surviving,,FALSE,4,1-5,FALSE,B2B
31199,Emdash,2026,NA,Active,Surviving,,FALSE,2,1-5,FALSE,B2B
31199,Emdash,2026,NA,Active,Surviving,,FALSE,2,1-5,FALSE,Productivity
31197,InventoryQuant,2026,NA,Active,Surviving,USA,TRUE,1,1-5,FALSE,B2B
31196,Congruent,2026,NA,Active,Surviving,USA,TRUE,1,1-5,FALSE,Industrials
31195,Reframe,2026,NA,Active,Surviving,USA,TRUE,1,1-5,FALSE,B2B
31195,Reframe,2026,NA,Active,Surviving,USA,TRUE,1,1-5,FALSE,"Engineering, Product and Design"
31194,Valence,2026,NA,Active,Surviving,,FALSE,3,1-5,FALSE,Fintech
31194,Valence,2026,NA,Active,Surviving,,FALSE,3,1-5,FALSE,Consumer Finance
31192,Approxima,2026,NA,Active,Surviving,USA,TRUE,2,1-5,FALSE,B2B
31192,Approxima,2026,NA,Active,Surviving,USA,TRUE,2,1-5,FALSE,"Engineering, Product and Design"
31191,Traverse,2026,NA,Active,Surviving,USA,TRUE,2,1-5,FALSE,B2B
31189,Revion,2026,NA,Active,Surviving,,FALSE,4,1-5,FALSE,B2B
31188,Maywood,2026,NA,Active,Surviving,,FALSE,3,1-5,FALSE,Fintech
31188,Maywood,2026,NA,Active,Surviving,,FALSE,3,1-5,FALSE,Banking and Exchange
31187,Fenrock AI,2026,NA,Active,Surviving,USA,TRUE,2,1-5,FALSE,Fintech
31187,Fenrock AI,2026,NA,Active,Surviving,USA,TRUE,2,1-5,FALSE,Banking and Exchange
31186,End Close,2026,NA,Active,Surviving,,FALSE,2,1-5,FALSE,B2B
31186,End Close,2026,NA,Active,Surviving,,FALSE,2,1-5,FALSE,Finance and Accounting
31185,Chamber,2026,NA,Active,Surviving,,FALSE,4,1-5,FALSE,B2B
31185,Chamber,2026,NA,Active,Surviving,,FALSE,4,1-5,FALSE,Infrastructure
31183,Patientdesk.ai,2026,NA,Active,Surviving,,FALSE,5,1-5,FALSE,Healthcare
31183,Patientdesk.ai,2026,NA,Active,Surviving,,FALSE,5,1-5,FALSE,Healthcare IT
31182,Visibl Semiconductors,2026,NA,Active,Surviving,USA,TRUE,2,1-5,FALSE,B2B
31182,Visibl Semiconductors,2026,NA,Active,Surviving,USA,TRUE,2,1-5,FALSE,"Engineering, Product and Design"
31181,Synthetic Sciences,2026,NA,Active,Surviving,,FALSE,2,1-5,FALSE,B2B
31181,Synthetic Sciences,2026,NA,Active,Surviving,,FALSE,2,1-5,FALSE,"Engineering, Product and Design"
31180,Seeing Systems,2026,NA,Active,Surviving,,FALSE,2,1-5,FALSE,Industrials
31180,Seeing Systems,2026,NA,Active,Surviving,,FALSE,2,1-5,FALSE,Defense
31179,Jinba,2026,NA,Active,Surviving,,FALSE,2,1-5,FALSE,B2B
31178,Cardboard,2026,NA,Active,Surviving,USA,TRUE,2,1-5,FALSE,B2B
31177,Prana,2026,NA,Active,Surviving,,FALSE,4,1-5,FALSE,Healthcare
31177,Prana,2026,NA,Active,Surviving,,FALSE,4,1-5,FALSE,Consumer Health and Wellness
31176,Rhizome AI,2026,NA,Active,Surviving,NA,FALSE,1,1-5,FALSE,B2B
31175,Pax Historia,2026,NA,Active,Surviving,USA,TRUE,3,1-5,FALSE,Consumer
31175,Pax Historia,2026,NA,Active,Surviving,USA,TRUE,3,1-5,FALSE,Gaming
31174,Hex Security,2026,NA,Active,Surviving,,FALSE,3,1-5,FALSE,B2B
31174,Hex Security,2026,NA,Active,Surviving,,FALSE,3,1-5,FALSE,Security
31173,Laurence,2026,NA,Active,Surviving,,FALSE,2,1-5,FALSE,B2B
31173,Laurence,2026,NA,Active,Surviving,,FALSE,2,1-5,FALSE,Analytics
31172,Terminal Use,2026,NA,Active,Surviving,,FALSE,4,1-5,FALSE,B2B
31172,Terminal Use,2026,NA,Active,Surviving,,FALSE,4,1-5,FALSE,Infrastructure
31171,Overshoot,2026,NA,Active,Surviving,USA,TRUE,5,1-5,FALSE,B2B
31170,Cajal,2026,NA,Active,Surviving,,FALSE,2,1-5,FALSE,B2B
31169,Proximitty,2026,NA,Active,Surviving,USA,TRUE,2,1-5,FALSE,Fintech
31169,Proximitty,2026,NA,Active,Surviving,USA,TRUE,2,1-5,FALSE,Credit and Lending
31167,Stilta,2026,NA,Active,Surviving,,FALSE,4,1-5,FALSE,B2B
31166,Unisson,2026,NA,Active,Surviving,USA,TRUE,2,1-5,FALSE,B2B
31166,Unisson,2026,NA,Active,Surviving,USA,TRUE,2,1-5,FALSE,Productivity
31165,IncidentFox,2026,NA,Active,Surviving,USA,TRUE,2,1-5,FALSE,B2B
31165,IncidentFox,2026,NA,Active,Surviving,USA,TRUE,2,1-5,FALSE,Infrastructure
31164,Compresr,2026,NA,Active,Surviving,,FALSE,4,1-5,FALSE,B2B
31164,Compresr,2026,NA,Active,Surviving,,FALSE,4,1-5,FALSE,Infrastructure
31163,Opalite Health,2026,NA,Active,Surviving,USA,TRUE,3,1-5,FALSE,Healthcare
31162,Confluence Labs,2026,NA,Active,Surviving,USA,TRUE,2,1-5,FALSE,B2B
31160,Mango Medical,2026,NA,Active,Surviving,,FALSE,3,1-5,FALSE,Healthcare
31160,Mango Medical,2026,NA,Active,Surviving,,FALSE,3,1-5,FALSE,Healthcare IT
31159,Sponge,2026,NA,Active,Surviving,,FALSE,3,1-5,FALSE,B2B
31158,Terranox AI,2026,NA,Active,Surviving,USA,TRUE,2,1-5,FALSE,Industrials
31158,Terranox AI,2026,NA,Active,Surviving,USA,TRUE,2,1-5,FALSE,Energy
31156,Ventura,2026,NA,Active,Surviving,USA,TRUE,2,1-5,FALSE,Industrials
31154,Orthogonal,2026,NA,Active,Surviving,USA,TRUE,2,1-5,FALSE,B2B
31154,Orthogonal,2026,NA,Active,Surviving,USA,TRUE,2,1-5,FALSE,Infrastructure
31153,Perfectly,2026,NA,Active,Surviving,USA,TRUE,3,1-5,FALSE,B2B
31152,Fern,2026,NA,Active,Surviving,,FALSE,2,1-5,FALSE,B2B
31152,Fern,2026,NA,Active,Surviving,,FALSE,2,1-5,FALSE,Infrastructure
31151,Sparkles,2026,NA,Active,Surviving,USA,TRUE,1,1-5,FALSE,B2B
31151,Sparkles,2026,NA,Active,Surviving,USA,TRUE,1,1-5,FALSE,"Engineering, Product and Design"
31149,EigenPal,2026,NA,Active,Surviving,,FALSE,NA,NA,FALSE,B2B
31149,EigenPal,2026,NA,Active,Surviving,,FALSE,NA,NA,FALSE,Operations
31147,Salus,2026,NA,Active,Surviving,USA,TRUE,2,1-5,FALSE,B2B
31147,Salus,2026,NA,Active,Surviving,USA,TRUE,2,1-5,FALSE,Infrastructure
31146,Moritz,2026,NA,Active,Surviving,USA,TRUE,10,6-10,FALSE,B2B
31146,Moritz,2026,NA,Active,Surviving,USA,TRUE,10,6-10,FALSE,Legal
31145,RamAIn,2026,NA,Active,Surviving,USA,TRUE,4,1-5,FALSE,B2B
31144,Milliray,2026,NA,Active,Surviving,,FALSE,3,1-5,FALSE,Industrials
31144,Milliray,2026,NA,Active,Surviving,,FALSE,3,1-5,FALSE,Drones
31142,Beyond Reach Labs,2026,NA,Active,Surviving,,FALSE,2,1-5,FALSE,Industrials
31142,Beyond Reach Labs,2026,NA,Active,Surviving,,FALSE,2,1-5,FALSE,Aviation and Space
31141,OctaPulse,2026,NA,Active,Surviving,,FALSE,2,1-5,FALSE,Industrials
31141,OctaPulse,2026,NA,Active,Surviving,,FALSE,2,1-5,FALSE,Climate
31140,CodeWisp,2026,NA,Active,Surviving,USA,TRUE,3,1-5,FALSE,Consumer
31140,CodeWisp,2026,NA,Active,Surviving,USA,TRUE,3,1-5,FALSE,Gaming
31139,Ashr,2026,NA,Active,Surviving,USA,TRUE,2,1-5,FALSE,B2B
31139,Ashr,2026,NA,Active,Surviving,USA,TRUE,2,1-5,FALSE,"Engineering, Product and Design"
31138,Aemon,2026,NA,Active,Surviving,USA,TRUE,3,1-5,FALSE,B2B
31137,Luel,2026,NA,Active,Surviving,USA,TRUE,2,1-5,FALSE,B2B
31137,Luel,2026,NA,Active,Surviving,USA,TRUE,2,1-5,FALSE,Infrastructure
31136,Scheduling Wizard,2026,NA,Active,Surviving,,FALSE,3,1-5,FALSE,Healthcare
31136,Scheduling Wizard,2026,NA,Active,Surviving,,FALSE,3,1-5,FALSE,Healthcare IT
31135,RoboDock,2026,NA,Active,Surviving,USA,TRUE,2,1-5,FALSE,Industrials
31135,RoboDock,2026,NA,Active,Surviving,USA,TRUE,2,1-5,FALSE,Energy
31133,Skillsync,2026,NA,Active,Surviving,,FALSE,2,1-5,FALSE,B2B
31133,Skillsync,2026,NA,Active,Surviving,,FALSE,2,1-5,FALSE,Human Resources
31132,MouseCat,2026,NA,Active,Surviving,,FALSE,2,1-5,FALSE,B2B
31131,Zatanna,2026,NA,Active,Surviving,USA,TRUE,3,1-5,FALSE,B2B
31131,Zatanna,2026,NA,Active,Surviving,USA,TRUE,3,1-5,FALSE,"Engineering, Product and Design"
31130,AutoSitu,2026,NA,Active,Surviving,,FALSE,2,1-5,FALSE,B2B
31130,AutoSitu,2026,NA,Active,Surviving,,FALSE,2,1-5,FALSE,Legal
31129,Verdex,2026,NA,Active,Surviving,USA,TRUE,2,1-5,FALSE,Fintech
31129,Verdex,2026,NA,Active,Surviving,USA,TRUE,2,1-5,FALSE,Insurance
31128,Cumulus Labs,2026,NA,Active,Surviving,USA,TRUE,2,1-5,FALSE,B2B
31128,Cumulus Labs,2026,NA,Active,Surviving,USA,TRUE,2,1-5,FALSE,Infrastructure
31127,Tepali,2026,NA,Active,Surviving,USA,TRUE,2,1-5,FALSE,B2B
31126,Palus Finance,2026,NA,Active,Surviving,,FALSE,2,1-5,FALSE,Fintech
31123,21st,2026,NA,Active,Surviving,USA,TRUE,3,1-5,FALSE,B2B
31123,21st,2026,NA,Active,Surviving,USA,TRUE,3,1-5,FALSE,"Engineering, Product and Design"
31121,Avoice,2026,NA,Active,Surviving,,FALSE,4,1-5,FALSE,B2B
31120,Kyten Technologies,2026,NA,Active,Surviving,,FALSE,2,1-5,FALSE,Industrials
31120,Kyten Technologies,2026,NA,Active,Surviving,,FALSE,2,1-5,FALSE,Manufacturing and Robotics
31119,ZeroSettle,2026,NA,Active,Surviving,,FALSE,2,1-5,FALSE,Fintech
31119,ZeroSettle,2026,NA,Active,Surviving,,FALSE,2,1-5,FALSE,Payments
31118,Carson,2026,NA,Active,Surviving,USA,TRUE,4,1-5,FALSE,B2B
31116,OpenSpec,2026,NA,Active,Surviving,,FALSE,NA,NA,FALSE,B2B
31114,Piris Labs,2026,NA,Active,Surviving,USA,TRUE,4,1-5,FALSE,B2B
31114,Piris Labs,2026,NA,Active,Surviving,USA,TRUE,4,1-5,FALSE,Infrastructure
31113,CellType,2026,NA,Active,Surviving,,FALSE,2,1-5,FALSE,Healthcare
31113,CellType,2026,NA,Active,Surviving,,FALSE,2,1-5,FALSE,Drug Discovery and Delivery
31112,Burt,2026,NA,Active,Surviving,USA,TRUE,2,1-5,FALSE,B2B
31112,Burt,2026,NA,Active,Surviving,USA,TRUE,2,1-5,FALSE,Supply Chain and Logistics
31111,Envariant,2026,NA,Active,Surviving,USA,TRUE,1,1-5,FALSE,B2B
31110,Cascade,2026,NA,Active,Surviving,USA,TRUE,2,1-5,FALSE,B2B
31110,Cascade,2026,NA,Active,Surviving,USA,TRUE,2,1-5,FALSE,Infrastructure
31109,Beacon Health,2026,NA,Active,Surviving,,FALSE,2,1-5,FALSE,Healthcare
31108,Strand AI,2026,NA,Active,Surviving,USA,TRUE,2,1-5,FALSE,Healthcare
31108,Strand AI,2026,NA,Active,Surviving,USA,TRUE,2,1-5,FALSE,Drug Discovery and Delivery
31107,BaseFrame,2026,NA,Active,Surviving,USA,TRUE,2,1-5,FALSE,B2B
31106,Protent,2026,NA,Active,Surviving,USA,TRUE,2,1-5,FALSE,B2B
31106,Protent,2026,NA,Active,Surviving,USA,TRUE,2,1-5,FALSE,Security
31104,Cofia,2026,NA,Active,Surviving,USA,TRUE,2,1-5,FALSE,B2B
31104,Cofia,2026,NA,Active,Surviving,USA,TRUE,2,1-5,FALSE,Productivity
31101,LegalOS,2026,NA,Active,Surviving,NA,FALSE,3,1-5,FALSE,B2B
31101,LegalOS,2026,NA,Active,Surviving,NA,FALSE,3,1-5,FALSE,Legal
31100,Sentrial,2026,NA,Active,Surviving,USA,TRUE,2,1-5,FALSE,B2B
31100,Sentrial,2026,NA,Active,Surviving,USA,TRUE,2,1-5,FALSE,"Engineering, Product and Design"
31098,10x Science,2026,NA,Active,Surviving,USA,TRUE,3,1-5,FALSE,B2B
31097,REV1,2026,NA,Active,Surviving,USA,TRUE,2,1-5,FALSE,B2B
31097,REV1,2026,NA,Active,Surviving,USA,TRUE,2,1-5,FALSE,"Engineering, Product and Design"
31096,shortkit,2026,NA,Active,Surviving,,FALSE,2,1-5,FALSE,B2B
31096,shortkit,2026,NA,Active,Surviving,,FALSE,2,1-5,FALSE,"Engineering, Product and Design"
31095,Asimov,2026,NA,Active,Surviving,NA,FALSE,3,1-5,FALSE,Industrials
31095,Asimov,2026,NA,Active,Surviving,NA,FALSE,3,1-5,FALSE,Manufacturing and Robotics
31094,Lexius,2026,NA,Active,Surviving,USA,TRUE,3,1-5,FALSE,B2B
31094,Lexius,2026,NA,Active,Surviving,USA,TRUE,3,1-5,FALSE,Security
31092,Axis,2026,NA,Active,Surviving,USA,TRUE,2,1-5,FALSE,Fintech
31091,Sonarly,2026,NA,Active,Surviving,USA,TRUE,2,1-5,FALSE,B2B
31091,Sonarly,2026,NA,Active,Surviving,USA,TRUE,2,1-5,FALSE,"Engineering, Product and Design"
31090,Docura Health,2026,NA,Active,Surviving,USA,TRUE,3,1-5,FALSE,Healthcare
31089,Lance,2026,NA,Active,Surviving,USA,TRUE,3,1-5,FALSE,B2B
31088,RunAnywhere,2026,NA,Active,Surviving,USA,TRUE,2,1-5,FALSE,B2B
31088,RunAnywhere,2026,NA,Active,Surviving,USA,TRUE,2,1-5,FALSE,Infrastructure
31087,Lucent,2026,NA,Active,Surviving,USA,TRUE,2,1-5,FALSE,B2B
31085,Ruma Care,2026,NA,Active,Surviving,,FALSE,2,1-5,FALSE,Healthcare
31084,Klaus AI,2026,NA,Active,Surviving,USA,TRUE,2,1-5,FALSE,B2B
31084,Klaus AI,2026,NA,Active,Surviving,USA,TRUE,2,1-5,FALSE,Infrastructure
31083,Kita,2026,NA,Active,Surviving,USA,TRUE,2,1-5,FALSE,Fintech
31082,Syntropy,2026,NA,Active,Surviving,USA,TRUE,2,1-5,FALSE,B2B
31082,Syntropy,2026,NA,Active,Surviving,USA,TRUE,2,1-5,FALSE,Productivity
31081,One Robot,2026,NA,Active,Surviving,USA,TRUE,2,1-5,FALSE,Industrials
31081,One Robot,2026,NA,Active,Surviving,USA,TRUE,2,1-5,FALSE,Manufacturing and Robotics
31080,Didit,2026,NA,Active,Surviving,USA,TRUE,12,11-25,FALSE,B2B
31080,Didit,2026,NA,Active,Surviving,USA,TRUE,12,11-25,FALSE,Infrastructure
31077,Panta,2026,NA,Active,Surviving,USA,TRUE,3,1-5,FALSE,Fintech
31077,Panta,2026,NA,Active,Surviving,USA,TRUE,3,1-5,FALSE,Insurance
31066,Payna,2026,NA,Active,Surviving,USA,TRUE,2,1-5,FALSE,B2B
31066,Payna,2026,NA,Active,Surviving,USA,TRUE,2,1-5,FALSE,Finance and Accounting
31064,Origin,2026,NA,Active,Surviving,USA,TRUE,4,1-5,FALSE,Healthcare
31064,Origin,2026,NA,Active,Surviving,USA,TRUE,4,1-5,FALSE,Drug Discovery and Delivery
31062,Hlabs,2026,NA,Active,Surviving,,FALSE,1,1-5,FALSE,Industrials
31058,Eos AI,2026,NA,Active,Surviving,USA,TRUE,2,1-5,FALSE,Healthcare
31057,Valgo,2026,NA,Active,Surviving,USA,TRUE,3,1-5,FALSE,B2B
31057,Valgo,2026,NA,Active,Surviving,USA,TRUE,3,1-5,FALSE,"Engineering, Product and Design"
31054,ARC Prize Foundation,2026,NA,Active,Surviving,USA,TRUE,4,1-5,FALSE,Industrials
31051,Corvera,2026,NA,Active,Surviving,,FALSE,4,1-5,FALSE,B2B
31051,Corvera,2026,NA,Active,Surviving,,FALSE,4,1-5,FALSE,Operations
31048,FullSeam,2026,NA,Active,Surviving,,FALSE,3,1-5,FALSE,B2B
31048,FullSeam,2026,NA,Active,Surviving,,FALSE,3,1-5,FALSE,Finance and Accounting
31040,CatchBack Cards,2026,NA,Active,Surviving,USA,TRUE,2,1-5,FALSE,Consumer
31040,CatchBack Cards,2026,NA,Active,Surviving,USA,TRUE,2,1-5,FALSE,Gaming
31036,Mantis,2026,NA,Active,Surviving,USA,TRUE,3,1-5,FALSE,B2B
31036,Mantis,2026,NA,Active,Surviving,USA,TRUE,3,1-5,FALSE,Infrastructure
31030,Haladir,2026,NA,Active,Surviving,USA,TRUE,4,1-5,FALSE,B2B
31030,Haladir,2026,NA,Active,Surviving,USA,TRUE,4,1-5,FALSE,Operations
31025,ClaimGlide,2026,NA,Active,Surviving,,FALSE,1,1-5,FALSE,Healthcare
31025,ClaimGlide,2026,NA,Active,Surviving,,FALSE,1,1-5,FALSE,Healthcare Services
31023,Inviscid AI,2026,NA,Active,Surviving,NA,FALSE,2,1-5,FALSE,Industrials
31023,Inviscid AI,2026,NA,Active,Surviving,NA,FALSE,2,1-5,FALSE,Energy
31019,Ndea,2026,NA,Active,Surviving,NA,FALSE,15,11-25,FALSE,Industrials
31016,Crosslayer Labs,2026,NA,Active,Surviving,,FALSE,3,1-5,FALSE,B2B
31016,Crosslayer Labs,2026,NA,Active,Surviving,,FALSE,3,1-5,FALSE,Security
31003,Voltair,2026,NA,Active,Surviving,USA,TRUE,5,1-5,FALSE,Industrials
31003,Voltair,2026,NA,Active,Surviving,USA,TRUE,5,1-5,FALSE,Drones
31000,Vector Legal,2026,NA,Active,Surviving,USA,TRUE,4,1-5,FALSE,B2B
31000,Vector Legal,2026,NA,Active,Surviving,USA,TRUE,4,1-5,FALSE,Legal
30973,General Astronautics,2026,NA,Active,Surviving,USA,TRUE,2,1-5,FALSE,Industrials
30973,General Astronautics,2026,NA,Active,Surviving,USA,TRUE,2,1-5,FALSE,Aviation and Space
30927,Oxus,2026,NA,Active,Surviving,USA,TRUE,3,1-5,FALSE,B2B
30913,Captain,2026,NA,Active,Surviving,USA,TRUE,2,1-5,FALSE,B2B
30913,Captain,2026,NA,Active,Surviving,USA,TRUE,2,1-5,FALSE,Infrastructure
30906,Agentic Fabriq,2026,NA,Active,Surviving,USA,TRUE,2,1-5,FALSE,B2B
30906,Agentic Fabriq,2026,NA,Active,Surviving,USA,TRUE,2,1-5,FALSE,Security
30905,Travo,2026,NA,Active,Surviving,,FALSE,4,1-5,FALSE,Real Estate and Construction
30876,Velum Labs,2026,NA,Active,Surviving,USA,TRUE,2,1-5,FALSE,B2B
30860,Alt-X,2026,NA,Active,Surviving,,FALSE,2,1-5,FALSE,Fintech
30770,Button Computer,2026,NA,Active,Surviving,,FALSE,1,1-5,FALSE,B2B
30770,Button Computer,2026,NA,Active,Surviving,,FALSE,1,1-5,FALSE,"Engineering, Product and Design"
30765,Pollen,2026,NA,Active,Surviving,USA,TRUE,3,1-5,FALSE,B2B
30765,Pollen,2026,NA,Active,Surviving,USA,TRUE,3,1-5,FALSE,Operations
30715,Autumn AI,2026,NA,Active,Surviving,USA,TRUE,2,1-5,FALSE,B2B
30715,Autumn AI,2026,NA,Active,Surviving,USA,TRUE,2,1-5,FALSE,Infrastructure
30641,Overdrive Health,2026,NA,Active,Surviving,USA,TRUE,1,1-5,FALSE,Healthcare
30641,Overdrive Health,2026,NA,Active,Surviving,USA,TRUE,1,1-5,FALSE,Healthcare Services
30639,Signals,2026,NA,Active,Surviving,USA,TRUE,2,1-5,FALSE,B2B
30635,"Galactic Resource Utilization Space, Inc. (GRU Space)",2026,NA,Active,Surviving,USA,TRUE,1,1-5,FALSE,Industrials
30635,"Galactic Resource Utilization Space, Inc. (GRU Space)",2026,NA,Active,Surviving,USA,TRUE,1,1-5,FALSE,Aviation and Space
30620,Bidflow,2026,NA,Active,Surviving,USA,TRUE,2,1-5,FALSE,Real Estate and Construction
30620,Bidflow,2026,NA,Active,Surviving,USA,TRUE,2,1-5,FALSE,Construction
28879,Menza,2026,NA,Active,Surviving,London,FALSE,3,1-5,FALSE,B2B
28879,Menza,2026,NA,Active,Surviving,London,FALSE,3,1-5,FALSE,Analytics
31155,Q2Q,2026,NA,Inactive,Failed,USA,TRUE,2,1-5,FALSE,B2B
31155,Q2Q,2026,NA,Inactive,Failed,USA,TRUE,2,1-5,FALSE,Finance and Accounting
12064,Deel,2019,2015-2024,Active,Surviving,USA,TRUE,5000,500+,TRUE,B2B
12064,Deel,2019,2015-2024,Active,Surviving,USA,TRUE,5000,500+,TRUE,Finance and Accounting
12237,Nowports,2019,2015-2024,Active,Surviving,,FALSE,550,500+,TRUE,B2B
12237,Nowports,2019,2015-2024,Active,Surviving,,FALSE,550,500+,TRUE,Supply Chain and Logistics
2019,JuziBot,2019,2015-2024,Active,Surviving,China,FALSE,34,26-100,FALSE,B2B
2019,JuziBot,2019,2015-2024,Active,Surviving,China,FALSE,34,26-100,FALSE,"Engineering, Product and Design"
12393,Shef,2019,2015-2024,Active,Surviving,USA,TRUE,70,26-100,FALSE,Consumer
12393,Shef,2019,2015-2024,Active,Surviving,USA,TRUE,70,26-100,FALSE,Food and Beverage
12374,Schoolable,2019,2015-2024,Active,Surviving,Nigeria,FALSE,10,6-10,FALSE,Education
12373,Shipper,2019,2015-2024,Active,Surviving,Indonesia,FALSE,600,500+,FALSE,B2B
12373,Shipper,2019,2015-2024,Active,Surviving,Indonesia,FALSE,600,500+,FALSE,Supply Chain and Logistics
12371,Buy Me a Coffee,2019,2015-2024,Active,Surviving,USA,TRUE,30,26-100,FALSE,Consumer
12371,Buy Me a Coffee,2019,2015-2024,Active,Surviving,USA,TRUE,30,26-100,FALSE,Content
12358,Eclipse Foods,2019,2015-2024,Active,Surviving,USA,TRUE,NA,NA,FALSE,Consumer
12358,Eclipse Foods,2019,2015-2024,Active,Surviving,USA,TRUE,NA,NA,FALSE,Food and Beverage
12355,YourChoice Therapeutics,2019,2015-2024,Active,Surviving,USA,TRUE,3,1-5,FALSE,Healthcare
12355,YourChoice Therapeutics,2019,2015-2024,Active,Surviving,USA,TRUE,3,1-5,FALSE,Therapeutics
12352,Taali Inc,2019,2015-2024,Active,Surviving,USA,TRUE,0,NA,FALSE,Consumer
12352,Taali Inc,2019,2015-2024,Active,Surviving,USA,TRUE,0,NA,FALSE,Food and Beverage
12325,NaturAll Club,2019,2015-2024,Active,Surviving,USA,TRUE,17,11-25,FALSE,Consumer
12325,NaturAll Club,2019,2015-2024,Active,Surviving,USA,TRUE,17,11-25,FALSE,Food and Beverage
12300,Atlas,2019,2015-2024,Active,Surviving,USA,TRUE,25,11-25,FALSE,Fintech
12300,Atlas,2019,2015-2024,Active,Surviving,USA,TRUE,25,11-25,FALSE,Consumer Finance
12299,rct AI,2019,2015-2024,Active,Surviving,USA,TRUE,40,26-100,FALSE,Consumer
12299,rct AI,2019,2015-2024,Active,Surviving,USA,TRUE,40,26-100,FALSE,Content
12297,Numero,2019,2015-2024,Active,Surviving,USA,TRUE,15,11-25,FALSE,Fintech
12287,Prometheus,2019,2015-2024,Active,Surviving,USA,TRUE,25,11-25,FALSE,Industrials
12287,Prometheus,2019,2015-2024,Active,Surviving,USA,TRUE,25,11-25,FALSE,Energy
12286,1910,2019,2015-2024,Active,Surviving,USA,TRUE,20,11-25,FALSE,Healthcare
12286,1910,2019,2015-2024,Active,Surviving,USA,TRUE,20,11-25,FALSE,Therapeutics
12283,"OutRival, Inc.",2019,2015-2024,Active,Surviving,USA,TRUE,15,11-25,FALSE,B2B
12282,Truora,2019,2015-2024,Active,Surviving,Colombia,FALSE,80,26-100,FALSE,B2B
12282,Truora,2019,2015-2024,Active,Surviving,Colombia,FALSE,80,26-100,FALSE,Operations
12281,Pools (fka Withfriends),2019,2015-2024,Active,Surviving,USA,TRUE,2,1-5,FALSE,Consumer
12281,Pools (fka Withfriends),2019,2015-2024,Active,Surviving,USA,TRUE,2,1-5,FALSE,Social
12280,Cosmic,2019,2015-2024,Active,Surviving,USA,TRUE,5,1-5,FALSE,B2B
12280,Cosmic,2019,2015-2024,Active,Surviving,USA,TRUE,5,1-5,FALSE,"Engineering, Product and Design"
12279,FIRST,2019,2015-2024,Active,Surviving,USA,TRUE,12,11-25,FALSE,B2B
12279,FIRST,2019,2015-2024,Active,Surviving,USA,TRUE,12,11-25,FALSE,Operations
12278,Verto,2019,2015-2024,Active,Surviving,United Kingdom,FALSE,170,101-500,FALSE,Fintech
12278,Verto,2019,2015-2024,Active,Surviving,United Kingdom,FALSE,170,101-500,FALSE,Payments
12276,Latchel,2019,2015-2024,Active,Surviving,USA,TRUE,NA,NA,FALSE,B2B
12276,Latchel,2019,2015-2024,Active,Surviving,USA,TRUE,NA,NA,FALSE,Operations
12274,Inito,2019,2015-2024,Active,Surviving,India,FALSE,100,26-100,FALSE,Healthcare
12274,Inito,2019,2015-2024,Active,Surviving,India,FALSE,100,26-100,FALSE,Consumer Health and Wellness
12273,Globe,2019,2015-2024,Active,Surviving,London,FALSE,20,11-25,FALSE,Fintech
12273,Globe,2019,2015-2024,Active,Surviving,London,FALSE,20,11-25,FALSE,Banking and Exchange
12272,VotingWorks,2019,2015-2024,Active,Surviving,USA,TRUE,18,11-25,FALSE,Government
12267,Mars Auto,2019,2015-2024,Active,Surviving,South Korea,FALSE,15,11-25,FALSE,Industrials
12267,Mars Auto,2019,2015-2024,Active,Surviving,South Korea,FALSE,15,11-25,FALSE,Automotive
12266,Dockup,2019,2015-2024,Active,Surviving,Bengaluru,FALSE,4,1-5,FALSE,B2B
12266,Dockup,2019,2015-2024,Active,Surviving,Bengaluru,FALSE,4,1-5,FALSE,"Engineering, Product and Design"
12263,Rune,2019,2015-2024,Active,Surviving,USA,TRUE,3,1-5,FALSE,Consumer
12263,Rune,2019,2015-2024,Active,Surviving,USA,TRUE,3,1-5,FALSE,Gaming
12262,Cuanto,2019,2015-2024,Active,Surviving,Panama,FALSE,4,1-5,FALSE,Fintech
12262,Cuanto,2019,2015-2024,Active,Surviving,Panama,FALSE,4,1-5,FALSE,Payments
12261,Pronto,2019,2015-2024,Active,Surviving,Mexico,FALSE,62,26-100,FALSE,Consumer
12261,Pronto,2019,2015-2024,Active,Surviving,Mexico,FALSE,62,26-100,FALSE,Transportation Services
12259,Pulse Active Stations Network,2019,2015-2024,Active,Surviving,India,FALSE,10,6-10,FALSE,Healthcare
12259,Pulse Active Stations Network,2019,2015-2024,Active,Surviving,India,FALSE,10,6-10,FALSE,Consumer Health and Wellness
12257,Cityfurnish,2019,2015-2024,Active,Surviving,India,FALSE,90,26-100,FALSE,Consumer
12257,Cityfurnish,2019,2015-2024,Active,Surviving,India,FALSE,90,26-100,FALSE,Home and Personal
12256,Glide,2019,2015-2024,Active,Surviving,USA,TRUE,46,26-100,FALSE,B2B
12256,Glide,2019,2015-2024,Active,Surviving,USA,TRUE,46,26-100,FALSE,"Engineering, Product and Design"
12255,Lezzoo,2019,2015-2024,Active,Surviving,Iraq,FALSE,190,101-500,FALSE,Consumer
12255,Lezzoo,2019,2015-2024,Active,Surviving,Iraq,FALSE,190,101-500,FALSE,Food and Beverage
12251,Emi Labs,2019,2015-2024,Active,Surviving,Argentina,FALSE,50,26-100,FALSE,B2B
12251,Emi Labs,2019,2015-2024,Active,Surviving,Argentina,FALSE,50,26-100,FALSE,Recruiting and Talent
12250,Bentocart,2019,2015-2024,Active,Surviving,USA,TRUE,3,1-5,FALSE,Consumer
12250,Bentocart,2019,2015-2024,Active,Surviving,USA,TRUE,3,1-5,FALSE,Food and Beverage
12249,Spring in Africa,2019,2015-2024,Active,Surviving,Nigeria,FALSE,NA,NA,FALSE,Fintech
12249,Spring in Africa,2019,2015-2024,Active,Surviving,Nigeria,FALSE,NA,NA,FALSE,Asset Management
12248,CredPal,2019,2015-2024,Active,Surviving,Nigeria,FALSE,35,26-100,FALSE,Fintech
12248,CredPal,2019,2015-2024,Active,Surviving,Nigeria,FALSE,35,26-100,FALSE,Credit and Lending
12247,Exly,2019,2015-2024,Active,Surviving,India,FALSE,95,26-100,FALSE,Consumer
12246,Keynua,2019,2015-2024,Active,Surviving,Peru,FALSE,15,11-25,FALSE,B2B
12246,Keynua,2019,2015-2024,Active,Surviving,Peru,FALSE,15,11-25,FALSE,Productivity
12245,Edyst,2019,2015-2024,Active,Surviving,India,FALSE,11,11-25,FALSE,Education
12242,AccioJob,2019,2015-2024,Active,Surviving,India,FALSE,250,101-500,FALSE,Education
12236,NALA,2019,2015-2024,Active,Surviving,USA,TRUE,168,101-500,FALSE,Fintech
12236,NALA,2019,2015-2024,Active,Surviving,USA,TRUE,168,101-500,FALSE,Banking and Exchange
12235,Mudrex,2019,2015-2024,Active,Surviving,India,FALSE,11,11-25,FALSE,Fintech
12235,Mudrex,2019,2015-2024,Active,Surviving,India,FALSE,11,11-25,FALSE,Asset Management
12234,Skill-lync,2019,2015-2024,Active,Surviving,India,FALSE,3000,500+,FALSE,Education
12136,AmpUp,2019,2015-2024,Active,Surviving,USA,TRUE,45,26-100,FALSE,Consumer
12136,AmpUp,2019,2015-2024,Active,Surviving,USA,TRUE,45,26-100,FALSE,Home and Personal
12124,XGenomes,2019,2015-2024,Active,Surviving,USA,TRUE,6,6-10,FALSE,Healthcare
12124,XGenomes,2019,2015-2024,Active,Surviving,USA,TRUE,6,6-10,FALSE,Diagnostics
12119,Alpaca,2019,2015-2024,Active,Surviving,USA,TRUE,150,101-500,FALSE,Fintech
12119,Alpaca,2019,2015-2024,Active,Surviving,USA,TRUE,150,101-500,FALSE,Banking and Exchange
12096,Maple Materials,2019,2015-2024,Active,Surviving,USA,TRUE,6,6-10,FALSE,Industrials
12096,Maple Materials,2019,2015-2024,Active,Surviving,USA,TRUE,6,6-10,FALSE,Climate
12095,Upsolve,2019,2015-2024,Active,Surviving,USA,TRUE,12,11-25,FALSE,Fintech
12095,Upsolve,2019,2015-2024,Active,Surviving,USA,TRUE,12,11-25,FALSE,Consumer Finance
12094,Our World in Data,2019,2015-2024,Active,Surviving,United Kingdom,FALSE,19,11-25,FALSE,Education
12093,Dagger,2019,2015-2024,Active,Surviving,USA,TRUE,22,11-25,FALSE,B2B
12093,Dagger,2019,2015-2024,Active,Surviving,USA,TRUE,22,11-25,FALSE,"Engineering, Product and Design"
12091,Superb AI,2019,2015-2024,Active,Surviving,USA,TRUE,65,26-100,FALSE,B2B
12091,Superb AI,2019,2015-2024,Active,Surviving,USA,TRUE,65,26-100,FALSE,"Engineering, Product and Design"
12089,Heart Aerospace,2019,2015-2024,Active,Surviving,USA,TRUE,50,26-100,FALSE,Industrials
12089,Heart Aerospace,2019,2015-2024,Active,Surviving,USA,TRUE,50,26-100,FALSE,Aviation and Space
12088,Reelables,2019,2015-2024,Active,Surviving,London,FALSE,0,NA,FALSE,B2B
12088,Reelables,2019,2015-2024,Active,Surviving,London,FALSE,0,NA,FALSE,Supply Chain and Logistics
12085,"Volta Labs, Inc.",2019,2015-2024,Active,Surviving,USA,TRUE,50,26-100,FALSE,Healthcare
12085,"Volta Labs, Inc.",2019,2015-2024,Active,Surviving,USA,TRUE,50,26-100,FALSE,Industrial Bio
12084,JetPack Aviation,2019,2015-2024,Active,Surviving,USA,TRUE,9,6-10,FALSE,Industrials
12084,JetPack Aviation,2019,2015-2024,Active,Surviving,USA,TRUE,9,6-10,FALSE,Aviation and Space
12083,Valo,2019,2015-2024,Active,Surviving,USA,TRUE,3,1-5,FALSE,Industrials
12083,Valo,2019,2015-2024,Active,Surviving,USA,TRUE,3,1-5,FALSE,Climate
12082,Wanderlog,2019,2015-2024,Active,Surviving,USA,TRUE,5,1-5,FALSE,Consumer
12082,Wanderlog,2019,2015-2024,Active,Surviving,USA,TRUE,5,1-5,FALSE,Content
12080,Aura Vision,2019,2015-2024,Active,Surviving,United Kingdom,FALSE,10,6-10,FALSE,B2B
12080,Aura Vision,2019,2015-2024,Active,Surviving,United Kingdom,FALSE,10,6-10,FALSE,Retail
12077,Instapath Inc.,2019,2015-2024,Active,Surviving,USA,TRUE,6,6-10,FALSE,Healthcare
12077,Instapath Inc.,2019,2015-2024,Active,Surviving,USA,TRUE,6,6-10,FALSE,Diagnostics
12074,Caribou,2019,2015-2024,Active,Surviving,United Kingdom,FALSE,13,11-25,FALSE,Fintech
12071,Ravn,2019,2015-2024,Active,Surviving,USA,TRUE,10,6-10,FALSE,Government
12070,Doppler,2019,2015-2024,Active,Surviving,NA,FALSE,25,11-25,FALSE,B2B
12070,Doppler,2019,2015-2024,Active,Surviving,NA,FALSE,25,11-25,FALSE,"Engineering, Product and Design"
12067,PNOĒ,2019,2015-2024,Active,Surviving,Greece,FALSE,70,26-100,FALSE,Healthcare
12067,PNOĒ,2019,2015-2024,Active,Surviving,Greece,FALSE,70,26-100,FALSE,Healthcare Services
12065,Gordian Software,2019,2015-2024,Active,Surviving,USA,TRUE,30,26-100,FALSE,Consumer
12065,Gordian Software,2019,2015-2024,Active,Surviving,USA,TRUE,30,26-100,FALSE,"Travel, Leisure and Tourism"
12063,Pyxai,2019,2015-2024,Active,Surviving,USA,TRUE,5,1-5,FALSE,B2B
12063,Pyxai,2019,2015-2024,Active,Surviving,USA,TRUE,5,1-5,FALSE,Recruiting and Talent
12062,Autodial prev Qwest,2019,2015-2024,Active,Surviving,USA,TRUE,1,1-5,FALSE,Consumer
12057,Landed,2019,2015-2024,Active,Surviving,USA,TRUE,50,26-100,FALSE,B2B
12057,Landed,2019,2015-2024,Active,Surviving,USA,TRUE,50,26-100,FALSE,Recruiting and Talent
12056,Intact Therapeutics,2019,2015-2024,Active,Surviving,USA,TRUE,4,1-5,FALSE,Healthcare
12056,Intact Therapeutics,2019,2015-2024,Active,Surviving,USA,TRUE,4,1-5,FALSE,Therapeutics
12053,Mobot,2019,2015-2024,Active,Surviving,USA,TRUE,40,26-100,FALSE,B2B
12053,Mobot,2019,2015-2024,Active,Surviving,USA,TRUE,40,26-100,FALSE,"Engineering, Product and Design"
12046,Excepgen,2019,2015-2024,Active,Surviving,USA,TRUE,3,1-5,FALSE,Healthcare
12046,Excepgen,2019,2015-2024,Active,Surviving,USA,TRUE,3,1-5,FALSE,Therapeutics
12043,Handle.com,2019,2015-2024,Active,Surviving,USA,TRUE,55,26-100,FALSE,Real Estate and Construction
12043,Handle.com,2019,2015-2024,Active,Surviving,USA,TRUE,55,26-100,FALSE,Construction
12042,Bunkerhill Health,2019,2015-2024,Active,Surviving,USA,TRUE,30,26-100,FALSE,Healthcare
12042,Bunkerhill Health,2019,2015-2024,Active,Surviving,USA,TRUE,30,26-100,FALSE,Healthcare Services
12039,Termius,2019,2015-2024,Active,Surviving,,FALSE,35,26-100,FALSE,B2B
12039,Termius,2019,2015-2024,Active,Surviving,,FALSE,35,26-100,FALSE,Security
12037,Supernova,2019,2015-2024,Active,Surviving,Czechia,FALSE,20,11-25,FALSE,B2B
12037,Supernova,2019,2015-2024,Active,Surviving,Czechia,FALSE,20,11-25,FALSE,"Engineering, Product and Design"
12036,Probably Genetic,2019,2015-2024,Active,Surviving,USA,TRUE,20,11-25,FALSE,Healthcare
12036,Probably Genetic,2019,2015-2024,Active,Surviving,USA,TRUE,20,11-25,FALSE,Diagnostics
12035,Ashby,2019,2015-2024,Active,Surviving,USA,TRUE,110,101-500,FALSE,B2B
12035,Ashby,2019,2015-2024,Active,Surviving,USA,TRUE,110,101-500,FALSE,Recruiting and Talent
12032,Okteto,2019,2015-2024,Active,Surviving,USA,TRUE,30,26-100,FALSE,B2B
12032,Okteto,2019,2015-2024,Active,Surviving,USA,TRUE,30,26-100,FALSE,Infrastructure
12020,Bensen,2019,2015-2024,Active,Surviving,USA,TRUE,2,1-5,FALSE,B2B
12020,Bensen,2019,2015-2024,Active,Surviving,USA,TRUE,2,1-5,FALSE,"Engineering, Product and Design"
12010,Switchboard,2019,2015-2024,Active,Surviving,Canada,FALSE,24,11-25,FALSE,B2B
12010,Switchboard,2019,2015-2024,Active,Surviving,Canada,FALSE,24,11-25,FALSE,Supply Chain and Logistics
12006,AI Insurance,2019,2015-2024,Active,Surviving,USA,TRUE,16,11-25,FALSE,Fintech
12006,AI Insurance,2019,2015-2024,Active,Surviving,USA,TRUE,16,11-25,FALSE,Insurance
12005,Demodesk,2019,2015-2024,Active,Surviving,Germany,FALSE,25,11-25,FALSE,B2B
12005,Demodesk,2019,2015-2024,Active,Surviving,Germany,FALSE,25,11-25,FALSE,Sales
12003,Avo,2019,2015-2024,Active,Surviving,USA,TRUE,10,6-10,FALSE,B2B
12003,Avo,2019,2015-2024,Active,Surviving,USA,TRUE,10,6-10,FALSE,Analytics
11995,Nabis,2019,2015-2024,Active,Surviving,USA,TRUE,300,101-500,FALSE,B2B
11995,Nabis,2019,2015-2024,Active,Surviving,USA,TRUE,300,101-500,FALSE,Supply Chain and Logistics
11994,Sapling.ai,2019,2015-2024,Active,Surviving,USA,TRUE,2,1-5,FALSE,B2B
11994,Sapling.ai,2019,2015-2024,Active,Surviving,USA,TRUE,2,1-5,FALSE,Productivity
11993,WeatherCheck,2019,2015-2024,Active,Surviving,USA,TRUE,10,6-10,FALSE,Fintech
11993,WeatherCheck,2019,2015-2024,Active,Surviving,USA,TRUE,10,6-10,FALSE,Insurance
11991,Community Phone Company,2019,2015-2024,Active,Surviving,USA,TRUE,70,26-100,FALSE,Consumer
11991,Community Phone Company,2019,2015-2024,Active,Surviving,USA,TRUE,70,26-100,FALSE,Home and Personal
11988,Thrive Agric,2019,2015-2024,Active,Surviving,Nigeria,FALSE,227,101-500,FALSE,Industrials
11988,Thrive Agric,2019,2015-2024,Active,Surviving,Nigeria,FALSE,227,101-500,FALSE,Agriculture
11986,Tailornova/Couturme,2019,2015-2024,Active,Surviving,USA,TRUE,9,6-10,FALSE,B2B
11984,GoLinks,2019,2015-2024,Active,Surviving,USA,TRUE,70,26-100,FALSE,B2B
11984,GoLinks,2019,2015-2024,Active,Surviving,USA,TRUE,70,26-100,FALSE,Productivity
11983,Middesk,2019,2015-2024,Active,Surviving,USA,TRUE,130,101-500,FALSE,B2B
11983,Middesk,2019,2015-2024,Active,Surviving,USA,TRUE,130,101-500,FALSE,Operations
11981,Windwalk,2019,2015-2024,Active,Surviving,USA,TRUE,25,11-25,FALSE,Consumer
11981,Windwalk,2019,2015-2024,Active,Surviving,USA,TRUE,25,11-25,FALSE,Gaming
11979,LEAH Labs,2019,2015-2024,Active,Surviving,USA,TRUE,4,1-5,FALSE,Healthcare
11979,LEAH Labs,2019,2015-2024,Active,Surviving,USA,TRUE,4,1-5,FALSE,Therapeutics
11977,MedCrypt,2019,2015-2024,Active,Surviving,USA,TRUE,16,11-25,FALSE,Healthcare
11977,MedCrypt,2019,2015-2024,Active,Surviving,USA,TRUE,16,11-25,FALSE,Healthcare IT
11976,BrainKey,2019,2015-2024,Active,Surviving,USA,TRUE,20,11-25,FALSE,Healthcare
11976,BrainKey,2019,2015-2024,Active,Surviving,USA,TRUE,20,11-25,FALSE,Diagnostics
11974,FLOWER CO.,2019,2015-2024,Active,Surviving,USA,TRUE,30,26-100,FALSE,Consumer
11974,FLOWER CO.,2019,2015-2024,Active,Surviving,USA,TRUE,30,26-100,FALSE,Home and Personal
11969,Postscript,2019,2015-2024,Active,Surviving,USA,TRUE,180,101-500,FALSE,B2B
11969,Postscript,2019,2015-2024,Active,Surviving,USA,TRUE,180,101-500,FALSE,Marketing
11968,Nebullam (DBA Clayton Farms),2019,2015-2024,Active,Surviving,USA,TRUE,2,1-5,FALSE,Consumer
11968,Nebullam (DBA Clayton Farms),2019,2015-2024,Active,Surviving,USA,TRUE,2,1-5,FALSE,Food and Beverage
11963,SciTok,2019,2015-2024,Active,Surviving,USA,TRUE,2,1-5,FALSE,Consumer
11962,Dyneti Technologies,2019,2015-2024,Active,Surviving,USA,TRUE,3,1-5,FALSE,B2B
11962,Dyneti Technologies,2019,2015-2024,Active,Surviving,USA,TRUE,3,1-5,FALSE,Security
11961,Sorting Robotics,2019,2015-2024,Active,Surviving,USA,TRUE,12,11-25,FALSE,B2B
11961,Sorting Robotics,2019,2015-2024,Active,Surviving,USA,TRUE,12,11-25,FALSE,Supply Chain and Logistics
11960,Convictional,2019,2015-2024,Active,Surviving,Canada,FALSE,15,11-25,FALSE,B2B
11960,Convictional,2019,2015-2024,Active,Surviving,Canada,FALSE,15,11-25,FALSE,Operations
11959,Sunsama,2019,2015-2024,Active,Surviving,USA,TRUE,7,6-10,FALSE,B2B
11959,Sunsama,2019,2015-2024,Active,Surviving,USA,TRUE,7,6-10,FALSE,Productivity
11956,Spire Law,2019,2015-2024,Active,Surviving,USA,TRUE,10,6-10,FALSE,B2B
11956,Spire Law,2019,2015-2024,Active,Surviving,USA,TRUE,10,6-10,FALSE,Legal
11948,Centaur,2019,2015-2024,Active,Surviving,USA,TRUE,45,26-100,FALSE,Healthcare
11948,Centaur,2019,2015-2024,Active,Surviving,USA,TRUE,45,26-100,FALSE,Healthcare IT
11946,Ultralight,2019,2015-2024,Active,Surviving,USA,TRUE,1,1-5,FALSE,B2B
11946,Ultralight,2019,2015-2024,Active,Surviving,USA,TRUE,1,1-5,FALSE,"Engineering, Product and Design"
11944,Bottomless,2019,2015-2024,Active,Surviving,USA,TRUE,2,1-5,FALSE,Consumer
11944,Bottomless,2019,2015-2024,Active,Surviving,USA,TRUE,2,1-5,FALSE,Food and Beverage
11943,Kalshi,2019,2015-2024,Active,Surviving,USA,TRUE,125,101-500,FALSE,Fintech
11940,Keeper,2019,2015-2024,Active,Surviving,USA,TRUE,21,11-25,FALSE,Fintech
11940,Keeper,2019,2015-2024,Active,Surviving,USA,TRUE,21,11-25,FALSE,Consumer Finance
11935,AllSome Fulfillment,2019,2015-2024,Active,Surviving,China,FALSE,18,11-25,FALSE,B2B
11935,AllSome Fulfillment,2019,2015-2024,Active,Surviving,China,FALSE,18,11-25,FALSE,Supply Chain and Logistics
11934,Positive,2019,2015-2024,Active,Surviving,USA,TRUE,47,26-100,FALSE,Consumer
11934,Positive,2019,2015-2024,Active,Surviving,USA,TRUE,47,26-100,FALSE,Food and Beverage
11932,The Juggernaut,2019,2015-2024,Active,Surviving,USA,TRUE,5,1-5,FALSE,Consumer
11932,The Juggernaut,2019,2015-2024,Active,Surviving,USA,TRUE,5,1-5,FALSE,Content
11927,Canopy (was Encarte),2019,2015-2024,Active,Surviving,USA,TRUE,2,1-5,FALSE,Fintech
11927,Canopy (was Encarte),2019,2015-2024,Active,Surviving,USA,TRUE,2,1-5,FALSE,Payments
11926,Parker,2019,2015-2024,Active,Surviving,USA,TRUE,10,6-10,FALSE,Fintech
11926,Parker,2019,2015-2024,Active,Surviving,USA,TRUE,10,6-10,FALSE,Banking and Exchange
11925,Intelline,2019,2015-2024,Active,Surviving,Canada,FALSE,3,1-5,FALSE,Industrials
11925,Intelline,2019,2015-2024,Active,Surviving,Canada,FALSE,3,1-5,FALSE,Manufacturing and Robotics
11924,Flockjay,2019,2015-2024,Active,Surviving,USA,TRUE,10,6-10,FALSE,B2B
11924,Flockjay,2019,2015-2024,Active,Surviving,USA,TRUE,10,6-10,FALSE,Sales
11922,Trexo Robotics,2019,2015-2024,Active,Surviving,Canada,FALSE,30,26-100,FALSE,Healthcare
11922,Trexo Robotics,2019,2015-2024,Active,Surviving,Canada,FALSE,30,26-100,FALSE,Medical Devices
11919,Taobotics,2019,2015-2024,Active,Surviving,China,FALSE,11,11-25,FALSE,Industrials
11919,Taobotics,2019,2015-2024,Active,Surviving,China,FALSE,11,11-25,FALSE,Manufacturing and Robotics
11895,Overview,2019,2015-2024,Active,Surviving,USA,TRUE,40,26-100,FALSE,Industrials
11895,Overview,2019,2015-2024,Active,Surviving,USA,TRUE,40,26-100,FALSE,Manufacturing and Robotics
1898,Searchlight,2019,2015-2024,Acquired,Successful,USA,TRUE,20,11-25,FALSE,B2B
1898,Searchlight,2019,2015-2024,Acquired,Successful,USA,TRUE,20,11-25,FALSE,Recruiting and Talent
12391,ZeroDown,2019,2015-2024,Acquired,Successful,USA,TRUE,13,11-25,FALSE,Real Estate and Construction
12391,ZeroDown,2019,2015-2024,Acquired,Successful,USA,TRUE,13,11-25,FALSE,Housing and Real Estate
12372,Balto,2019,2015-2024,Acquired,Successful,USA,TRUE,5,1-5,FALSE,Consumer
12372,Balto,2019,2015-2024,Acquired,Successful,USA,TRUE,5,1-5,FALSE,Gaming
12366,Catch,2019,2015-2024,Acquired,Successful,USA,TRUE,18,11-25,FALSE,Fintech
12366,Catch,2019,2015-2024,Acquired,Successful,USA,TRUE,18,11-25,FALSE,Consumer Finance
12356,Memfault,2019,2015-2024,Acquired,Successful,USA,TRUE,80,26-100,FALSE,B2B
12356,Memfault,2019,2015-2024,Acquired,Successful,USA,TRUE,80,26-100,FALSE,Analytics
12344,Accept.inc (formerly BoardRE),2019,2015-2024,Acquired,Successful,USA,TRUE,80,26-100,FALSE,Fintech
12344,Accept.inc (formerly BoardRE),2019,2015-2024,Acquired,Successful,USA,TRUE,80,26-100,FALSE,Credit and Lending
12275,WorkClout,2019,2015-2024,Acquired,Successful,USA,TRUE,6,6-10,FALSE,B2B
12275,WorkClout,2019,2015-2024,Acquired,Successful,USA,TRUE,6,6-10,FALSE,Supply Chain and Logistics
12271,Allure Systems,2019,2015-2024,Acquired,Successful,USA,TRUE,18,11-25,FALSE,B2B
12271,Allure Systems,2019,2015-2024,Acquired,Successful,USA,TRUE,18,11-25,FALSE,Retail
12260,AXDRAFT,2019,2015-2024,Acquired,Successful,Ukraine,FALSE,34,26-100,FALSE,B2B
12260,AXDRAFT,2019,2015-2024,Acquired,Successful,Ukraine,FALSE,34,26-100,FALSE,Legal
12244,Kovi,2019,2015-2024,Acquired,Successful,Brazil,FALSE,890,500+,FALSE,Fintech
12244,Kovi,2019,2015-2024,Acquired,Successful,Brazil,FALSE,890,500+,FALSE,Credit and Lending
12241,Shiok Meats,2019,2015-2024,Acquired,Successful,Singapore,FALSE,9,6-10,FALSE,Healthcare
12241,Shiok Meats,2019,2015-2024,Acquired,Successful,Singapore,FALSE,9,6-10,FALSE,Industrial Bio
12239,Slapdash,2019,2015-2024,Acquired,Successful,USA,TRUE,6,6-10,FALSE,B2B
12239,Slapdash,2019,2015-2024,Acquired,Successful,USA,TRUE,6,6-10,FALSE,Productivity
12238,Seawise Capital,2019,2015-2024,Acquired,Successful,India,FALSE,3,1-5,FALSE,Fintech
12238,Seawise Capital,2019,2015-2024,Acquired,Successful,India,FALSE,3,1-5,FALSE,Credit and Lending
12078,Cocoon,2019,2015-2024,Acquired,Successful,USA,TRUE,6,6-10,FALSE,Consumer
12078,Cocoon,2019,2015-2024,Acquired,Successful,USA,TRUE,6,6-10,FALSE,Social
12038,Doorport,2019,2015-2024,Acquired,Successful,USA,TRUE,3,1-5,FALSE,Real Estate and Construction
12038,Doorport,2019,2015-2024,Acquired,Successful,USA,TRUE,3,1-5,FALSE,Housing and Real Estate
12034,Askdata,2019,2015-2024,Acquired,Successful,USA,TRUE,17,11-25,FALSE,B2B
12034,Askdata,2019,2015-2024,Acquired,Successful,USA,TRUE,17,11-25,FALSE,Analytics
12031,Elph,2019,2015-2024,Acquired,Successful,USA,TRUE,5,1-5,FALSE,B2B
12031,Elph,2019,2015-2024,Acquired,Successful,USA,TRUE,5,1-5,FALSE,"Engineering, Product and Design"
12014,Docbot,2019,2015-2024,Acquired,Successful,USA,TRUE,0,NA,FALSE,Healthcare
12014,Docbot,2019,2015-2024,Acquired,Successful,USA,TRUE,0,NA,FALSE,Healthcare IT
12012,Atomic Alchemy,2019,2015-2024,Acquired,Successful,USA,TRUE,8,6-10,FALSE,Industrials
12012,Atomic Alchemy,2019,2015-2024,Acquired,Successful,USA,TRUE,8,6-10,FALSE,Manufacturing and Robotics
12009,Visly,2019,2015-2024,Acquired,Successful,NA,FALSE,6,6-10,FALSE,B2B
12009,Visly,2019,2015-2024,Acquired,Successful,NA,FALSE,6,6-10,FALSE,Infrastructure
12002,Forage,2019,2015-2024,Acquired,Successful,USA,TRUE,65,26-100,FALSE,B2B
12002,Forage,2019,2015-2024,Acquired,Successful,USA,TRUE,65,26-100,FALSE,Recruiting and Talent
11985,Coursedog,2019,2015-2024,Acquired,Successful,USA,TRUE,100,26-100,FALSE,B2B
11985,Coursedog,2019,2015-2024,Acquired,Successful,USA,TRUE,100,26-100,FALSE,Operations
11975,Hatch,2019,2015-2024,Acquired,Successful,USA,TRUE,73,26-100,FALSE,B2B
11975,Hatch,2019,2015-2024,Acquired,Successful,USA,TRUE,73,26-100,FALSE,Sales
11972,Convex,2019,2015-2024,Acquired,Successful,USA,TRUE,110,101-500,FALSE,B2B
11972,Convex,2019,2015-2024,Acquired,Successful,USA,TRUE,110,101-500,FALSE,Sales
11967,Ascen,2019,2015-2024,Acquired,Successful,USA,TRUE,17,11-25,FALSE,B2B
11967,Ascen,2019,2015-2024,Acquired,Successful,USA,TRUE,17,11-25,FALSE,Recruiting and Talent
11966,Windsor,2019,2015-2024,Acquired,Successful,USA,TRUE,5,1-5,FALSE,B2B
11965,Preflight,2019,2015-2024,Acquired,Successful,USA,TRUE,5,1-5,FALSE,B2B
11965,Preflight,2019,2015-2024,Acquired,Successful,USA,TRUE,5,1-5,FALSE,"Engineering, Product and Design"
11938,InterPrime,2019,2015-2024,Acquired,Successful,USA,TRUE,3,1-5,FALSE,B2B
11938,InterPrime,2019,2015-2024,Acquired,Successful,USA,TRUE,3,1-5,FALSE,Finance and Accounting
11937,Insight,2019,2015-2024,Acquired,Successful,USA,TRUE,3,1-5,FALSE,Consumer
11936,Pachama,2019,2015-2024,Acquired,Successful,USA,TRUE,85,26-100,FALSE,Industrials
11936,Pachama,2019,2015-2024,Acquired,Successful,USA,TRUE,85,26-100,FALSE,Climate
11931,Geosite,2019,2015-2024,Acquired,Successful,USA,TRUE,40,26-100,FALSE,B2B
11931,Geosite,2019,2015-2024,Acquired,Successful,USA,TRUE,40,26-100,FALSE,Operations
11928,ZeroStorefront,2019,2015-2024,Acquired,Successful,USA,TRUE,7,6-10,FALSE,B2B
11928,ZeroStorefront,2019,2015-2024,Acquired,Successful,USA,TRUE,7,6-10,FALSE,Operations
11921,Fuzzbuzz,2019,2015-2024,Acquired,Successful,USA,TRUE,NA,NA,FALSE,B2B
11921,Fuzzbuzz,2019,2015-2024,Acquired,Successful,USA,TRUE,NA,NA,FALSE,Infrastructure
12415,Spiral Genetics,2019,2015-2024,Inactive,Failed,USA,TRUE,7,6-10,FALSE,Healthcare
12415,Spiral Genetics,2019,2015-2024,Inactive,Failed,USA,TRUE,7,6-10,FALSE,Healthcare Services
12387,Union Apartment,2019,2015-2024,Inactive,Failed,USA,TRUE,12,11-25,FALSE,Real Estate and Construction
12387,Union Apartment,2019,2015-2024,Inactive,Failed,USA,TRUE,12,11-25,FALSE,Housing and Real Estate
12362,Mage,2019,2015-2024,Inactive,Failed,Germany,FALSE,3,1-5,FALSE,Consumer
12362,Mage,2019,2015-2024,Inactive,Failed,Germany,FALSE,3,1-5,FALSE,"Travel, Leisure and Tourism"
12284,Basement,2019,2015-2024,Inactive,Failed,USA,TRUE,2,1-5,FALSE,Consumer
12284,Basement,2019,2015-2024,Inactive,Failed,USA,TRUE,2,1-5,FALSE,Social
12277,Tailor-ED,2019,2015-2024,Inactive,Failed,Israel,FALSE,10,6-10,FALSE,Education
12265,Sublime Black,2019,2015-2024,Inactive,Failed,,FALSE,0,NA,FALSE,B2B
12265,Sublime Black,2019,2015-2024,Inactive,Failed,,FALSE,0,NA,FALSE,Security
12264,Frubana Inc,2019,2015-2024,Inactive,Failed,Brazil,FALSE,384,101-500,FALSE,B2B
12264,Frubana Inc,2019,2015-2024,Inactive,Failed,Brazil,FALSE,384,101-500,FALSE,Supply Chain and Logistics
12258,Datamode,2019,2015-2024,Inactive,Failed,USA,TRUE,1,1-5,FALSE,B2B
12258,Datamode,2019,2015-2024,Inactive,Failed,USA,TRUE,1,1-5,FALSE,"Engineering, Product and Design"
12252,54Gene,2019,2015-2024,Inactive,Failed,Nigeria,FALSE,47,26-100,FALSE,Healthcare
12252,54Gene,2019,2015-2024,Inactive,Failed,Nigeria,FALSE,47,26-100,FALSE,Consumer Health and Wellness
12210,Endpoint Health,2019,2015-2024,Inactive,Failed,USA,TRUE,23,11-25,FALSE,Healthcare
12210,Endpoint Health,2019,2015-2024,Inactive,Failed,USA,TRUE,23,11-25,FALSE,Therapeutics
12175,Capture,2019,2015-2024,Inactive,Failed,USA,TRUE,4,1-5,FALSE,B2B
12175,Capture,2019,2015-2024,Inactive,Failed,USA,TRUE,4,1-5,FALSE,Productivity
12092,Traverse Technologies,2019,2015-2024,Inactive,Failed,Singapore,FALSE,6,6-10,FALSE,B2B
12092,Traverse Technologies,2019,2015-2024,Inactive,Failed,Singapore,FALSE,6,6-10,FALSE,Operations
12090,Hypnos,2019,2015-2024,Inactive,Failed,USA,TRUE,3,1-5,FALSE,Consumer
12090,Hypnos,2019,2015-2024,Inactive,Failed,USA,TRUE,3,1-5,FALSE,Food and Beverage
12079,DailyDoctor,2019,2015-2024,Inactive,Failed,USA,TRUE,NA,NA,FALSE,Healthcare
12073,Fuse,2019,2015-2024,Inactive,Failed,USA,TRUE,7,6-10,FALSE,Fintech
12072,CareerTu,2019,2015-2024,Inactive,Failed,USA,TRUE,15,11-25,FALSE,Education
12068,Cherry,2019,2015-2024,Inactive,Failed,USA,TRUE,2,1-5,FALSE,B2B
12068,Cherry,2019,2015-2024,Inactive,Failed,USA,TRUE,2,1-5,FALSE,Human Resources
12047,AuroraQ,2019,2015-2024,Inactive,Failed,Canada,FALSE,1,1-5,FALSE,Industrials
12047,AuroraQ,2019,2015-2024,Inactive,Failed,Canada,FALSE,1,1-5,FALSE,Manufacturing and Robotics
12045,BlitzIQ,2019,2015-2024,Inactive,Failed,USA,TRUE,0,NA,FALSE,B2B
12045,BlitzIQ,2019,2015-2024,Inactive,Failed,USA,TRUE,0,NA,FALSE,Sales
12041,Maitian.ai,2019,2015-2024,Inactive,Failed,Singapore,FALSE,5,1-5,FALSE,B2B
12041,Maitian.ai,2019,2015-2024,Inactive,Failed,Singapore,FALSE,5,1-5,FALSE,Retail
12033,PerShop,2019,2015-2024,Inactive,Failed,USA,TRUE,2,1-5,FALSE,Consumer
12033,PerShop,2019,2015-2024,Inactive,Failed,USA,TRUE,2,1-5,FALSE,Apparel and Cosmetics
12015,Docucharm,2019,2015-2024,Inactive,Failed,USA,TRUE,2,1-5,FALSE,B2B
12015,Docucharm,2019,2015-2024,Inactive,Failed,USA,TRUE,2,1-5,FALSE,Operations
12013,Evo.Do,2019,2015-2024,Inactive,Failed,Israel,FALSE,2,1-5,FALSE,B2B
12013,Evo.Do,2019,2015-2024,Inactive,Failed,Israel,FALSE,2,1-5,FALSE,"Engineering, Product and Design"
12011,ResistanceBio,2019,2015-2024,Inactive,Failed,USA,TRUE,15,11-25,FALSE,Healthcare
12011,ResistanceBio,2019,2015-2024,Inactive,Failed,USA,TRUE,15,11-25,FALSE,Therapeutics
12004,Simmer,2019,2015-2024,Inactive,Failed,USA,TRUE,2,1-5,FALSE,Consumer
12004,Simmer,2019,2015-2024,Inactive,Failed,USA,TRUE,2,1-5,FALSE,"Travel, Leisure and Tourism"
11992,Basilica,2019,2015-2024,Inactive,Failed,USA,TRUE,2,1-5,FALSE,B2B
11992,Basilica,2019,2015-2024,Inactive,Failed,USA,TRUE,2,1-5,FALSE,"Engineering, Product and Design"
11990,Adventurous Co,2019,2015-2024,Inactive,Failed,USA,TRUE,2,1-5,FALSE,Consumer
11990,Adventurous Co,2019,2015-2024,Inactive,Failed,USA,TRUE,2,1-5,FALSE,Virtual and Augmented Reality
11982,Herald,2019,2015-2024,Inactive,Failed,USA,TRUE,2,1-5,FALSE,B2B
11982,Herald,2019,2015-2024,Inactive,Failed,USA,TRUE,2,1-5,FALSE,Office Management
11978,Avalanche,2019,2015-2024,Inactive,Failed,USA,TRUE,1,1-5,FALSE,B2B
11978,Avalanche,2019,2015-2024,Inactive,Failed,USA,TRUE,1,1-5,FALSE,Marketing
11971,Portal Entryways,2019,2015-2024,Inactive,Failed,USA,TRUE,4,1-5,FALSE,B2B
11971,Portal Entryways,2019,2015-2024,Inactive,Failed,USA,TRUE,4,1-5,FALSE,Office Management
11964,Chaser,2019,2015-2024,Inactive,Failed,USA,TRUE,2,1-5,FALSE,B2B
11957,Green Energy Exchange,2019,2015-2024,Inactive,Failed,USA,TRUE,3,1-5,FALSE,Industrials
11957,Green Energy Exchange,2019,2015-2024,Inactive,Failed,USA,TRUE,3,1-5,FALSE,Energy
11955,DevFlight,2019,2015-2024,Inactive,Failed,USA,TRUE,2,1-5,FALSE,B2B
11955,DevFlight,2019,2015-2024,Inactive,Failed,USA,TRUE,2,1-5,FALSE,"Engineering, Product and Design"
11954,Comradery,2019,2015-2024,Inactive,Failed,USA,TRUE,1,1-5,FALSE,B2B
11954,Comradery,2019,2015-2024,Inactive,Failed,USA,TRUE,1,1-5,FALSE,Productivity
11949,SpaceRyde,2019,2015-2024,Inactive,Failed,USA,TRUE,33,26-100,FALSE,Industrials
11949,SpaceRyde,2019,2015-2024,Inactive,Failed,USA,TRUE,33,26-100,FALSE,Aviation and Space
11942,Pengram,2019,2015-2024,Inactive,Failed,USA,TRUE,2,1-5,FALSE,B2B
11942,Pengram,2019,2015-2024,Inactive,Failed,USA,TRUE,2,1-5,FALSE,Human Resources
11941,Kopa,2019,2015-2024,Inactive,Failed,USA,TRUE,6,6-10,FALSE,Real Estate and Construction
11941,Kopa,2019,2015-2024,Inactive,Failed,USA,TRUE,6,6-10,FALSE,Housing and Real Estate
11939,Vectordash,2019,2015-2024,Inactive,Failed,USA,TRUE,3,1-5,FALSE,Consumer
11939,Vectordash,2019,2015-2024,Inactive,Failed,USA,TRUE,3,1-5,FALSE,Gaming
11933,Volk Wireless,2019,2015-2024,Inactive,Failed,,FALSE,0,NA,FALSE,Consumer
11933,Volk Wireless,2019,2015-2024,Inactive,Failed,,FALSE,0,NA,FALSE,Home and Personal
11930,Brick Health,2019,2015-2024,Inactive,Failed,USA,TRUE,1,1-5,FALSE,Healthcare
11930,Brick Health,2019,2015-2024,Inactive,Failed,USA,TRUE,1,1-5,FALSE,Healthcare IT
11923,Allo,2019,2015-2024,Inactive,Failed,USA,TRUE,2,1-5,FALSE,Consumer
11923,Allo,2019,2015-2024,Inactive,Failed,USA,TRUE,2,1-5,FALSE,Social
12565,Odeko,2019,2015-2024,Active,Surviving,USA,TRUE,371,101-500,TRUE,B2B
22571,Gather,2019,2015-2024,Active,Surviving,USA,TRUE,60,26-100,FALSE,Consumer
22571,Gather,2019,2015-2024,Active,Surviving,USA,TRUE,60,26-100,FALSE,Social
12941,Sequence Bio,2019,2015-2024,Active,Surviving,Canada,FALSE,52,26-100,FALSE,Healthcare
12941,Sequence Bio,2019,2015-2024,Active,Surviving,Canada,FALSE,52,26-100,FALSE,Drug Discovery and Delivery
12903,Breadfast,2019,2015-2024,Active,Surviving,Egypt,FALSE,6000,500+,FALSE,Consumer
12897,Apurata,2019,2015-2024,Active,Surviving,Peru,FALSE,12,11-25,FALSE,Fintech
12897,Apurata,2019,2015-2024,Active,Surviving,Peru,FALSE,12,11-25,FALSE,Credit and Lending
12878,Vendr,2019,2015-2024,Active,Surviving,USA,TRUE,50,26-100,FALSE,B2B
12878,Vendr,2019,2015-2024,Active,Surviving,USA,TRUE,50,26-100,FALSE,Operations
12877,EPIC AEROSPACE,2019,2015-2024,Active,Surviving,Argentina,FALSE,14,11-25,FALSE,Industrials
12877,EPIC AEROSPACE,2019,2015-2024,Active,Surviving,Argentina,FALSE,14,11-25,FALSE,Aviation and Space
12876,GitStart,2019,2015-2024,Active,Surviving,USA,TRUE,19,11-25,FALSE,B2B
12876,GitStart,2019,2015-2024,Active,Surviving,USA,TRUE,19,11-25,FALSE,"Engineering, Product and Design"
12875,LAIKA,2019,2015-2024,Active,Surviving,Colombia,FALSE,500,101-500,FALSE,Consumer
12875,LAIKA,2019,2015-2024,Active,Surviving,Colombia,FALSE,500,101-500,FALSE,Home and Personal
12867,Vorticity,2019,2015-2024,Active,Surviving,USA,TRUE,10,6-10,FALSE,Industrials
12867,Vorticity,2019,2015-2024,Active,Surviving,USA,TRUE,10,6-10,FALSE,Manufacturing and Robotics
12863,Taskade,2019,2015-2024,Active,Surviving,USA,TRUE,14,11-25,FALSE,B2B
12863,Taskade,2019,2015-2024,Active,Surviving,USA,TRUE,14,11-25,FALSE,Productivity
12862,Meridian Industries,2019,2015-2024,Active,Surviving,USA,TRUE,6,6-10,FALSE,B2B
12862,Meridian Industries,2019,2015-2024,Active,Surviving,USA,TRUE,6,6-10,FALSE,Analytics
12861,Asher Bio,2019,2015-2024,Active,Surviving,USA,TRUE,3,1-5,FALSE,Healthcare
12861,Asher Bio,2019,2015-2024,Active,Surviving,USA,TRUE,3,1-5,FALSE,Therapeutics
12860,Deepnote,2019,2015-2024,Active,Surviving,,FALSE,0,NA,FALSE,B2B
12860,Deepnote,2019,2015-2024,Active,Surviving,,FALSE,0,NA,FALSE,"Engineering, Product and Design"
12857,Aspect,2019,2015-2024,Active,Surviving,,FALSE,1,1-5,FALSE,B2B
12857,Aspect,2019,2015-2024,Active,Surviving,,FALSE,1,1-5,FALSE,"Engineering, Product and Design"
12856,Coco Wallet,2019,2015-2024,Active,Surviving,USA,TRUE,50,26-100,FALSE,Fintech
12856,Coco Wallet,2019,2015-2024,Active,Surviving,USA,TRUE,50,26-100,FALSE,Payments
12855,treble.ai,2019,2015-2024,Active,Surviving,Brazil,FALSE,38,26-100,FALSE,B2B
12855,treble.ai,2019,2015-2024,Active,Surviving,Brazil,FALSE,38,26-100,FALSE,Marketing
12854,Vitau,2019,2015-2024,Active,Surviving,Mexico,FALSE,55,26-100,FALSE,Healthcare
12854,Vitau,2019,2015-2024,Active,Surviving,Mexico,FALSE,55,26-100,FALSE,Healthcare IT
12851,Flowbot,2019,2015-2024,Active,Surviving,USA,TRUE,2,1-5,FALSE,B2B
12851,Flowbot,2019,2015-2024,Active,Surviving,USA,TRUE,2,1-5,FALSE,Infrastructure
12850,Curri,2019,2015-2024,Active,Surviving,USA,TRUE,104,101-500,FALSE,Real Estate and Construction
12850,Curri,2019,2015-2024,Active,Surviving,USA,TRUE,104,101-500,FALSE,Construction
12848,zeroheight,2019,2015-2024,Active,Surviving,United Kingdom,FALSE,55,26-100,FALSE,B2B
12848,zeroheight,2019,2015-2024,Active,Surviving,United Kingdom,FALSE,55,26-100,FALSE,"Engineering, Product and Design"
12847,Mudafy,2019,2015-2024,Active,Surviving,Argentina,FALSE,75,26-100,FALSE,Real Estate and Construction
12847,Mudafy,2019,2015-2024,Active,Surviving,Argentina,FALSE,75,26-100,FALSE,Housing and Real Estate
12846,Traces,2019,2015-2024,Active,Surviving,USA,TRUE,10,6-10,FALSE,B2B
12846,Traces,2019,2015-2024,Active,Surviving,USA,TRUE,10,6-10,FALSE,Security
12845,Freshpaint,2019,2015-2024,Active,Surviving,USA,TRUE,120,101-500,FALSE,B2B
12845,Freshpaint,2019,2015-2024,Active,Surviving,USA,TRUE,120,101-500,FALSE,Infrastructure
12843,PayMongo,2019,2015-2024,Active,Surviving,Philippines,FALSE,220,101-500,FALSE,Fintech
12843,PayMongo,2019,2015-2024,Active,Surviving,Philippines,FALSE,220,101-500,FALSE,Payments
12842,InEvent,2019,2015-2024,Active,Surviving,USA,TRUE,150,101-500,FALSE,B2B
12842,InEvent,2019,2015-2024,Active,Surviving,USA,TRUE,150,101-500,FALSE,Marketing
12841,Heru,2019,2015-2024,Active,Surviving,Mexico,FALSE,53,26-100,FALSE,Fintech
12839,Tranqui Finanzas,2019,2015-2024,Active,Surviving,Colombia,FALSE,27,26-100,FALSE,Fintech
12839,Tranqui Finanzas,2019,2015-2024,Active,Surviving,Colombia,FALSE,27,26-100,FALSE,Credit and Lending
12838,Holy Grail,2019,2015-2024,Active,Surviving,USA,TRUE,7,6-10,FALSE,B2B
12837,Recidiviz,2019,2015-2024,Active,Surviving,USA,TRUE,100,26-100,FALSE,Government
12836,Trella,2019,2015-2024,Active,Surviving,Egypt,FALSE,50,26-100,FALSE,B2B
12836,Trella,2019,2015-2024,Active,Surviving,Egypt,FALSE,50,26-100,FALSE,Supply Chain and Logistics
12834,Flux,2019,2015-2024,Active,Surviving,Mexico,FALSE,9,6-10,FALSE,Fintech
12834,Flux,2019,2015-2024,Active,Surviving,Mexico,FALSE,9,6-10,FALSE,Payments
12833,stoic.,2019,2015-2024,Active,Surviving,Poland,FALSE,9,6-10,FALSE,Healthcare
12833,stoic.,2019,2015-2024,Active,Surviving,Poland,FALSE,9,6-10,FALSE,Consumer Health and Wellness
12832,PredictLeads,2019,2015-2024,Active,Surviving,Slovenia,FALSE,37,26-100,FALSE,B2B
12832,PredictLeads,2019,2015-2024,Active,Surviving,Slovenia,FALSE,37,26-100,FALSE,Analytics
12830,Eden Farm,2019,2015-2024,Active,Surviving,Indonesia,FALSE,110,101-500,FALSE,B2B
12830,Eden Farm,2019,2015-2024,Active,Surviving,Indonesia,FALSE,110,101-500,FALSE,Supply Chain and Logistics
12829,Gotrade,2019,2015-2024,Active,Surviving,Singapore,FALSE,105,101-500,FALSE,Fintech
12829,Gotrade,2019,2015-2024,Active,Surviving,Singapore,FALSE,105,101-500,FALSE,Consumer Finance
12821,Hightouch,2019,2015-2024,Active,Surviving,USA,TRUE,200,101-500,FALSE,B2B
12821,Hightouch,2019,2015-2024,Active,Surviving,USA,TRUE,200,101-500,FALSE,Marketing
12797,Spice Data,2019,2015-2024,Active,Surviving,USA,TRUE,NA,NA,FALSE,B2B
12769,Demand Curve,2019,2015-2024,Active,Surviving,USA,TRUE,10,6-10,FALSE,Education
12768,Ramen VR,2019,2015-2024,Active,Surviving,USA,TRUE,15,11-25,FALSE,Consumer
12768,Ramen VR,2019,2015-2024,Active,Surviving,USA,TRUE,15,11-25,FALSE,Gaming
12760,FamPay,2019,2015-2024,Active,Surviving,India,FALSE,24,11-25,FALSE,Fintech
12760,FamPay,2019,2015-2024,Active,Surviving,India,FALSE,24,11-25,FALSE,Payments
12739,Digi-Prex,2019,2015-2024,Active,Surviving,India,FALSE,32,26-100,FALSE,Healthcare
12739,Digi-Prex,2019,2015-2024,Active,Surviving,India,FALSE,32,26-100,FALSE,Consumer Health and Wellness
12738,Vahan,2019,2015-2024,Active,Surviving,India,FALSE,85,26-100,FALSE,B2B
12738,Vahan,2019,2015-2024,Active,Surviving,India,FALSE,85,26-100,FALSE,Recruiting and Talent
12727,Proof Trading,2019,2015-2024,Active,Surviving,USA,TRUE,7,6-10,FALSE,Fintech
12727,Proof Trading,2019,2015-2024,Active,Surviving,USA,TRUE,7,6-10,FALSE,Banking and Exchange
12723,Lokal,2019,2015-2024,Active,Surviving,India,FALSE,24,11-25,FALSE,Consumer
12723,Lokal,2019,2015-2024,Active,Surviving,India,FALSE,24,11-25,FALSE,Content
12711,Binks,2019,2015-2024,Active,Surviving,India,FALSE,70,26-100,FALSE,Consumer
12711,Binks,2019,2015-2024,Active,Surviving,India,FALSE,70,26-100,FALSE,Apparel and Cosmetics
12700,LineLeap,2019,2015-2024,Active,Surviving,USA,TRUE,50,26-100,FALSE,Consumer
12700,LineLeap,2019,2015-2024,Active,Surviving,USA,TRUE,50,26-100,FALSE,Food and Beverage
12682,CoLab,2019,2015-2024,Active,Surviving,Canada,FALSE,150,101-500,FALSE,B2B
12682,CoLab,2019,2015-2024,Active,Surviving,Canada,FALSE,150,101-500,FALSE,"Engineering, Product and Design"
12677,EARTH AI,2019,2015-2024,Active,Surviving,USA,TRUE,12,11-25,FALSE,Industrials
12677,EARTH AI,2019,2015-2024,Active,Surviving,USA,TRUE,12,11-25,FALSE,Climate
12675,Wasmer,2019,2015-2024,Active,Surviving,USA,TRUE,11,11-25,FALSE,B2B
12675,Wasmer,2019,2015-2024,Active,Surviving,USA,TRUE,11,11-25,FALSE,Infrastructure
12674,Microverse,2019,2015-2024,Active,Surviving,NA,FALSE,35,26-100,FALSE,Education
12666,spotLESS Materials,2019,2015-2024,Active,Surviving,USA,TRUE,6,6-10,FALSE,Industrials
12664,Kern Systems,2019,2015-2024,Active,Surviving,USA,TRUE,3,1-5,FALSE,Healthcare
12664,Kern Systems,2019,2015-2024,Active,Surviving,USA,TRUE,3,1-5,FALSE,Industrial Bio
12663,Arpeggio Bio,2019,2015-2024,Active,Surviving,USA,TRUE,20,11-25,FALSE,Healthcare
12663,Arpeggio Bio,2019,2015-2024,Active,Surviving,USA,TRUE,20,11-25,FALSE,Drug Discovery and Delivery
12662,DirectShifts,2019,2015-2024,Active,Surviving,USA,TRUE,72,26-100,FALSE,Healthcare
12662,DirectShifts,2019,2015-2024,Active,Surviving,USA,TRUE,72,26-100,FALSE,Healthcare Services
12661,Rutter,2019,2015-2024,Active,Surviving,USA,TRUE,24,11-25,FALSE,B2B
12661,Rutter,2019,2015-2024,Active,Surviving,USA,TRUE,24,11-25,FALSE,"Engineering, Product and Design"
12660,Rosebud AI,2019,2015-2024,Active,Surviving,USA,TRUE,10,6-10,FALSE,Consumer
12659,Hatchways,2019,2015-2024,Active,Surviving,Canada,FALSE,8,6-10,FALSE,B2B
12659,Hatchways,2019,2015-2024,Active,Surviving,Canada,FALSE,8,6-10,FALSE,Recruiting and Talent
12653,Million Marker,2019,2015-2024,Active,Surviving,USA,TRUE,2,1-5,FALSE,Healthcare
12653,Million Marker,2019,2015-2024,Active,Surviving,USA,TRUE,2,1-5,FALSE,Consumer Health and Wellness
12648,Flo,2019,2015-2024,Active,Surviving,USA,TRUE,50,26-100,FALSE,B2B
12648,Flo,2019,2015-2024,Active,Surviving,USA,TRUE,50,26-100,FALSE,Recruiting and Talent
12647,Rainbow,2019,2015-2024,Active,Surviving,USA,TRUE,28,26-100,FALSE,Fintech
12647,Rainbow,2019,2015-2024,Active,Surviving,USA,TRUE,28,26-100,FALSE,Consumer Finance
12646,Downtobid,2019,2015-2024,Active,Surviving,USA,TRUE,5,1-5,FALSE,Real Estate and Construction
12646,Downtobid,2019,2015-2024,Active,Surviving,USA,TRUE,5,1-5,FALSE,Construction
12643,Outtalent,2019,2015-2024,Active,Surviving,Kyrgyzstan,FALSE,8,6-10,FALSE,Education
12642,Canix,2019,2015-2024,Active,Surviving,USA,TRUE,22,11-25,FALSE,B2B
12642,Canix,2019,2015-2024,Active,Surviving,USA,TRUE,22,11-25,FALSE,Security
12641,Green Canopy NODE,2019,2015-2024,Active,Surviving,USA,TRUE,31,26-100,FALSE,Real Estate and Construction
12641,Green Canopy NODE,2019,2015-2024,Active,Surviving,USA,TRUE,31,26-100,FALSE,Housing and Real Estate
12640,KubeSail,2019,2015-2024,Active,Surviving,USA,TRUE,2,1-5,FALSE,Consumer
12640,KubeSail,2019,2015-2024,Active,Surviving,USA,TRUE,2,1-5,FALSE,Consumer Electronics
12639,Banner,2019,2015-2024,Active,Surviving,USA,TRUE,35,26-100,FALSE,Real Estate and Construction
12637,OpenReplay,2019,2015-2024,Active,Surviving,USA,TRUE,11,11-25,FALSE,B2B
12637,OpenReplay,2019,2015-2024,Active,Surviving,USA,TRUE,11,11-25,FALSE,Infrastructure
12632,ZETA SURGICAL,2019,2015-2024,Active,Surviving,USA,TRUE,12,11-25,FALSE,Healthcare
12632,ZETA SURGICAL,2019,2015-2024,Active,Surviving,USA,TRUE,12,11-25,FALSE,Medical Devices
12631,Fynn,2019,2015-2024,Active,Surviving,USA,TRUE,26,26-100,FALSE,Fintech
12631,Fynn,2019,2015-2024,Active,Surviving,USA,TRUE,26,26-100,FALSE,Credit and Lending
12625,UpEquity,2019,2015-2024,Active,Surviving,USA,TRUE,90,26-100,FALSE,Real Estate and Construction
12625,UpEquity,2019,2015-2024,Active,Surviving,USA,TRUE,90,26-100,FALSE,Housing and Real Estate
12622,Yummy Future,2019,2015-2024,Active,Surviving,USA,TRUE,7,6-10,FALSE,Industrials
12622,Yummy Future,2019,2015-2024,Active,Surviving,USA,TRUE,7,6-10,FALSE,Manufacturing and Robotics
12621,Kitekraft,2019,2015-2024,Active,Surviving,Germany,FALSE,6,6-10,FALSE,Industrials
12621,Kitekraft,2019,2015-2024,Active,Surviving,Germany,FALSE,6,6-10,FALSE,Energy
12619,Mindset Health,2019,2015-2024,Active,Surviving,Australia,FALSE,35,26-100,FALSE,Healthcare
12619,Mindset Health,2019,2015-2024,Active,Surviving,Australia,FALSE,35,26-100,FALSE,Medical Devices
12618,Embrace,2019,2015-2024,Active,Surviving,USA,TRUE,52,26-100,FALSE,B2B
12618,Embrace,2019,2015-2024,Active,Surviving,USA,TRUE,52,26-100,FALSE,"Engineering, Product and Design"
12614,GEn1E Lifesciences,2019,2015-2024,Active,Surviving,USA,TRUE,NA,NA,FALSE,Healthcare
12614,GEn1E Lifesciences,2019,2015-2024,Active,Surviving,USA,TRUE,NA,NA,FALSE,Therapeutics
12612,Prolific,2019,2015-2024,Active,Surviving,United Kingdom,FALSE,180,101-500,FALSE,B2B
12611,AudioFocus,2019,2015-2024,Active,Surviving,USA,TRUE,4,1-5,FALSE,Healthcare
12611,AudioFocus,2019,2015-2024,Active,Surviving,USA,TRUE,4,1-5,FALSE,Medical Devices
12609,Soteris,2019,2015-2024,Active,Surviving,USA,TRUE,4,1-5,FALSE,Fintech
12609,Soteris,2019,2015-2024,Active,Surviving,USA,TRUE,4,1-5,FALSE,Insurance
12608,TRM Labs,2019,2015-2024,Active,Surviving,USA,TRUE,250,101-500,FALSE,B2B
12608,TRM Labs,2019,2015-2024,Active,Surviving,USA,TRUE,250,101-500,FALSE,Security
12597,Lucid Bots,2019,2015-2024,Active,Surviving,USA,TRUE,26,26-100,FALSE,Industrials
12597,Lucid Bots,2019,2015-2024,Active,Surviving,USA,TRUE,26,26-100,FALSE,Manufacturing and Robotics
12585,Ever Loved,2019,2015-2024,Active,Surviving,USA,TRUE,5,1-5,FALSE,Consumer
12585,Ever Loved,2019,2015-2024,Active,Surviving,USA,TRUE,5,1-5,FALSE,Home and Personal
12582,Pair Team,2019,2015-2024,Active,Surviving,USA,TRUE,500,101-500,FALSE,Healthcare
12582,Pair Team,2019,2015-2024,Active,Surviving,USA,TRUE,500,101-500,FALSE,Healthcare Services
12578,Hype and Vice,2019,2015-2024,Active,Surviving,USA,TRUE,55,26-100,FALSE,Consumer
12578,Hype and Vice,2019,2015-2024,Active,Surviving,USA,TRUE,55,26-100,FALSE,Apparel and Cosmetics
12575,Zeal,2019,2015-2024,Active,Surviving,USA,TRUE,45,26-100,FALSE,Fintech
12574,Jupiter,2019,2015-2024,Active,Surviving,USA,TRUE,8,6-10,FALSE,B2B
12574,Jupiter,2019,2015-2024,Active,Surviving,USA,TRUE,8,6-10,FALSE,Marketing
12572,Short Story,2019,2015-2024,Active,Surviving,USA,TRUE,120,101-500,FALSE,Consumer
12572,Short Story,2019,2015-2024,Active,Surviving,USA,TRUE,120,101-500,FALSE,Apparel and Cosmetics
12564,Juno College of Technology,2019,2015-2024,Active,Surviving,Canada,FALSE,30,26-100,FALSE,Education
12560,Shift Health,2019,2015-2024,Active,Surviving,USA,TRUE,6,6-10,FALSE,Healthcare
12560,Shift Health,2019,2015-2024,Active,Surviving,USA,TRUE,6,6-10,FALSE,Healthcare Services
12554,Legacy,2019,2015-2024,Active,Surviving,USA,TRUE,35,26-100,FALSE,Healthcare
12554,Legacy,2019,2015-2024,Active,Surviving,USA,TRUE,35,26-100,FALSE,Consumer Health and Wellness
12553,Well Principled,2019,2015-2024,Active,Surviving,USA,TRUE,3,1-5,FALSE,B2B
12548,Pillar,2019,2015-2024,Active,Surviving,USA,TRUE,5,1-5,FALSE,Consumer
12548,Pillar,2019,2015-2024,Active,Surviving,USA,TRUE,5,1-5,FALSE,Content
12546,Gamebytes,2019,2015-2024,Active,Surviving,USA,TRUE,4,1-5,FALSE,Consumer
12546,Gamebytes,2019,2015-2024,Active,Surviving,USA,TRUE,4,1-5,FALSE,Gaming
12545,Method Financial,2019,2015-2024,Active,Surviving,USA,TRUE,50,26-100,FALSE,Fintech
12545,Method Financial,2019,2015-2024,Active,Surviving,USA,TRUE,50,26-100,FALSE,Payments
12536,Plotdrive,2019,2015-2024,Active,Surviving,USA,TRUE,4,1-5,FALSE,B2B
12534,Courier,2019,2015-2024,Active,Surviving,USA,TRUE,35,26-100,FALSE,B2B
12534,Courier,2019,2015-2024,Active,Surviving,USA,TRUE,35,26-100,FALSE,"Engineering, Product and Design"
12533,Lofty,2019,2015-2024,Active,Surviving,USA,TRUE,7,6-10,FALSE,Fintech
12532,Apero Health,2019,2015-2024,Active,Surviving,USA,TRUE,24,11-25,FALSE,Healthcare
12532,Apero Health,2019,2015-2024,Active,Surviving,USA,TRUE,24,11-25,FALSE,Healthcare IT
12531,Shiru,2019,2015-2024,Active,Surviving,USA,TRUE,4,1-5,FALSE,Healthcare
12531,Shiru,2019,2015-2024,Active,Surviving,USA,TRUE,4,1-5,FALSE,Industrial Bio
12527,matagora,2019,2015-2024,Active,Surviving,Canada,FALSE,5,1-5,FALSE,B2B
12527,matagora,2019,2015-2024,Active,Surviving,Canada,FALSE,5,1-5,FALSE,Retail
12525,Dex,2019,2015-2024,Active,Surviving,USA,TRUE,7,6-10,FALSE,Consumer
12525,Dex,2019,2015-2024,Active,Surviving,USA,TRUE,7,6-10,FALSE,Home and Personal
12504,Vouch,2019,2015-2024,Active,Surviving,USA,TRUE,190,101-500,FALSE,Fintech
12504,Vouch,2019,2015-2024,Active,Surviving,USA,TRUE,190,101-500,FALSE,Insurance
12454,Prenda,2019,2015-2024,Active,Surviving,USA,TRUE,15,11-25,FALSE,Education
12243,Beacons,2019,2015-2024,Active,Surviving,USA,TRUE,35,26-100,FALSE,Consumer
12243,Beacons,2019,2015-2024,Active,Surviving,USA,TRUE,35,26-100,FALSE,Social
12240,Zippi,2019,2015-2024,Active,Surviving,Brazil,FALSE,60,26-100,FALSE,Fintech
12240,Zippi,2019,2015-2024,Active,Surviving,Brazil,FALSE,60,26-100,FALSE,Credit and Lending
12129,Dover,2019,2015-2024,Active,Surviving,USA,TRUE,12,11-25,FALSE,B2B
12129,Dover,2019,2015-2024,Active,Surviving,USA,TRUE,12,11-25,FALSE,Recruiting and Talent
12076,Wren,2019,2015-2024,Active,Surviving,USA,TRUE,10,6-10,FALSE,Industrials
12076,Wren,2019,2015-2024,Active,Surviving,USA,TRUE,10,6-10,FALSE,Climate
12040,Superorder,2019,2015-2024,Active,Surviving,USA,TRUE,30,26-100,FALSE,B2B
12008,Swadesh,2019,2015-2024,Active,Surviving,USA,TRUE,10,6-10,FALSE,Fintech
12008,Swadesh,2019,2015-2024,Active,Surviving,USA,TRUE,10,6-10,FALSE,Consumer Finance
12728,MyPetrolPump,2019,2015-2024,Acquired,Successful,India,FALSE,42,26-100,FALSE,B2B
12728,MyPetrolPump,2019,2015-2024,Acquired,Successful,India,FALSE,42,26-100,FALSE,Supply Chain and Logistics
12710,Wingman,2019,2015-2024,Acquired,Successful,India,FALSE,10,6-10,FALSE,B2B
12710,Wingman,2019,2015-2024,Acquired,Successful,India,FALSE,10,6-10,FALSE,Sales
12705,Gaiascope,2019,2015-2024,Acquired,Successful,USA,TRUE,9,6-10,FALSE,B2B
12669,Data Mechanics,2019,2015-2024,Acquired,Successful,France,FALSE,25,11-25,FALSE,B2B
12669,Data Mechanics,2019,2015-2024,Acquired,Successful,France,FALSE,25,11-25,FALSE,Infrastructure
12655,Compound,2019,2015-2024,Acquired,Successful,USA,TRUE,51,26-100,FALSE,Fintech
12655,Compound,2019,2015-2024,Acquired,Successful,USA,TRUE,51,26-100,FALSE,Consumer Finance
12654,Bouncer,2019,2015-2024,Acquired,Successful,USA,TRUE,2,1-5,FALSE,B2B
12654,Bouncer,2019,2015-2024,Acquired,Successful,USA,TRUE,2,1-5,FALSE,"Engineering, Product and Design"
12628,FeaturePeek,2019,2015-2024,Acquired,Successful,USA,TRUE,4,1-5,FALSE,B2B
12628,FeaturePeek,2019,2015-2024,Acquired,Successful,USA,TRUE,4,1-5,FALSE,"Engineering, Product and Design"
12627,TaxProper,2019,2015-2024,Acquired,Successful,USA,TRUE,8,6-10,FALSE,Real Estate and Construction
12626,Localyze,2019,2015-2024,Acquired,Successful,Germany,FALSE,105,101-500,FALSE,B2B
12626,Localyze,2019,2015-2024,Acquired,Successful,Germany,FALSE,105,101-500,FALSE,Human Resources
12600,Obie,2019,2015-2024,Acquired,Successful,USA,TRUE,120,101-500,FALSE,Real Estate and Construction
12600,Obie,2019,2015-2024,Acquired,Successful,USA,TRUE,120,101-500,FALSE,Housing and Real Estate
12599,Sable,2019,2015-2024,Acquired,Successful,USA,TRUE,12,11-25,FALSE,Fintech
12599,Sable,2019,2015-2024,Acquired,Successful,USA,TRUE,12,11-25,FALSE,Consumer Finance
12591,Actiondesk,2019,2015-2024,Acquired,Successful,USA,TRUE,4,1-5,FALSE,B2B
12591,Actiondesk,2019,2015-2024,Acquired,Successful,USA,TRUE,4,1-5,FALSE,"Engineering, Product and Design"
12584,Intersect Labs,2019,2015-2024,Acquired,Successful,USA,TRUE,4,1-5,FALSE,B2B
12584,Intersect Labs,2019,2015-2024,Acquired,Successful,USA,TRUE,4,1-5,FALSE,"Engineering, Product and Design"
12580,Voyage Biomedical,2019,2015-2024,Acquired,Successful,USA,TRUE,3,1-5,FALSE,Healthcare
12580,Voyage Biomedical,2019,2015-2024,Acquired,Successful,USA,TRUE,3,1-5,FALSE,Medical Devices
12573,Bayes,2019,2015-2024,Acquired,Successful,USA,TRUE,4,1-5,FALSE,B2B
12573,Bayes,2019,2015-2024,Acquired,Successful,USA,TRUE,4,1-5,FALSE,"Engineering, Product and Design"
12550,Kraftful,2019,2015-2024,Acquired,Successful,USA,TRUE,6,6-10,FALSE,B2B
12550,Kraftful,2019,2015-2024,Acquired,Successful,USA,TRUE,6,6-10,FALSE,"Engineering, Product and Design"
12549,Symplex,2019,2015-2024,Acquired,Successful,USA,TRUE,8,6-10,FALSE,B2B
12542,Palifer,2019,2015-2024,Acquired,Successful,USA,TRUE,2,1-5,FALSE,Industrials
12542,Palifer,2019,2015-2024,Acquired,Successful,USA,TRUE,2,1-5,FALSE,Automotive
12530,Cuboh,2019,2015-2024,Acquired,Successful,Canada,FALSE,50,26-100,FALSE,B2B
12530,Cuboh,2019,2015-2024,Acquired,Successful,Canada,FALSE,50,26-100,FALSE,Retail
12509,PopSQL,2019,2015-2024,Acquired,Successful,USA,TRUE,15,11-25,FALSE,B2B
12509,PopSQL,2019,2015-2024,Acquired,Successful,USA,TRUE,15,11-25,FALSE,"Engineering, Product and Design"
12502,Bun,2019,2015-2024,Acquired,Successful,USA,TRUE,13,11-25,FALSE,B2B
12502,Bun,2019,2015-2024,Acquired,Successful,USA,TRUE,13,11-25,FALSE,Infrastructure
12425,Together Software,2019,2015-2024,Acquired,Successful,Canada,FALSE,35,26-100,FALSE,B2B
12425,Together Software,2019,2015-2024,Acquired,Successful,Canada,FALSE,35,26-100,FALSE,Human Resources
1880,Elpha,2019,2015-2024,Inactive,Failed,USA,TRUE,6,6-10,FALSE,Consumer
1880,Elpha,2019,2015-2024,Inactive,Failed,USA,TRUE,6,6-10,FALSE,Job and Career Services
12911,Odin,2019,2015-2024,Inactive,Failed,USA,TRUE,4,1-5,FALSE,Consumer
12911,Odin,2019,2015-2024,Inactive,Failed,USA,TRUE,4,1-5,FALSE,Content
12890,Unflow,2019,2015-2024,Inactive,Failed,USA,TRUE,5,1-5,FALSE,B2B
12890,Unflow,2019,2015-2024,Inactive,Failed,USA,TRUE,5,1-5,FALSE,"Engineering, Product and Design"
12868,Covela,2019,2015-2024,Inactive,Failed,Mexico,FALSE,6,6-10,FALSE,Fintech
12868,Covela,2019,2015-2024,Inactive,Failed,Mexico,FALSE,6,6-10,FALSE,Insurance
12865,Blockstamp,2019,2015-2024,Inactive,Failed,USA,TRUE,2,1-5,FALSE,Industrials
12865,Blockstamp,2019,2015-2024,Inactive,Failed,USA,TRUE,2,1-5,FALSE,Manufacturing and Robotics
12853,Valiu,2019,2015-2024,Inactive,Failed,Colombia,FALSE,24,11-25,FALSE,Fintech
12853,Valiu,2019,2015-2024,Inactive,Failed,Colombia,FALSE,24,11-25,FALSE,Payments
12849,Mipos.dev,2019,2015-2024,Inactive,Failed,Mexico,FALSE,0,NA,FALSE,B2B
12849,Mipos.dev,2019,2015-2024,Inactive,Failed,Mexico,FALSE,0,NA,FALSE,Retail
12844,Alana,2019,2015-2024,Inactive,Failed,Mexico,FALSE,14,11-25,FALSE,B2B
12844,Alana,2019,2015-2024,Inactive,Failed,Mexico,FALSE,14,11-25,FALSE,Recruiting and Talent
12835,Multis,2019,2015-2024,Inactive,Failed,France,FALSE,14,11-25,FALSE,Fintech
12835,Multis,2019,2015-2024,Inactive,Failed,France,FALSE,14,11-25,FALSE,Banking and Exchange
12741,Namaste Business,2019,2015-2024,Inactive,Failed,India,FALSE,15,11-25,FALSE,B2B
12741,Namaste Business,2019,2015-2024,Inactive,Failed,India,FALSE,15,11-25,FALSE,Retail
12740,Khabri,2019,2015-2024,Inactive,Failed,India,FALSE,11,11-25,FALSE,Consumer
12740,Khabri,2019,2015-2024,Inactive,Failed,India,FALSE,11,11-25,FALSE,Content
12737,Tensil,2019,2015-2024,Inactive,Failed,USA,TRUE,2,1-5,FALSE,Industrials
12737,Tensil,2019,2015-2024,Inactive,Failed,USA,TRUE,2,1-5,FALSE,Manufacturing and Robotics
12736,Boost Biomes,2019,2015-2024,Inactive,Failed,USA,TRUE,12,11-25,FALSE,Industrials
12736,Boost Biomes,2019,2015-2024,Inactive,Failed,USA,TRUE,12,11-25,FALSE,Agriculture
12676,Flow,2019,2015-2024,Inactive,Failed,USA,TRUE,3,1-5,FALSE,B2B
12676,Flow,2019,2015-2024,Inactive,Failed,USA,TRUE,3,1-5,FALSE,Infrastructure
12665,PlayAbly,2019,2015-2024,Inactive,Failed,NA,FALSE,5,1-5,FALSE,B2B
12658,Blair,2019,2015-2024,Inactive,Failed,USA,TRUE,10,6-10,FALSE,Fintech
12658,Blair,2019,2015-2024,Inactive,Failed,USA,TRUE,10,6-10,FALSE,Credit and Lending
12657,Zergo,2019,2015-2024,Inactive,Failed,Canada,FALSE,9,6-10,FALSE,Healthcare
12657,Zergo,2019,2015-2024,Inactive,Failed,Canada,FALSE,9,6-10,FALSE,Diagnostics
12656,Adla,2019,2015-2024,Inactive,Failed,USA,TRUE,3,1-5,FALSE,Consumer
12656,Adla,2019,2015-2024,Inactive,Failed,USA,TRUE,3,1-5,FALSE,Apparel and Cosmetics
12650,Lightwell,2019,2015-2024,Inactive,Failed,USA,TRUE,4,1-5,FALSE,B2B
12650,Lightwell,2019,2015-2024,Inactive,Failed,USA,TRUE,4,1-5,FALSE,"Engineering, Product and Design"
12645,Brave Care,2019,2015-2024,Inactive,Failed,USA,TRUE,90,26-100,FALSE,Healthcare
12645,Brave Care,2019,2015-2024,Inactive,Failed,USA,TRUE,90,26-100,FALSE,Healthcare Services
12630,Tandem,2019,2015-2024,Inactive,Failed,USA,TRUE,10,6-10,FALSE,B2B
12630,Tandem,2019,2015-2024,Inactive,Failed,USA,TRUE,10,6-10,FALSE,Productivity
12629,Nonu,2019,2015-2024,Inactive,Failed,India,FALSE,10,6-10,FALSE,Healthcare
12629,Nonu,2019,2015-2024,Inactive,Failed,India,FALSE,10,6-10,FALSE,Consumer Health and Wellness
12624,Revel,2019,2015-2024,Inactive,Failed,USA,TRUE,16,11-25,FALSE,Consumer
12624,Revel,2019,2015-2024,Inactive,Failed,USA,TRUE,16,11-25,FALSE,Social
12623,Lumineye,2019,2015-2024,Inactive,Failed,USA,TRUE,10,6-10,FALSE,Government
12615,LunaSec,2019,2015-2024,Inactive,Failed,USA,TRUE,4,1-5,FALSE,B2B
12615,LunaSec,2019,2015-2024,Inactive,Failed,USA,TRUE,4,1-5,FALSE,Security
12613,Dashblock,2019,2015-2024,Inactive,Failed,France,FALSE,3,1-5,FALSE,B2B
12613,Dashblock,2019,2015-2024,Inactive,Failed,France,FALSE,3,1-5,FALSE,"Engineering, Product and Design"
12610,Lantern,2019,2015-2024,Inactive,Failed,USA,TRUE,4,1-5,FALSE,B2B
12610,Lantern,2019,2015-2024,Inactive,Failed,USA,TRUE,4,1-5,FALSE,Analytics
12598,Narrator,2019,2015-2024,Inactive,Failed,USA,TRUE,8,6-10,FALSE,B2B
12598,Narrator,2019,2015-2024,Inactive,Failed,USA,TRUE,8,6-10,FALSE,Infrastructure
12583,Muddy,2019,2015-2024,Inactive,Failed,USA,TRUE,6,6-10,FALSE,B2B
12583,Muddy,2019,2015-2024,Inactive,Failed,USA,TRUE,6,6-10,FALSE,Productivity
12579,Encepheal Therapeutics,2019,2015-2024,Inactive,Failed,USA,TRUE,3,1-5,FALSE,Healthcare
12579,Encepheal Therapeutics,2019,2015-2024,Inactive,Failed,USA,TRUE,3,1-5,FALSE,Therapeutics
12571,Preclusio,2019,2015-2024,Inactive,Failed,USA,TRUE,2,1-5,FALSE,B2B
12571,Preclusio,2019,2015-2024,Inactive,Failed,USA,TRUE,2,1-5,FALSE,Infrastructure
12570,Prompt,2019,2015-2024,Inactive,Failed,,FALSE,1,1-5,FALSE,B2B
12570,Prompt,2019,2015-2024,Inactive,Failed,,FALSE,1,1-5,FALSE,Infrastructure
12555,Mighty Health,2019,2015-2024,Inactive,Failed,USA,TRUE,7,6-10,FALSE,Healthcare
12555,Mighty Health,2019,2015-2024,Inactive,Failed,USA,TRUE,7,6-10,FALSE,Consumer Health and Wellness
12547,BuildStream,2019,2015-2024,Inactive,Failed,United Kingdom,FALSE,9,6-10,FALSE,Real Estate and Construction
12547,BuildStream,2019,2015-2024,Inactive,Failed,United Kingdom,FALSE,9,6-10,FALSE,Construction
12544,Souffle Club,2019,2015-2024,Inactive,Failed,USA,TRUE,3,1-5,FALSE,Consumer
12544,Souffle Club,2019,2015-2024,Inactive,Failed,USA,TRUE,3,1-5,FALSE,Job and Career Services
12541,ReverCare,2019,2015-2024,Inactive,Failed,USA,TRUE,2,1-5,FALSE,B2B
12541,ReverCare,2019,2015-2024,Inactive,Failed,USA,TRUE,2,1-5,FALSE,Human Resources
12539,Hey Healthcare,2019,2015-2024,Inactive,Failed,USA,TRUE,1,1-5,FALSE,B2B
12526,MoFE,2019,2015-2024,Inactive,Failed,USA,TRUE,1,1-5,FALSE,Consumer
12526,MoFE,2019,2015-2024,Inactive,Failed,USA,TRUE,1,1-5,FALSE,"Travel, Leisure and Tourism"
12507,Playground,2019,2015-2024,Inactive,Failed,USA,TRUE,3,1-5,FALSE,Consumer
12507,Playground,2019,2015-2024,Inactive,Failed,USA,TRUE,3,1-5,FALSE,Home and Personal
12461,Safely Finance,2019,2015-2024,Inactive,Failed,USA,TRUE,2,1-5,FALSE,Consumer
12461,Safely Finance,2019,2015-2024,Inactive,Failed,USA,TRUE,2,1-5,FALSE,Home and Personal
12453,Path,2019,2015-2024,Inactive,Failed,USA,TRUE,12,11-25,FALSE,Fintech
12453,Path,2019,2015-2024,Inactive,Failed,USA,TRUE,12,11-25,FALSE,Consumer Finance
12452,Vizy,2019,2015-2024,Inactive,Failed,USA,TRUE,3,1-5,FALSE,Consumer
12452,Vizy,2019,2015-2024,Inactive,Failed,USA,TRUE,3,1-5,FALSE,Transportation Services
11987,Hutsy,2019,2015-2024,Inactive,Failed,USA,TRUE,3,1-5,FALSE,Real Estate and Construction
11987,Hutsy,2019,2015-2024,Inactive,Failed,USA,TRUE,3,1-5,FALSE,Housing and Real Estate
11947,Fit to Form,2019,2015-2024,Inactive,Failed,USA,TRUE,2,1-5,FALSE,Consumer
11947,Fit to Form,2019,2015-2024,Inactive,Failed,USA,TRUE,2,1-5,FALSE,Apparel and Cosmetics
11929,Pippin / Rent the Backyard,2019,2015-2024,Inactive,Failed,USA,TRUE,45,26-100,FALSE,Real Estate and Construction
11929,Pippin / Rent the Backyard,2019,2015-2024,Inactive,Failed,USA,TRUE,45,26-100,FALSE,Housing and Real Estate
30368,Red Barn Robotics,2025,NA,Active,Surviving,USA,TRUE,5,1-5,FALSE,Industrials
30368,Red Barn Robotics,2025,NA,Active,Surviving,USA,TRUE,5,1-5,FALSE,Agriculture
30365,Mentra,2025,NA,Active,Surviving,USA,TRUE,12,11-25,FALSE,Consumer
30365,Mentra,2025,NA,Active,Surviving,USA,TRUE,12,11-25,FALSE,Virtual and Augmented Reality
30363,BlindPay,2025,NA,Active,Surviving,,FALSE,9,6-10,FALSE,Fintech
30363,BlindPay,2025,NA,Active,Surviving,,FALSE,9,6-10,FALSE,Payments
30357,Vantel,2025,NA,Active,Surviving,,FALSE,5,1-5,FALSE,Fintech
30357,Vantel,2025,NA,Active,Surviving,,FALSE,5,1-5,FALSE,Insurance
30356,Fira,2025,NA,Active,Surviving,,FALSE,4,1-5,FALSE,B2B
30356,Fira,2025,NA,Active,Surviving,,FALSE,4,1-5,FALSE,Finance and Accounting
30355,assistant-ui,2025,NA,Active,Surviving,USA,TRUE,3,1-5,FALSE,B2B
30355,assistant-ui,2025,NA,Active,Surviving,USA,TRUE,3,1-5,FALSE,Infrastructure
30354,Artifact,2025,NA,Active,Surviving,USA,TRUE,3,1-5,FALSE,B2B
30354,Artifact,2025,NA,Active,Surviving,USA,TRUE,3,1-5,FALSE,"Engineering, Product and Design"
30353,Axal,2025,NA,Active,Surviving,USA,TRUE,13,11-25,FALSE,B2B
30351,Dex,2025,NA,Active,Surviving,USA,TRUE,2,1-5,FALSE,B2B
30351,Dex,2025,NA,Active,Surviving,USA,TRUE,2,1-5,FALSE,Productivity
30350,TrainLoop,2025,NA,Active,Surviving,USA,TRUE,6,6-10,FALSE,B2B
30350,TrainLoop,2025,NA,Active,Surviving,USA,TRUE,6,6-10,FALSE,"Engineering, Product and Design"
30349,Candid,2025,NA,Active,Surviving,USA,TRUE,2,1-5,FALSE,B2B
30348,SAMMY Labs,2025,NA,Active,Surviving,United Kingdom,FALSE,10,6-10,FALSE,B2B
30347,Instinct,2025,NA,Active,Surviving,United Kingdom,FALSE,4,1-5,FALSE,Industrials
30347,Instinct,2025,NA,Active,Surviving,United Kingdom,FALSE,4,1-5,FALSE,Aviation and Space
30346,Mercura,2025,NA,Active,Surviving,,FALSE,14,11-25,FALSE,B2B
30346,Mercura,2025,NA,Active,Surviving,,FALSE,14,11-25,FALSE,Sales
30345,Tee Time Tommy,2025,NA,Active,Surviving,USA,TRUE,2,1-5,FALSE,Consumer
30343,Cedar,2025,NA,Active,Surviving,USA,TRUE,2,1-5,FALSE,B2B
30343,Cedar,2025,NA,Active,Surviving,USA,TRUE,2,1-5,FALSE,"Engineering, Product and Design"
30341,Browser Use,2025,NA,Active,Surviving,USA,TRUE,7,6-10,FALSE,B2B
30340,TamLabs,2025,NA,Active,Surviving,USA,TRUE,2,1-5,FALSE,B2B
30340,TamLabs,2025,NA,Active,Surviving,USA,TRUE,2,1-5,FALSE,Productivity
30339,Ergo,2025,NA,Active,Surviving,USA,TRUE,0,NA,FALSE,B2B
30339,Ergo,2025,NA,Active,Surviving,USA,TRUE,0,NA,FALSE,Sales
30338,CopyCat,2025,NA,Active,Surviving,USA,TRUE,2,1-5,FALSE,Fintech
30338,CopyCat,2025,NA,Active,Surviving,USA,TRUE,2,1-5,FALSE,Insurance
30337,Paratus Health,2025,NA,Active,Surviving,USA,TRUE,6,6-10,FALSE,Healthcare
30337,Paratus Health,2025,NA,Active,Surviving,USA,TRUE,6,6-10,FALSE,Healthcare IT
30335,Butter,2025,NA,Active,Surviving,USA,TRUE,2,1-5,FALSE,B2B
30335,Butter,2025,NA,Active,Surviving,USA,TRUE,2,1-5,FALSE,Infrastructure
30334,Bluebook,2025,NA,Active,Surviving,USA,TRUE,4,1-5,FALSE,B2B
30334,Bluebook,2025,NA,Active,Surviving,USA,TRUE,4,1-5,FALSE,Finance and Accounting
30333,TensorPool,2025,NA,Active,Surviving,USA,TRUE,3,1-5,FALSE,B2B
30333,TensorPool,2025,NA,Active,Surviving,USA,TRUE,3,1-5,FALSE,Infrastructure
30328,Dalus,2025,NA,Active,Surviving,USA,TRUE,3,1-5,FALSE,B2B
30328,Dalus,2025,NA,Active,Surviving,USA,TRUE,3,1-5,FALSE,"Engineering, Product and Design"
30325,Roark,2025,NA,Active,Surviving,USA,TRUE,3,1-5,FALSE,B2B
30325,Roark,2025,NA,Active,Surviving,USA,TRUE,3,1-5,FALSE,Analytics
30324,Rebolt,2025,NA,Active,Surviving,USA,TRUE,3,1-5,FALSE,B2B
30322,Spott,2025,NA,Active,Surviving,,FALSE,25,11-25,FALSE,B2B
30322,Spott,2025,NA,Active,Surviving,,FALSE,25,11-25,FALSE,Recruiting and Talent
30321,Woz,2025,NA,Active,Surviving,USA,TRUE,8,6-10,FALSE,B2B
30320,Proception Inc,2025,NA,Active,Surviving,USA,TRUE,10,6-10,FALSE,Industrials
30320,Proception Inc,2025,NA,Active,Surviving,USA,TRUE,10,6-10,FALSE,Manufacturing and Robotics
30319,Corsair,2025,NA,Active,Surviving,USA,TRUE,2,1-5,FALSE,B2B
30319,Corsair,2025,NA,Active,Surviving,USA,TRUE,2,1-5,FALSE,"Engineering, Product and Design"
30318,Wildcard,2025,NA,Active,Surviving,USA,TRUE,1,1-5,FALSE,B2B
30318,Wildcard,2025,NA,Active,Surviving,USA,TRUE,1,1-5,FALSE,"Engineering, Product and Design"
30317,Permitify,2025,NA,Active,Surviving,,FALSE,2,1-5,FALSE,Real Estate and Construction
30317,Permitify,2025,NA,Active,Surviving,,FALSE,2,1-5,FALSE,Construction
30316,Reditus Space,2025,NA,Active,Surviving,USA,TRUE,20,11-25,FALSE,Industrials
30316,Reditus Space,2025,NA,Active,Surviving,USA,TRUE,20,11-25,FALSE,Aviation and Space
30315,Optifye.ai,2025,NA,Active,Surviving,USA,TRUE,8,6-10,FALSE,B2B
30314,Pinch,2025,NA,Active,Surviving,NA,FALSE,3,1-5,FALSE,B2B
30314,Pinch,2025,NA,Active,Surviving,NA,FALSE,3,1-5,FALSE,Productivity
30312,Retrofit,2025,NA,Active,Surviving,USA,TRUE,2,1-5,FALSE,Consumer
30312,Retrofit,2025,NA,Active,Surviving,USA,TRUE,2,1-5,FALSE,Apparel and Cosmetics
30307,Archon,2025,NA,Active,Surviving,USA,TRUE,3,1-5,FALSE,Government
30305,Forge Automation,2025,NA,Active,Surviving,Canada,FALSE,10,6-10,FALSE,Industrials
30305,Forge Automation,2025,NA,Active,Surviving,Canada,FALSE,10,6-10,FALSE,Manufacturing and Robotics
30304,Mastra,2025,NA,Active,Surviving,NA,FALSE,8,6-10,FALSE,B2B
30304,Mastra,2025,NA,Active,Surviving,NA,FALSE,8,6-10,FALSE,"Engineering, Product and Design"
30303,AfterQuery,2025,NA,Active,Surviving,USA,TRUE,30,26-100,FALSE,B2B
30303,AfterQuery,2025,NA,Active,Surviving,USA,TRUE,30,26-100,FALSE,Infrastructure
30302,Misprint,2025,NA,Active,Surviving,USA,TRUE,4,1-5,FALSE,Consumer
30301,FuseAI,2025,NA,Active,Surviving,,FALSE,8,6-10,FALSE,B2B
30301,FuseAI,2025,NA,Active,Surviving,,FALSE,8,6-10,FALSE,Sales
30299,Miyagi Labs,2025,NA,Active,Surviving,USA,TRUE,2,1-5,FALSE,Education
30298,Artificial Societies,2025,NA,Active,Surviving,United Kingdom,FALSE,6,6-10,FALSE,B2B
30298,Artificial Societies,2025,NA,Active,Surviving,United Kingdom,FALSE,6,6-10,FALSE,Analytics
30297,OpenIntake,2025,NA,Active,Surviving,USA,TRUE,2,1-5,FALSE,B2B
30297,OpenIntake,2025,NA,Active,Surviving,USA,TRUE,2,1-5,FALSE,Legal
30296,Peppr AI,2025,NA,Active,Surviving,USA,TRUE,4,1-5,FALSE,B2B
30296,Peppr AI,2025,NA,Active,Surviving,USA,TRUE,4,1-5,FALSE,Sales
30295,Infinite,2025,NA,Active,Surviving,USA,TRUE,4,1-5,FALSE,Fintech
30295,Infinite,2025,NA,Active,Surviving,USA,TRUE,4,1-5,FALSE,Payments
30294,Sennu AI,2025,NA,Active,Surviving,USA,TRUE,2,1-5,FALSE,B2B
30293,Orbital Operations,2025,NA,Active,Surviving,USA,TRUE,2,1-5,FALSE,Industrials
30293,Orbital Operations,2025,NA,Active,Surviving,USA,TRUE,2,1-5,FALSE,Aviation and Space
30292,Mesh,2025,NA,Active,Surviving,USA,TRUE,3,1-5,FALSE,B2B
30292,Mesh,2025,NA,Active,Surviving,USA,TRUE,3,1-5,FALSE,Finance and Accounting
30291,Outlit,2025,NA,Active,Surviving,USA,TRUE,2,1-5,FALSE,B2B
30291,Outlit,2025,NA,Active,Surviving,USA,TRUE,2,1-5,FALSE,Infrastructure
30290,Tire Swing,2025,NA,Active,Surviving,USA,TRUE,2,1-5,FALSE,B2B
30290,Tire Swing,2025,NA,Active,Surviving,USA,TRUE,2,1-5,FALSE,Legal
30289,Sherpa Labs,2025,NA,Active,Surviving,USA,TRUE,2,1-5,FALSE,B2B
30288,Harper,2025,NA,Active,Surviving,USA,TRUE,25,11-25,FALSE,Fintech
30288,Harper,2025,NA,Active,Surviving,USA,TRUE,25,11-25,FALSE,Insurance
30287,Calltree,2025,NA,Active,Surviving,USA,TRUE,14,11-25,FALSE,B2B
30286,Nitrode,2025,NA,Active,Surviving,USA,TRUE,4,1-5,FALSE,B2B
30285,Karsa,2025,NA,Active,Surviving,USA,TRUE,2,1-5,FALSE,Fintech
30284,Exla,2025,NA,Active,Surviving,USA,TRUE,2,1-5,FALSE,B2B
30284,Exla,2025,NA,Active,Surviving,USA,TRUE,2,1-5,FALSE,"Engineering, Product and Design"
30283,Confident AI,2025,NA,Active,Surviving,USA,TRUE,7,6-10,FALSE,B2B
30283,Confident AI,2025,NA,Active,Surviving,USA,TRUE,7,6-10,FALSE,"Engineering, Product and Design"
30282,Riviera,2025,NA,Active,Surviving,USA,TRUE,2,1-5,FALSE,B2B
30281,Waypoint Transit,2025,NA,Active,Surviving,,FALSE,2,1-5,FALSE,Government
30279,Bystreet,2025,NA,Active,Surviving,USA,TRUE,4,1-5,FALSE,B2B
30278,Agentin AI,2025,NA,Active,Surviving,USA,TRUE,2,1-5,FALSE,B2B
30277,ReJot,2025,NA,Active,Surviving,Netherlands,FALSE,2,1-5,FALSE,B2B
30277,ReJot,2025,NA,Active,Surviving,Netherlands,FALSE,2,1-5,FALSE,"Engineering, Product and Design"
30276,General Trajectory,2025,NA,Active,Surviving,USA,TRUE,1,1-5,FALSE,Industrials
30276,General Trajectory,2025,NA,Active,Surviving,USA,TRUE,1,1-5,FALSE,Manufacturing and Robotics
30275,Solidroad,2025,NA,Active,Surviving,USA,TRUE,6,6-10,FALSE,B2B
30274,Trata,2025,NA,Active,Surviving,USA,TRUE,6,6-10,FALSE,B2B
30274,Trata,2025,NA,Active,Surviving,USA,TRUE,6,6-10,FALSE,Finance and Accounting
30273,Candor,2025,NA,Active,Surviving,USA,TRUE,3,1-5,FALSE,B2B
30273,Candor,2025,NA,Active,Surviving,USA,TRUE,3,1-5,FALSE,Security
30272,Lucidic AI,2025,NA,Active,Surviving,USA,TRUE,4,1-5,FALSE,B2B
30271,Mundo AI,2025,NA,Active,Surviving,USA,TRUE,4,1-5,FALSE,B2B
30271,Mundo AI,2025,NA,Active,Surviving,USA,TRUE,4,1-5,FALSE,Infrastructure
30270,G LNK,2025,NA,Active,Surviving,USA,TRUE,2,1-5,FALSE,B2B
30269,Pluto,2025,NA,Active,Surviving,USA,TRUE,5,1-5,FALSE,Fintech
30269,Pluto,2025,NA,Active,Surviving,USA,TRUE,5,1-5,FALSE,Banking and Exchange
30268,AthenaHQ,2025,NA,Active,Surviving,USA,TRUE,12,11-25,FALSE,B2B
30268,AthenaHQ,2025,NA,Active,Surviving,USA,TRUE,12,11-25,FALSE,Marketing
30267,Lopus,2025,NA,Active,Surviving,USA,TRUE,2,1-5,FALSE,B2B
30267,Lopus,2025,NA,Active,Surviving,USA,TRUE,2,1-5,FALSE,Analytics
30266,Cenote,2025,NA,Active,Surviving,USA,TRUE,3,1-5,FALSE,Healthcare
30265,Harbera,2025,NA,Active,Surviving,USA,TRUE,2,1-5,FALSE,Healthcare
30265,Harbera,2025,NA,Active,Surviving,USA,TRUE,2,1-5,FALSE,Healthcare IT
30264,Stillwind,2025,NA,Active,Surviving,Switzerland,FALSE,4,1-5,FALSE,B2B
30264,Stillwind,2025,NA,Active,Surviving,Switzerland,FALSE,4,1-5,FALSE,"Engineering, Product and Design"
30263,Bindwell,2025,NA,Active,Surviving,USA,TRUE,4,1-5,FALSE,Industrials
30263,Bindwell,2025,NA,Active,Surviving,USA,TRUE,4,1-5,FALSE,Agriculture
30262,Pickle,2025,NA,Active,Surviving,USA,TRUE,15,11-25,FALSE,Consumer
30262,Pickle,2025,NA,Active,Surviving,USA,TRUE,15,11-25,FALSE,Consumer Electronics
30261,Lucid,2025,NA,Active,Surviving,USA,TRUE,3,1-5,FALSE,Consumer
30260,Macadamia,2025,NA,Active,Surviving,,FALSE,2,1-5,FALSE,B2B
30260,Macadamia,2025,NA,Active,Surviving,,FALSE,2,1-5,FALSE,"Engineering, Product and Design"
30259,Asteroid,2025,NA,Active,Surviving,USA,TRUE,5,1-5,FALSE,B2B
30258,Gale,2025,NA,Active,Surviving,USA,TRUE,3,1-5,FALSE,B2B
30258,Gale,2025,NA,Active,Surviving,USA,TRUE,3,1-5,FALSE,Legal
30257,Pave Robotics,2025,NA,Active,Surviving,USA,TRUE,3,1-5,FALSE,Industrials
30257,Pave Robotics,2025,NA,Active,Surviving,USA,TRUE,3,1-5,FALSE,Manufacturing and Robotics
30256,PAX Markets,2025,NA,Active,Surviving,USA,TRUE,6,6-10,FALSE,Fintech
30256,PAX Markets,2025,NA,Active,Surviving,USA,TRUE,6,6-10,FALSE,Banking and Exchange
30255,Olive,2025,NA,Active,Surviving,USA,TRUE,2,1-5,FALSE,B2B
30255,Olive,2025,NA,Active,Surviving,USA,TRUE,2,1-5,FALSE,Recruiting and Talent
30254,hud,2025,NA,Active,Surviving,USA,TRUE,15,11-25,FALSE,B2B
30254,hud,2025,NA,Active,Surviving,USA,TRUE,15,11-25,FALSE,"Engineering, Product and Design"
30253,finbar,2025,NA,Active,Surviving,London,FALSE,4,1-5,FALSE,Fintech
30252,Cuckoo Labs,2025,NA,Active,Surviving,,FALSE,2,1-5,FALSE,B2B
30251,Mecha Health,2025,NA,Active,Surviving,USA,TRUE,4,1-5,FALSE,Healthcare
30250,10x,2025,NA,Active,Surviving,USA,TRUE,2,1-5,FALSE,Healthcare
30249,HealthKey,2025,NA,Active,Surviving,USA,TRUE,10,6-10,FALSE,Healthcare
30249,HealthKey,2025,NA,Active,Surviving,USA,TRUE,10,6-10,FALSE,Healthcare IT
30248,Operand,2025,NA,Active,Surviving,USA,TRUE,8,6-10,FALSE,B2B
30247,Osmosis,2025,NA,Active,Surviving,USA,TRUE,6,6-10,FALSE,B2B
30246,Swerve,2025,NA,Active,Surviving,USA,TRUE,2,1-5,FALSE,Consumer
30244,Mosaic,2025,NA,Active,Surviving,USA,TRUE,3,1-5,FALSE,Consumer
30244,Mosaic,2025,NA,Active,Surviving,USA,TRUE,3,1-5,FALSE,Content
30243,Cifrato,2025,NA,Active,Surviving,Colombia,FALSE,13,11-25,FALSE,B2B
30243,Cifrato,2025,NA,Active,Surviving,Colombia,FALSE,13,11-25,FALSE,Operations
30242,Oki,2025,NA,Active,Surviving,USA,TRUE,2,1-5,FALSE,B2B
30242,Oki,2025,NA,Active,Surviving,USA,TRUE,2,1-5,FALSE,"Engineering, Product and Design"
30241,ZeroEntropy,2025,NA,Active,Surviving,USA,TRUE,2,1-5,FALSE,B2B
30241,ZeroEntropy,2025,NA,Active,Surviving,USA,TRUE,2,1-5,FALSE,Infrastructure
30240,Bezel,2025,NA,Active,Surviving,USA,TRUE,1,1-5,FALSE,B2B
30239,Cardamon,2025,NA,Active,Surviving,London,FALSE,2,1-5,FALSE,B2B
30239,Cardamon,2025,NA,Active,Surviving,London,FALSE,2,1-5,FALSE,Finance and Accounting
30238,Amby Health,2025,NA,Active,Surviving,USA,TRUE,2,1-5,FALSE,Healthcare
30238,Amby Health,2025,NA,Active,Surviving,USA,TRUE,2,1-5,FALSE,Healthcare IT
30237,Trim,2025,NA,Active,Surviving,USA,TRUE,3,1-5,FALSE,B2B
30237,Trim,2025,NA,Active,Surviving,USA,TRUE,3,1-5,FALSE,"Engineering, Product and Design"
30236,Tergle,2025,NA,Active,Surviving,USA,TRUE,NA,NA,FALSE,B2B
30235,Rally,2025,NA,Active,Surviving,Germany,FALSE,5,1-5,FALSE,Fintech
30234,Adam,2025,NA,Active,Surviving,USA,TRUE,4,1-5,FALSE,B2B
30234,Adam,2025,NA,Active,Surviving,USA,TRUE,4,1-5,FALSE,"Engineering, Product and Design"
30233,Inversion Semiconductor,2025,NA,Active,Surviving,USA,TRUE,7,6-10,FALSE,Industrials
30233,Inversion Semiconductor,2025,NA,Active,Surviving,USA,TRUE,7,6-10,FALSE,Manufacturing and Robotics
30232,careCycle,2025,NA,Active,Surviving,USA,TRUE,5,1-5,FALSE,B2B
30231,Paragon,2025,NA,Active,Surviving,,FALSE,2,1-5,FALSE,B2B
30231,Paragon,2025,NA,Active,Surviving,,FALSE,2,1-5,FALSE,Operations
30230,SalesPatriot,2025,NA,Active,Surviving,USA,TRUE,13,11-25,FALSE,B2B
30230,SalesPatriot,2025,NA,Active,Surviving,USA,TRUE,13,11-25,FALSE,Operations
30229,Maive,2025,NA,Active,Surviving,USA,TRUE,2,1-5,FALSE,B2B
30228,Weave,2025,NA,Active,Surviving,USA,TRUE,13,11-25,FALSE,B2B
30228,Weave,2025,NA,Active,Surviving,USA,TRUE,13,11-25,FALSE,"Engineering, Product and Design"
30227,Caseflood.ai,2025,NA,Active,Surviving,USA,TRUE,2,1-5,FALSE,B2B
30227,Caseflood.ai,2025,NA,Active,Surviving,USA,TRUE,2,1-5,FALSE,Legal
30226,Tejas AI,2025,NA,Active,Surviving,USA,TRUE,2,1-5,FALSE,B2B
30225,Trava,2025,NA,Active,Surviving,USA,TRUE,1,1-5,FALSE,B2B
30225,Trava,2025,NA,Active,Surviving,USA,TRUE,1,1-5,FALSE,Supply Chain and Logistics
30224,Maritime Fusion,2025,NA,Active,Surviving,USA,TRUE,6,6-10,FALSE,Industrials
30224,Maritime Fusion,2025,NA,Active,Surviving,USA,TRUE,6,6-10,FALSE,Energy
30223,a0.dev,2025,NA,Active,Surviving,USA,TRUE,3,1-5,FALSE,B2B
30223,a0.dev,2025,NA,Active,Surviving,USA,TRUE,3,1-5,FALSE,"Engineering, Product and Design"
30222,Altrina,2025,NA,Active,Surviving,USA,TRUE,4,1-5,FALSE,B2B
30222,Altrina,2025,NA,Active,Surviving,USA,TRUE,4,1-5,FALSE,Productivity
30221,A1Zap by A1Base,2025,NA,Active,Surviving,USA,TRUE,2,1-5,FALSE,B2B
30221,A1Zap by A1Base,2025,NA,Active,Surviving,USA,TRUE,2,1-5,FALSE,"Engineering, Product and Design"
30220,Verbiflow,2025,NA,Active,Surviving,USA,TRUE,2,1-5,FALSE,B2B
30218,Toothy AI,2025,NA,Active,Surviving,USA,TRUE,15,11-25,FALSE,Healthcare
30218,Toothy AI,2025,NA,Active,Surviving,USA,TRUE,15,11-25,FALSE,Healthcare IT
30217,Rocketable,2025,NA,Active,Surviving,USA,TRUE,2,1-5,FALSE,B2B
30215,Contrario,2025,NA,Active,Surviving,USA,TRUE,15,11-25,FALSE,B2B
30215,Contrario,2025,NA,Active,Surviving,USA,TRUE,15,11-25,FALSE,Recruiting and Talent
30214,Serno,2025,NA,Active,Surviving,USA,TRUE,2,1-5,FALSE,B2B
30214,Serno,2025,NA,Active,Surviving,USA,TRUE,2,1-5,FALSE,Supply Chain and Logistics
30213,Truffle AI,2025,NA,Active,Surviving,USA,TRUE,2,1-5,FALSE,B2B
30213,Truffle AI,2025,NA,Active,Surviving,USA,TRUE,2,1-5,FALSE,"Engineering, Product and Design"
30212,superglue,2025,NA,Active,Surviving,USA,TRUE,4,1-5,FALSE,B2B
30212,superglue,2025,NA,Active,Surviving,USA,TRUE,4,1-5,FALSE,"Engineering, Product and Design"
30210,Conntour,2025,NA,Active,Surviving,,FALSE,15,11-25,FALSE,Industrials
30210,Conntour,2025,NA,Active,Surviving,,FALSE,15,11-25,FALSE,Defense
30209,Closure,2025,NA,Active,Surviving,USA,TRUE,4,1-5,FALSE,Government
30207,Promptless,2025,NA,Active,Surviving,USA,TRUE,5,1-5,FALSE,B2B
30207,Promptless,2025,NA,Active,Surviving,USA,TRUE,5,1-5,FALSE,"Engineering, Product and Design"
30205,Scout,2025,NA,Active,Surviving,USA,TRUE,8,6-10,FALSE,Education
30204,Subtrace,2025,NA,Active,Surviving,USA,TRUE,2,1-5,FALSE,B2B
30204,Subtrace,2025,NA,Active,Surviving,USA,TRUE,2,1-5,FALSE,"Engineering, Product and Design"
30203,Vocality Health,2025,NA,Active,Surviving,USA,TRUE,2,1-5,FALSE,Healthcare
30203,Vocality Health,2025,NA,Active,Surviving,USA,TRUE,2,1-5,FALSE,Healthcare Services
30202,Astro,2025,NA,Active,Surviving,USA,TRUE,1,1-5,FALSE,Industrials
30202,Astro,2025,NA,Active,Surviving,USA,TRUE,1,1-5,FALSE,Energy
30201,Dartboard Energy,2025,NA,Active,Surviving,USA,TRUE,2,1-5,FALSE,Industrials
30201,Dartboard Energy,2025,NA,Active,Surviving,USA,TRUE,2,1-5,FALSE,Energy
30200,Karoo,2025,NA,Active,Surviving,Canada,FALSE,3,1-5,FALSE,Fintech
30200,Karoo,2025,NA,Active,Surviving,Canada,FALSE,3,1-5,FALSE,Consumer Finance
30199,awen,2025,NA,Active,Surviving,NA,FALSE,6,6-10,FALSE,B2B
30198,Dollyglot,2025,NA,Active,Surviving,USA,TRUE,2,1-5,FALSE,Consumer
30197,Alice.tech,2025,NA,Active,Surviving,Denmark,FALSE,5,1-5,FALSE,Education
30196,Stamp,2025,NA,Active,Surviving,USA,TRUE,1,1-5,FALSE,B2B
30196,Stamp,2025,NA,Active,Surviving,USA,TRUE,1,1-5,FALSE,Productivity
30194,Splash Inc.,2025,NA,Active,Surviving,USA,TRUE,9,6-10,FALSE,Industrials
30194,Splash Inc.,2025,NA,Active,Surviving,USA,TRUE,9,6-10,FALSE,Drones
30193,Bud,2025,NA,Active,Surviving,USA,TRUE,6,6-10,FALSE,B2B
30192,Axiom,2025,NA,Active,Surviving,,FALSE,2,1-5,FALSE,Fintech
30192,Axiom,2025,NA,Active,Surviving,,FALSE,2,1-5,FALSE,Consumer Finance
30190,Steinmetz,2025,NA,Active,Surviving,USA,TRUE,2,1-5,FALSE,Industrials
30189,SubImage,2025,NA,Active,Surviving,USA,TRUE,5,1-5,FALSE,B2B
30189,SubImage,2025,NA,Active,Surviving,USA,TRUE,5,1-5,FALSE,Security
30188,Hey Telo,2025,NA,Active,Surviving,,FALSE,2,1-5,FALSE,B2B
30187,Praxim,2025,NA,Active,Surviving,USA,TRUE,2,1-5,FALSE,B2B
30187,Praxim,2025,NA,Active,Surviving,USA,TRUE,2,1-5,FALSE,Productivity
30185,Excellence Learning,2025,NA,Active,Surviving,USA,TRUE,4,1-5,FALSE,Education
30183,Tweeks.io,2025,NA,Active,Surviving,USA,TRUE,2,1-5,FALSE,B2B
30183,Tweeks.io,2025,NA,Active,Surviving,USA,TRUE,2,1-5,FALSE,Recruiting and Talent
30182,Flowtel,2025,NA,Active,Surviving,USA,TRUE,5,1-5,FALSE,B2B
30182,Flowtel,2025,NA,Active,Surviving,USA,TRUE,5,1-5,FALSE,Infrastructure
30181,Leaping AI,2025,NA,Active,Surviving,USA,TRUE,11,11-25,FALSE,B2B
30179,Vetnio,2025,NA,Active,Surviving,,FALSE,6,6-10,FALSE,B2B
30179,Vetnio,2025,NA,Active,Surviving,,FALSE,6,6-10,FALSE,Productivity
30178,Candor,2025,NA,Active,Surviving,USA,TRUE,2,1-5,FALSE,Government
30177,Bild AI,2025,NA,Active,Surviving,USA,TRUE,5,1-5,FALSE,Real Estate and Construction
30177,Bild AI,2025,NA,Active,Surviving,USA,TRUE,5,1-5,FALSE,Construction
30176,Outship,2025,NA,Active,Surviving,USA,TRUE,3,1-5,FALSE,B2B
30176,Outship,2025,NA,Active,Surviving,USA,TRUE,3,1-5,FALSE,Recruiting and Talent
30174,Revise Robotics,2025,NA,Active,Surviving,USA,TRUE,3,1-5,FALSE,Industrials
30174,Revise Robotics,2025,NA,Active,Surviving,USA,TRUE,3,1-5,FALSE,Manufacturing and Robotics
30172,Enhanced Radar,2025,NA,Active,Surviving,USA,TRUE,2,1-5,FALSE,Industrials
30172,Enhanced Radar,2025,NA,Active,Surviving,USA,TRUE,2,1-5,FALSE,Aviation and Space
30165,Edexia,2025,NA,Active,Surviving,USA,TRUE,4,1-5,FALSE,Education
30160,Quantstruct,2025,NA,Active,Surviving,USA,TRUE,2,1-5,FALSE,B2B
30020,Invo,2025,NA,Active,Surviving,,FALSE,1,1-5,FALSE,B2B
29999,Onlook,2025,NA,Active,Surviving,USA,TRUE,4,1-5,FALSE,B2B
29999,Onlook,2025,NA,Active,Surviving,USA,TRUE,4,1-5,FALSE,"Engineering, Product and Design"
29988,Delineate,2025,NA,Active,Surviving,USA,TRUE,20,11-25,FALSE,B2B
29988,Delineate,2025,NA,Active,Surviving,USA,TRUE,20,11-25,FALSE,"Engineering, Product and Design"
29986,Exin Therapeutics,2025,NA,Active,Surviving,USA,TRUE,9,6-10,FALSE,Healthcare
29986,Exin Therapeutics,2025,NA,Active,Surviving,USA,TRUE,9,6-10,FALSE,Therapeutics
29959,Uncommon Therapeutics,2025,NA,Active,Surviving,USA,TRUE,2,1-5,FALSE,Healthcare
29959,Uncommon Therapeutics,2025,NA,Active,Surviving,USA,TRUE,2,1-5,FALSE,Therapeutics
29790,YouShift,2025,NA,Active,Surviving,USA,TRUE,10,6-10,FALSE,B2B
29790,YouShift,2025,NA,Active,Surviving,USA,TRUE,10,6-10,FALSE,Human Resources
29727,Overstand Labs,2025,NA,Active,Surviving,USA,TRUE,4,1-5,FALSE,B2B
29727,Overstand Labs,2025,NA,Active,Surviving,USA,TRUE,4,1-5,FALSE,Analytics
28922,Egress Health,2025,NA,Acquired,Successful,USA,TRUE,2,1-5,FALSE,Healthcare
30216,Sublingual,2025,NA,Inactive,Failed,USA,TRUE,2,1-5,FALSE,B2B
30832,F2,2025,NA,Active,Surviving,USA,TRUE,20,11-25,FALSE,B2B
30832,F2,2025,NA,Active,Surviving,USA,TRUE,20,11-25,FALSE,"Engineering, Product and Design"
30818,Nox Metals,2025,NA,Active,Surviving,USA,TRUE,13,11-25,FALSE,Industrials
30818,Nox Metals,2025,NA,Active,Surviving,USA,TRUE,13,11-25,FALSE,Manufacturing and Robotics
30813,Blue,2025,NA,Active,Surviving,USA,TRUE,6,6-10,FALSE,Consumer
30807,Paloma,2025,NA,Active,Surviving,USA,TRUE,3,1-5,FALSE,B2B
30806,Uplift AI,2025,NA,Active,Surviving,USA,TRUE,3,1-5,FALSE,B2B
30805,RealRoots,2025,NA,Active,Surviving,USA,TRUE,7,6-10,FALSE,Consumer
30805,RealRoots,2025,NA,Active,Surviving,USA,TRUE,7,6-10,FALSE,Social
30804,Luminal,2025,NA,Active,Surviving,USA,TRUE,3,1-5,FALSE,B2B
30804,Luminal,2025,NA,Active,Surviving,USA,TRUE,3,1-5,FALSE,Infrastructure
30802,Freya,2025,NA,Active,Surviving,,FALSE,14,11-25,FALSE,Fintech
30801,burnt,2025,NA,Active,Surviving,USA,TRUE,3,1-5,FALSE,B2B
30801,burnt,2025,NA,Active,Surviving,USA,TRUE,3,1-5,FALSE,Supply Chain and Logistics
30799,Avent,2025,NA,Active,Surviving,USA,TRUE,3,1-5,FALSE,B2B
30798,Ruvo,2025,NA,Active,Surviving,Brazil,FALSE,6,6-10,FALSE,Fintech
30797,Veritus,2025,NA,Active,Surviving,USA,TRUE,10,6-10,FALSE,Fintech
30797,Veritus,2025,NA,Active,Surviving,USA,TRUE,10,6-10,FALSE,Credit and Lending
30796,Outrove,2025,NA,Active,Surviving,USA,TRUE,2,1-5,FALSE,B2B
30796,Outrove,2025,NA,Active,Surviving,USA,TRUE,2,1-5,FALSE,Recruiting and Talent
30795,NOSO LABS,2025,NA,Active,Surviving,USA,TRUE,3,1-5,FALSE,Industrials
30794,Vulcan Technologies,2025,NA,Active,Surviving,USA,TRUE,6,6-10,FALSE,B2B
30794,Vulcan Technologies,2025,NA,Active,Surviving,USA,TRUE,6,6-10,FALSE,Legal
30792,Bizzy AI,2025,NA,Active,Surviving,USA,TRUE,NA,NA,FALSE,B2B
30792,Bizzy AI,2025,NA,Active,Surviving,USA,TRUE,NA,NA,FALSE,Marketing
30791,Spotlight Realty,2025,NA,Active,Surviving,USA,TRUE,4,1-5,FALSE,Real Estate and Construction
30789,Interfere,2025,NA,Active,Surviving,USA,TRUE,7,6-10,FALSE,B2B
30789,Interfere,2025,NA,Active,Surviving,USA,TRUE,7,6-10,FALSE,"Engineering, Product and Design"
30786,Munify,2025,NA,Active,Surviving,NA,FALSE,4,1-5,FALSE,Fintech
30785,RowFlow,2025,NA,Active,Surviving,USA,TRUE,2,1-5,FALSE,B2B
30785,RowFlow,2025,NA,Active,Surviving,USA,TRUE,2,1-5,FALSE,Operations
30782,TectoAI,2025,NA,Active,Surviving,USA,TRUE,2,1-5,FALSE,B2B
30781,Duranium,2025,NA,Active,Surviving,USA,TRUE,9,6-10,FALSE,Industrials
30781,Duranium,2025,NA,Active,Surviving,USA,TRUE,9,6-10,FALSE,Manufacturing and Robotics
30778,Perspectives Health,2025,NA,Active,Surviving,USA,TRUE,4,1-5,FALSE,Healthcare
30778,Perspectives Health,2025,NA,Active,Surviving,USA,TRUE,4,1-5,FALSE,Healthcare IT
30777,Modelence,2025,NA,Active,Surviving,USA,TRUE,3,1-5,FALSE,B2B
30777,Modelence,2025,NA,Active,Surviving,USA,TRUE,3,1-5,FALSE,Infrastructure
30776,Magnetic,2025,NA,Active,Surviving,USA,TRUE,2,1-5,FALSE,B2B
30776,Magnetic,2025,NA,Active,Surviving,USA,TRUE,2,1-5,FALSE,Productivity
30775,Fleetline,2025,NA,Active,Surviving,USA,TRUE,7,6-10,FALSE,B2B
30775,Fleetline,2025,NA,Active,Surviving,USA,TRUE,7,6-10,FALSE,Supply Chain and Logistics
30774,Clodo,2025,NA,Active,Surviving,USA,TRUE,2,1-5,FALSE,B2B
30774,Clodo,2025,NA,Active,Surviving,USA,TRUE,2,1-5,FALSE,Sales
30772,stagewise,2025,NA,Active,Surviving,,FALSE,2,1-5,FALSE,B2B
30772,stagewise,2025,NA,Active,Surviving,,FALSE,2,1-5,FALSE,"Engineering, Product and Design"
30771,Flywheel AI,2025,NA,Active,Surviving,USA,TRUE,2,1-5,FALSE,Industrials
30771,Flywheel AI,2025,NA,Active,Surviving,USA,TRUE,2,1-5,FALSE,Manufacturing and Robotics
30769,Juxta,2025,NA,Active,Surviving,USA,TRUE,NA,NA,FALSE,B2B
30768,Okibi,2025,NA,Active,Surviving,USA,TRUE,2,1-5,FALSE,B2B
30763,Rebulk,2025,NA,Active,Surviving,USA,TRUE,3,1-5,FALSE,B2B
30763,Rebulk,2025,NA,Active,Surviving,USA,TRUE,3,1-5,FALSE,Supply Chain and Logistics
30762,KERNEL,2025,NA,Active,Surviving,USA,TRUE,6,6-10,FALSE,B2B
30762,KERNEL,2025,NA,Active,Surviving,USA,TRUE,6,6-10,FALSE,Infrastructure
30761,Reacher,2025,NA,Active,Surviving,USA,TRUE,15,11-25,FALSE,B2B
30759,Certus AI,2025,NA,Active,Surviving,USA,TRUE,3,1-5,FALSE,B2B
30758,Hera,2025,NA,Active,Surviving,,FALSE,5,1-5,FALSE,B2B
30758,Hera,2025,NA,Active,Surviving,,FALSE,5,1-5,FALSE,"Engineering, Product and Design"
30756,Notte,2025,NA,Active,Surviving,USA,TRUE,5,1-5,FALSE,B2B
30755,Pally,2025,NA,Active,Surviving,USA,TRUE,3,1-5,FALSE,B2B
30755,Pally,2025,NA,Active,Surviving,USA,TRUE,3,1-5,FALSE,Productivity
30754,Locata,2025,NA,Active,Surviving,,FALSE,4,1-5,FALSE,Healthcare
30754,Locata,2025,NA,Active,Surviving,,FALSE,4,1-5,FALSE,Healthcare IT
30748,Pleom,2025,NA,Active,Surviving,,FALSE,0,NA,FALSE,B2B
30748,Pleom,2025,NA,Active,Surviving,,FALSE,0,NA,FALSE,Analytics
30747,Convexia,2025,NA,Active,Surviving,USA,TRUE,4,1-5,FALSE,Healthcare
30747,Convexia,2025,NA,Active,Surviving,USA,TRUE,4,1-5,FALSE,Drug Discovery and Delivery
30744,SigmanticAI,2025,NA,Active,Surviving,USA,TRUE,2,1-5,FALSE,B2B
30744,SigmanticAI,2025,NA,Active,Surviving,USA,TRUE,2,1-5,FALSE,"Engineering, Product and Design"
30743,Opennote,2025,NA,Active,Surviving,USA,TRUE,3,1-5,FALSE,Consumer
30742,Sira,2025,NA,Active,Surviving,USA,TRUE,0,NA,FALSE,B2B
30742,Sira,2025,NA,Active,Surviving,USA,TRUE,0,NA,FALSE,Human Resources
30741,F4 Industries,2025,NA,Active,Surviving,USA,TRUE,5,1-5,FALSE,Industrials
30739,Eden,2025,NA,Active,Surviving,USA,TRUE,2,1-5,FALSE,B2B
30739,Eden,2025,NA,Active,Surviving,USA,TRUE,2,1-5,FALSE,Sales
30738,Altur,2025,NA,Active,Surviving,Mexico,FALSE,4,1-5,FALSE,B2B
30737,Foresight,2025,NA,Active,Surviving,USA,TRUE,2,1-5,FALSE,B2B
30737,Foresight,2025,NA,Active,Surviving,USA,TRUE,2,1-5,FALSE,Analytics
30736,PARES AI,2025,NA,Active,Surviving,USA,TRUE,3,1-5,FALSE,Real Estate and Construction
30734,Avelis Health,2025,NA,Active,Surviving,,FALSE,3,1-5,FALSE,Healthcare
30734,Avelis Health,2025,NA,Active,Surviving,,FALSE,3,1-5,FALSE,Healthcare IT
30733,Nautilus,2025,NA,Active,Surviving,USA,TRUE,3,1-5,FALSE,B2B
30733,Nautilus,2025,NA,Active,Surviving,USA,TRUE,3,1-5,FALSE,Sales
30732,Humoniq,2025,NA,Active,Surviving,USA,TRUE,6,6-10,FALSE,B2B
30731,Palace,2025,NA,Active,Surviving,USA,TRUE,2,1-5,FALSE,B2B
30731,Palace,2025,NA,Active,Surviving,USA,TRUE,2,1-5,FALSE,Supply Chain and Logistics
30730,Idler,2025,NA,Active,Surviving,USA,TRUE,13,11-25,FALSE,B2B
30730,Idler,2025,NA,Active,Surviving,USA,TRUE,13,11-25,FALSE,"Engineering, Product and Design"
30729,Floot,2025,NA,Active,Surviving,USA,TRUE,2,1-5,FALSE,B2B
30729,Floot,2025,NA,Active,Surviving,USA,TRUE,2,1-5,FALSE,"Engineering, Product and Design"
30727,Alara,2025,NA,Active,Surviving,,FALSE,0,NA,FALSE,B2B
30726,Socratix AI,2025,NA,Active,Surviving,USA,TRUE,3,1-5,FALSE,B2B
30726,Socratix AI,2025,NA,Active,Surviving,USA,TRUE,3,1-5,FALSE,Operations
30725,Minimal AI,2025,NA,Active,Surviving,,FALSE,3,1-5,FALSE,B2B
30724,Risely AI,2025,NA,Active,Surviving,USA,TRUE,9,6-10,FALSE,Education
30722,Omnara,2025,NA,Active,Surviving,USA,TRUE,4,1-5,FALSE,B2B
30722,Omnara,2025,NA,Active,Surviving,USA,TRUE,4,1-5,FALSE,"Engineering, Product and Design"
30721,Knowlify,2025,NA,Active,Surviving,USA,TRUE,6,6-10,FALSE,B2B
30720,Autosana,2025,NA,Active,Surviving,USA,TRUE,2,1-5,FALSE,B2B
30720,Autosana,2025,NA,Active,Surviving,USA,TRUE,2,1-5,FALSE,"Engineering, Product and Design"
30719,ProcIndex,2025,NA,Active,Surviving,USA,TRUE,2,1-5,FALSE,B2B
30719,ProcIndex,2025,NA,Active,Surviving,USA,TRUE,2,1-5,FALSE,Finance and Accounting
30717,Iron Grid,2025,NA,Active,Surviving,USA,TRUE,2,1-5,FALSE,Fintech
30717,Iron Grid,2025,NA,Active,Surviving,USA,TRUE,2,1-5,FALSE,Insurance
30716,Finto,2025,NA,Active,Surviving,Germany,FALSE,7,6-10,FALSE,B2B
30716,Finto,2025,NA,Active,Surviving,Germany,FALSE,7,6-10,FALSE,Finance and Accounting
30713,Motives,2025,NA,Active,Surviving,United Kingdom,FALSE,NA,NA,FALSE,B2B
30713,Motives,2025,NA,Active,Surviving,United Kingdom,FALSE,NA,NA,FALSE,Marketing
30712,Relling,2025,NA,Active,Surviving,USA,TRUE,NA,NA,FALSE,B2B
30712,Relling,2025,NA,Active,Surviving,USA,TRUE,NA,NA,FALSE,Infrastructure
30711,Char,2025,NA,Active,Surviving,,FALSE,4,1-5,FALSE,B2B
30711,Char,2025,NA,Active,Surviving,,FALSE,4,1-5,FALSE,Productivity
30710,Manufact (formerly mcp-use),2025,NA,Active,Surviving,,FALSE,4,1-5,FALSE,B2B
30710,Manufact (formerly mcp-use),2025,NA,Active,Surviving,,FALSE,4,1-5,FALSE,Infrastructure
30709,Novaflow,2025,NA,Active,Surviving,USA,TRUE,2,1-5,FALSE,Healthcare
30708,Perseus Defense,2025,NA,Active,Surviving,,FALSE,3,1-5,FALSE,Industrials
30708,Perseus Defense,2025,NA,Active,Surviving,,FALSE,3,1-5,FALSE,Defense
30707,Phases,2025,NA,Active,Surviving,USA,TRUE,3,1-5,FALSE,Healthcare
30707,Phases,2025,NA,Active,Surviving,USA,TRUE,3,1-5,FALSE,Healthcare IT
30706,Solva,2025,NA,Active,Surviving,,FALSE,15,11-25,FALSE,Fintech
30706,Solva,2025,NA,Active,Surviving,,FALSE,15,11-25,FALSE,Insurance
30704,Albacore Inc.,2025,NA,Active,Surviving,USA,TRUE,18,11-25,FALSE,Industrials
30704,Albacore Inc.,2025,NA,Active,Surviving,USA,TRUE,18,11-25,FALSE,Defense
30703,GoRiff,2025,NA,Active,Surviving,USA,TRUE,2,1-5,FALSE,Consumer
30701,Mimos,2025,NA,Active,Surviving,USA,TRUE,2,1-5,FALSE,B2B
30700,Nozomio,2025,NA,Active,Surviving,USA,TRUE,3,1-5,FALSE,B2B
30700,Nozomio,2025,NA,Active,Surviving,USA,TRUE,3,1-5,FALSE,"Engineering, Product and Design"
30699,VibeFlow,2025,NA,Active,Surviving,,FALSE,3,1-5,FALSE,B2B
30698,Comena,2025,NA,Active,Surviving,,FALSE,2,1-5,FALSE,B2B
30698,Comena,2025,NA,Active,Surviving,,FALSE,2,1-5,FALSE,Supply Chain and Logistics
30697,Normal,2025,NA,Active,Surviving,USA,TRUE,2,1-5,FALSE,Industrials
30696,GhostEye,2025,NA,Active,Surviving,USA,TRUE,5,1-5,FALSE,B2B
30696,GhostEye,2025,NA,Active,Surviving,USA,TRUE,5,1-5,FALSE,Security
30695,Channel3,2025,NA,Active,Surviving,USA,TRUE,5,1-5,FALSE,B2B
30695,Channel3,2025,NA,Active,Surviving,USA,TRUE,5,1-5,FALSE,Retail
30694,Epicenter,2025,NA,Active,Surviving,USA,TRUE,1,1-5,FALSE,Consumer
30692,Costream,2025,NA,Active,Surviving,,FALSE,2,1-5,FALSE,Consumer
30691,Embedder,2025,NA,Active,Surviving,USA,TRUE,4,1-5,FALSE,B2B
30691,Embedder,2025,NA,Active,Surviving,USA,TRUE,4,1-5,FALSE,"Engineering, Product and Design"
30690,Flai,2025,NA,Active,Surviving,USA,TRUE,15,11-25,FALSE,Industrials
30690,Flai,2025,NA,Active,Surviving,USA,TRUE,15,11-25,FALSE,Automotive
30689,b12 Labs,2025,NA,Active,Surviving,USA,TRUE,2,1-5,FALSE,Healthcare
30689,b12 Labs,2025,NA,Active,Surviving,USA,TRUE,2,1-5,FALSE,Drug Discovery and Delivery
30688,Fulcrum,2025,NA,Active,Surviving,,FALSE,2,1-5,FALSE,B2B
30688,Fulcrum,2025,NA,Active,Surviving,,FALSE,2,1-5,FALSE,Analytics
30687,Trace,2025,NA,Active,Surviving,London,FALSE,3,1-5,FALSE,B2B
30687,Trace,2025,NA,Active,Surviving,London,FALSE,3,1-5,FALSE,Productivity
30686,Interface,2025,NA,Active,Surviving,USA,TRUE,2,1-5,FALSE,Consumer
30685,IronLedger.ai,2025,NA,Active,Surviving,USA,TRUE,2,1-5,FALSE,Real Estate and Construction
30685,IronLedger.ai,2025,NA,Active,Surviving,USA,TRUE,2,1-5,FALSE,Housing and Real Estate
30684,Doe,2025,NA,Active,Surviving,USA,TRUE,4,1-5,FALSE,B2B
30683,Theora,2025,NA,Active,Surviving,USA,TRUE,3,1-5,FALSE,B2B
30683,Theora,2025,NA,Active,Surviving,USA,TRUE,3,1-5,FALSE,Analytics
30681,Parachute,2025,NA,Active,Surviving,USA,TRUE,2,1-5,FALSE,Healthcare
30681,Parachute,2025,NA,Active,Surviving,USA,TRUE,2,1-5,FALSE,Healthcare IT
30680,Riverbank,2025,NA,Active,Surviving,USA,TRUE,1,1-5,FALSE,B2B
30677,Kalinda,2025,NA,Active,Surviving,USA,TRUE,2,1-5,FALSE,B2B
30677,Kalinda,2025,NA,Active,Surviving,USA,TRUE,2,1-5,FALSE,Legal
30676,Stellon Labs,2025,NA,Active,Surviving,USA,TRUE,2,1-5,FALSE,B2B
30676,Stellon Labs,2025,NA,Active,Surviving,USA,TRUE,2,1-5,FALSE,"Engineering, Product and Design"
30675,BootLoop,2025,NA,Active,Surviving,USA,TRUE,3,1-5,FALSE,B2B
30675,BootLoop,2025,NA,Active,Surviving,USA,TRUE,3,1-5,FALSE,"Engineering, Product and Design"
30671,Panoptive,2025,NA,Active,Surviving,USA,TRUE,2,1-5,FALSE,B2B
30670,cocreate,2025,NA,Active,Surviving,USA,TRUE,4,1-5,FALSE,Consumer
30670,cocreate,2025,NA,Active,Surviving,USA,TRUE,4,1-5,FALSE,Content
30669,Slashy,2025,NA,Active,Surviving,USA,TRUE,3,1-5,FALSE,B2B
30669,Slashy,2025,NA,Active,Surviving,USA,TRUE,3,1-5,FALSE,Productivity
30668,Wedge,2025,NA,Active,Surviving,USA,TRUE,2,1-5,FALSE,Healthcare
30666,CareSwift,2025,NA,Active,Surviving,USA,TRUE,2,1-5,FALSE,Healthcare
30665,Pangolin,2025,NA,Active,Surviving,USA,TRUE,2,1-5,FALSE,B2B
30665,Pangolin,2025,NA,Active,Surviving,USA,TRUE,2,1-5,FALSE,Infrastructure
30664,Kestroll,2025,NA,Active,Surviving,USA,TRUE,2,1-5,FALSE,B2B
30664,Kestroll,2025,NA,Active,Surviving,USA,TRUE,2,1-5,FALSE,Operations
30663,Tesora,2025,NA,Active,Surviving,,FALSE,2,1-5,FALSE,B2B
30663,Tesora,2025,NA,Active,Surviving,,FALSE,2,1-5,FALSE,Operations
30662,DeepAware AI,2025,NA,Active,Surviving,USA,TRUE,2,1-5,FALSE,Industrials
30662,DeepAware AI,2025,NA,Active,Surviving,USA,TRUE,2,1-5,FALSE,Manufacturing and Robotics
30661,Stockline,2025,NA,Active,Surviving,USA,TRUE,2,1-5,FALSE,B2B
30660,Magnitude,2025,NA,Active,Surviving,USA,TRUE,2,1-5,FALSE,B2B
30660,Magnitude,2025,NA,Active,Surviving,USA,TRUE,2,1-5,FALSE,"Engineering, Product and Design"
30659,Proliferate,2025,NA,Active,Surviving,USA,TRUE,NA,NA,FALSE,B2B
30659,Proliferate,2025,NA,Active,Surviving,USA,TRUE,NA,NA,FALSE,"Engineering, Product and Design"
30656,DeepGrove,2025,NA,Active,Surviving,USA,TRUE,3,1-5,FALSE,B2B
30655,Frizzle,2025,NA,Active,Surviving,USA,TRUE,2,1-5,FALSE,Education
30653,Skope,2025,NA,Active,Surviving,USA,TRUE,2,1-5,FALSE,B2B
30652,OnDeck AI,2025,NA,Active,Surviving,Canada,FALSE,5,1-5,FALSE,B2B
30652,OnDeck AI,2025,NA,Active,Surviving,Canada,FALSE,5,1-5,FALSE,Analytics
30651,Alter,2025,NA,Active,Surviving,USA,TRUE,2,1-5,FALSE,B2B
30651,Alter,2025,NA,Active,Surviving,USA,TRUE,2,1-5,FALSE,Security
30650,Imprezia,2025,NA,Active,Surviving,USA,TRUE,3,1-5,FALSE,B2B
30650,Imprezia,2025,NA,Active,Surviving,USA,TRUE,3,1-5,FALSE,Infrastructure
30649,Lilac,2025,NA,Active,Surviving,USA,TRUE,4,1-5,FALSE,B2B
30648,Janet AI,2025,NA,Active,Surviving,USA,TRUE,4,1-5,FALSE,B2B
30647,Cyberdesk,2025,NA,Active,Surviving,USA,TRUE,2,1-5,FALSE,B2B
30647,Cyberdesk,2025,NA,Active,Surviving,USA,TRUE,2,1-5,FALSE,"Engineering, Product and Design"
30645,Panels,2025,NA,Active,Surviving,USA,TRUE,2,1-5,FALSE,B2B
30645,Panels,2025,NA,Active,Surviving,USA,TRUE,2,1-5,FALSE,"Engineering, Product and Design"
30644,Wafer,2025,NA,Active,Surviving,USA,TRUE,5,1-5,FALSE,B2B
30644,Wafer,2025,NA,Active,Surviving,USA,TRUE,5,1-5,FALSE,"Engineering, Product and Design"
30642,Orange Slice,2025,NA,Active,Surviving,USA,TRUE,2,1-5,FALSE,B2B
30642,Orange Slice,2025,NA,Active,Surviving,USA,TRUE,2,1-5,FALSE,Sales
30640,Monarcha,2025,NA,Active,Surviving,USA,TRUE,2,1-5,FALSE,B2B
30638,Lotas,2025,NA,Active,Surviving,USA,TRUE,2,1-5,FALSE,B2B
30638,Lotas,2025,NA,Active,Surviving,USA,TRUE,2,1-5,FALSE,Analytics
30637,Design Arena,2025,NA,Active,Surviving,USA,TRUE,3,1-5,FALSE,Consumer
30636,EffiGov,2025,NA,Active,Surviving,USA,TRUE,3,1-5,FALSE,Government
30634,bitrig,2025,NA,Active,Surviving,USA,TRUE,3,1-5,FALSE,B2B
30634,bitrig,2025,NA,Active,Surviving,USA,TRUE,3,1-5,FALSE,"Engineering, Product and Design"
30630,Lark,2025,NA,Active,Surviving,USA,TRUE,2,1-5,FALSE,B2B
30630,Lark,2025,NA,Active,Surviving,USA,TRUE,2,1-5,FALSE,"Engineering, Product and Design"
30629,Topological,2025,NA,Active,Surviving,USA,TRUE,2,1-5,FALSE,B2B
30629,Topological,2025,NA,Active,Surviving,USA,TRUE,2,1-5,FALSE,"Engineering, Product and Design"
30628,Datafruit,2025,NA,Active,Surviving,USA,TRUE,4,1-5,FALSE,B2B
30628,Datafruit,2025,NA,Active,Surviving,USA,TRUE,4,1-5,FALSE,"Engineering, Product and Design"
30626,ContextFort,2025,NA,Active,Surviving,USA,TRUE,2,1-5,FALSE,B2B
30626,ContextFort,2025,NA,Active,Surviving,USA,TRUE,2,1-5,FALSE,Security
30625,LLM Stats,2025,NA,Active,Surviving,USA,TRUE,2,1-5,FALSE,B2B
30625,LLM Stats,2025,NA,Active,Surviving,USA,TRUE,2,1-5,FALSE,Infrastructure
30624,Verne Robotics,2025,NA,Active,Surviving,USA,TRUE,6,6-10,FALSE,Industrials
30624,Verne Robotics,2025,NA,Active,Surviving,USA,TRUE,6,6-10,FALSE,Manufacturing and Robotics
30623,Playgent,2025,NA,Active,Surviving,USA,TRUE,2,1-5,FALSE,Healthcare
30623,Playgent,2025,NA,Active,Surviving,USA,TRUE,2,1-5,FALSE,Healthcare IT
30622,Liva AI,2025,NA,Active,Surviving,USA,TRUE,2,1-5,FALSE,B2B
30619,Shor,2025,NA,Active,Surviving,USA,TRUE,4,1-5,FALSE,Fintech
30619,Shor,2025,NA,Active,Surviving,USA,TRUE,4,1-5,FALSE,Payments
30618,Golpo,2025,NA,Active,Surviving,USA,TRUE,4,1-5,FALSE,B2B
30618,Golpo,2025,NA,Active,Surviving,USA,TRUE,4,1-5,FALSE,Productivity
30616,gitdot,2025,NA,Active,Surviving,USA,TRUE,2,1-5,FALSE,B2B
30616,gitdot,2025,NA,Active,Surviving,USA,TRUE,2,1-5,FALSE,Productivity
30615,Lanesurf,2025,NA,Active,Surviving,USA,TRUE,4,1-5,FALSE,B2B
30614,Astor,2025,NA,Active,Surviving,USA,TRUE,5,1-5,FALSE,Fintech
30614,Astor,2025,NA,Active,Surviving,USA,TRUE,5,1-5,FALSE,Consumer Finance
30613,Blank Bio,2025,NA,Active,Surviving,USA,TRUE,3,1-5,FALSE,Healthcare
30613,Blank Bio,2025,NA,Active,Surviving,USA,TRUE,3,1-5,FALSE,Therapeutics
30612,truthsystems,2025,NA,Active,Surviving,USA,TRUE,3,1-5,FALSE,B2B
30612,truthsystems,2025,NA,Active,Surviving,USA,TRUE,3,1-5,FALSE,Infrastructure
30611,AgentMail,2025,NA,Active,Surviving,USA,TRUE,8,6-10,FALSE,B2B
30611,AgentMail,2025,NA,Active,Surviving,USA,TRUE,8,6-10,FALSE,Infrastructure
30610,TraceRoot.AI,2025,NA,Active,Surviving,USA,TRUE,1,1-5,FALSE,B2B
30610,TraceRoot.AI,2025,NA,Active,Surviving,USA,TRUE,1,1-5,FALSE,"Engineering, Product and Design"
30609,Halluminate,2025,NA,Active,Surviving,USA,TRUE,5,1-5,FALSE,B2B
30608,MangoDesk,2025,NA,Active,Surviving,USA,TRUE,2,1-5,FALSE,B2B
30607,The Prompting Company,2025,NA,Active,Surviving,USA,TRUE,4,1-5,FALSE,B2B
30607,The Prompting Company,2025,NA,Active,Surviving,USA,TRUE,4,1-5,FALSE,Marketing
30606,Acrely,2025,NA,Active,Surviving,,FALSE,6,6-10,FALSE,B2B
30605,Dedalus Labs,2025,NA,Active,Surviving,USA,TRUE,10,6-10,FALSE,B2B
30605,Dedalus Labs,2025,NA,Active,Surviving,USA,TRUE,10,6-10,FALSE,Infrastructure
30603,Closera,2025,NA,Active,Surviving,USA,TRUE,2,1-5,FALSE,B2B
30602,Meteor,2025,NA,Active,Surviving,USA,TRUE,2,1-5,FALSE,Consumer
30598,GETASAP,2025,NA,Active,Surviving,USA,TRUE,17,11-25,FALSE,B2B
30598,GETASAP,2025,NA,Active,Surviving,USA,TRUE,17,11-25,FALSE,Supply Chain and Logistics
30596,Adaptional,2025,NA,Active,Surviving,USA,TRUE,NA,NA,FALSE,B2B
30582,Pingo AI,2025,NA,Active,Surviving,,FALSE,4,1-5,FALSE,Consumer
30566,Preseen,2025,NA,Active,Surviving,USA,TRUE,1,1-5,FALSE,B2B
30566,Preseen,2025,NA,Active,Surviving,USA,TRUE,1,1-5,FALSE,Analytics
30520,Synthetic Society,2025,NA,Active,Surviving,,FALSE,2,1-5,FALSE,B2B
30520,Synthetic Society,2025,NA,Active,Surviving,,FALSE,2,1-5,FALSE,"Engineering, Product and Design"
30510,Cactus,2025,NA,Active,Surviving,USA,TRUE,8,6-10,FALSE,B2B
30510,Cactus,2025,NA,Active,Surviving,USA,TRUE,8,6-10,FALSE,"Engineering, Product and Design"
30494,Nixo,2025,NA,Active,Surviving,USA,TRUE,4,1-5,FALSE,B2B
30413,Serafis,2025,NA,Active,Surviving,USA,TRUE,4,1-5,FALSE,B2B
30364,Wayline,2025,NA,Active,Surviving,,FALSE,3,1-5,FALSE,Real Estate and Construction
30362,Ambral,2025,NA,Active,Surviving,USA,TRUE,3,1-5,FALSE,B2B
30362,Ambral,2025,NA,Active,Surviving,USA,TRUE,3,1-5,FALSE,Sales
30352,Fluidize,2025,NA,Active,Surviving,USA,TRUE,3,1-5,FALSE,B2B
30352,Fluidize,2025,NA,Active,Surviving,USA,TRUE,3,1-5,FALSE,"Engineering, Product and Design"
30086,Autumn,2025,NA,Active,Surviving,London,FALSE,2,1-5,FALSE,B2B
29697,Stormy AI,2025,NA,Active,Surviving,USA,TRUE,5,1-5,FALSE,B2B
29697,Stormy AI,2025,NA,Active,Surviving,USA,TRUE,5,1-5,FALSE,Marketing
30740,Metis,2025,NA,Acquired,Successful,USA,TRUE,13,11-25,FALSE,B2B
30740,Metis,2025,NA,Acquired,Successful,USA,TRUE,13,11-25,FALSE,Infrastructure
30673,Nexa Labs,2025,NA,Acquired,Successful,USA,TRUE,3,1-5,FALSE,Industrials
30673,Nexa Labs,2025,NA,Acquired,Successful,USA,TRUE,3,1-5,FALSE,Agriculture
30643,Nuntius,2025,NA,Inactive,Failed,USA,TRUE,2,1-5,FALSE,B2B
30643,Nuntius,2025,NA,Inactive,Failed,USA,TRUE,2,1-5,FALSE,Infrastructure
31022,Coasts,2025,NA,Active,Surviving,,FALSE,2,1-5,FALSE,B2B
31022,Coasts,2025,NA,Active,Surviving,,FALSE,2,1-5,FALSE,"Engineering, Product and Design"
31021,Zephyr Fusion,2025,NA,Active,Surviving,USA,TRUE,2,1-5,FALSE,Industrials
31021,Zephyr Fusion,2025,NA,Active,Surviving,USA,TRUE,2,1-5,FALSE,Energy
31020,Mayflower,2025,NA,Active,Surviving,USA,TRUE,2,1-5,FALSE,Government
31018,item,2025,NA,Active,Surviving,USA,TRUE,6,6-10,FALSE,B2B
31018,item,2025,NA,Active,Surviving,USA,TRUE,6,6-10,FALSE,Sales
31013,Rivet,2025,NA,Active,Surviving,USA,TRUE,NA,NA,FALSE,B2B
31013,Rivet,2025,NA,Active,Surviving,USA,TRUE,NA,NA,FALSE,"Engineering, Product and Design"
31011,Openroll,2025,NA,Active,Surviving,Sweden,FALSE,4,1-5,FALSE,B2B
31010,Amika,2025,NA,Active,Surviving,USA,TRUE,2,1-5,FALSE,B2B
31010,Amika,2025,NA,Active,Surviving,USA,TRUE,2,1-5,FALSE,Infrastructure
31009,Bear,2025,NA,Active,Surviving,USA,TRUE,2,1-5,FALSE,B2B
31009,Bear,2025,NA,Active,Surviving,USA,TRUE,2,1-5,FALSE,Marketing
31008,Moss,2025,NA,Active,Surviving,USA,TRUE,5,1-5,FALSE,B2B
31007,Zarna,2025,NA,Active,Surviving,USA,TRUE,4,1-5,FALSE,B2B
31007,Zarna,2025,NA,Active,Surviving,USA,TRUE,4,1-5,FALSE,Finance and Accounting
31005,MarkIt,2025,NA,Active,Surviving,USA,TRUE,2,1-5,FALSE,B2B
31005,MarkIt,2025,NA,Active,Surviving,USA,TRUE,2,1-5,FALSE,Supply Chain and Logistics
31002,Clicks,2025,NA,Active,Surviving,USA,TRUE,4,1-5,FALSE,B2B
31002,Clicks,2025,NA,Active,Surviving,USA,TRUE,4,1-5,FALSE,Productivity
31001,Fastshot,2025,NA,Active,Surviving,USA,TRUE,3,1-5,FALSE,B2B
31001,Fastshot,2025,NA,Active,Surviving,USA,TRUE,3,1-5,FALSE,"Engineering, Product and Design"
30999,Zag,2025,NA,Active,Surviving,USA,TRUE,3,1-5,FALSE,B2B
30999,Zag,2025,NA,Active,Surviving,USA,TRUE,3,1-5,FALSE,"Engineering, Product and Design"
30997,LunaBill,2025,NA,Active,Surviving,USA,TRUE,4,1-5,FALSE,Healthcare
30997,LunaBill,2025,NA,Active,Surviving,USA,TRUE,4,1-5,FALSE,Healthcare IT
30996,Nerviom,2025,NA,Active,Surviving,USA,TRUE,1,1-5,FALSE,Real Estate and Construction
30995,Velvet,2025,NA,Active,Surviving,USA,TRUE,3,1-5,FALSE,B2B
30993,DiligenceSquared,2025,NA,Active,Surviving,USA,TRUE,3,1-5,FALSE,B2B
30993,DiligenceSquared,2025,NA,Active,Surviving,USA,TRUE,3,1-5,FALSE,Analytics
30992,Amera,2025,NA,Active,Surviving,,FALSE,7,6-10,FALSE,Fintech
30992,Amera,2025,NA,Active,Surviving,,FALSE,7,6-10,FALSE,Insurance
30991,Forge Robotics,2025,NA,Active,Surviving,USA,TRUE,1,1-5,FALSE,Industrials
30991,Forge Robotics,2025,NA,Active,Surviving,USA,TRUE,1,1-5,FALSE,Manufacturing and Robotics
30989,Bluma,2025,NA,Active,Surviving,USA,TRUE,2,1-5,FALSE,B2B
30989,Bluma,2025,NA,Active,Surviving,USA,TRUE,2,1-5,FALSE,Marketing
30987,Lightberry,2025,NA,Active,Surviving,USA,TRUE,3,1-5,FALSE,Industrials
30987,Lightberry,2025,NA,Active,Surviving,USA,TRUE,3,1-5,FALSE,Manufacturing and Robotics
30986,The Hog,2025,NA,Active,Surviving,,FALSE,2,1-5,FALSE,B2B
30986,The Hog,2025,NA,Active,Surviving,,FALSE,2,1-5,FALSE,Marketing
30983,Telemetron,2025,NA,Active,Surviving,USA,TRUE,2,1-5,FALSE,B2B
30982,Boom AI,2025,NA,Active,Surviving,USA,TRUE,3,1-5,FALSE,B2B
30981,Freeport Markets,2025,NA,Active,Surviving,USA,TRUE,3,1-5,FALSE,Fintech
30981,Freeport Markets,2025,NA,Active,Surviving,USA,TRUE,3,1-5,FALSE,Consumer Finance
30978,Miniswap,2025,NA,Active,Surviving,USA,TRUE,2,1-5,FALSE,Consumer
30978,Miniswap,2025,NA,Active,Surviving,USA,TRUE,2,1-5,FALSE,Gaming
30977,Rovi Health,2025,NA,Active,Surviving,USA,TRUE,3,1-5,FALSE,Healthcare
30975,Castari,2025,NA,Active,Surviving,USA,TRUE,3,1-5,FALSE,B2B
30975,Castari,2025,NA,Active,Surviving,USA,TRUE,3,1-5,FALSE,Infrastructure
30972,Jarmin,2025,NA,Active,Surviving,,FALSE,3,1-5,FALSE,B2B
30970,Exonic,2025,NA,Active,Surviving,USA,TRUE,3,1-5,FALSE,Healthcare
30970,Exonic,2025,NA,Active,Surviving,USA,TRUE,3,1-5,FALSE,Drug Discovery and Delivery
30969,Lemma,2025,NA,Active,Surviving,USA,TRUE,2,1-5,FALSE,B2B
30969,Lemma,2025,NA,Active,Surviving,USA,TRUE,2,1-5,FALSE,"Engineering, Product and Design"
30967,Mantle,2025,NA,Active,Surviving,,FALSE,2,1-5,FALSE,B2B
30967,Mantle,2025,NA,Active,Surviving,,FALSE,2,1-5,FALSE,Operations
30966,Karumi,2025,NA,Active,Surviving,,FALSE,5,1-5,FALSE,B2B
30966,Karumi,2025,NA,Active,Surviving,,FALSE,5,1-5,FALSE,Sales
30965,Icarus,2025,NA,Active,Surviving,USA,TRUE,16,11-25,FALSE,Industrials
30965,Icarus,2025,NA,Active,Surviving,USA,TRUE,16,11-25,FALSE,Defense
30964,Sava,2025,NA,Active,Surviving,USA,TRUE,3,1-5,FALSE,Fintech
30962,Denki,2025,NA,Active,Surviving,USA,TRUE,3,1-5,FALSE,B2B
30962,Denki,2025,NA,Active,Surviving,USA,TRUE,3,1-5,FALSE,Finance and Accounting
30961,Arcten,2025,NA,Active,Surviving,USA,TRUE,2,1-5,FALSE,B2B
30961,Arcten,2025,NA,Active,Surviving,USA,TRUE,2,1-5,FALSE,"Engineering, Product and Design"
30960,Metorial,2025,NA,Active,Surviving,NA,FALSE,4,1-5,FALSE,B2B
30959,Kalpa Labs,2025,NA,Active,Surviving,USA,TRUE,2,1-5,FALSE,B2B
30958,Absurd,2025,NA,Active,Surviving,USA,TRUE,6,6-10,FALSE,B2B
30958,Absurd,2025,NA,Active,Surviving,USA,TRUE,6,6-10,FALSE,Marketing
30957,Clad Labs,2025,NA,Active,Surviving,USA,TRUE,2,1-5,FALSE,Consumer
30956,Automax.ai,2025,NA,Active,Surviving,USA,TRUE,4,1-5,FALSE,Real Estate and Construction
30956,Automax.ai,2025,NA,Active,Surviving,USA,TRUE,4,1-5,FALSE,Housing and Real Estate
30954,Specific,2025,NA,Active,Surviving,Sweden,FALSE,2,1-5,FALSE,B2B
30954,Specific,2025,NA,Active,Surviving,Sweden,FALSE,2,1-5,FALSE,"Engineering, Product and Design"
30953,Primer,2025,NA,Active,Surviving,USA,TRUE,2,1-5,FALSE,B2B
30950,Narrative,2025,NA,Active,Surviving,USA,TRUE,3,1-5,FALSE,B2B
30950,Narrative,2025,NA,Active,Surviving,USA,TRUE,3,1-5,FALSE,Marketing
30949,Crunched,2025,NA,Active,Surviving,,FALSE,5,1-5,FALSE,B2B
30949,Crunched,2025,NA,Active,Surviving,,FALSE,5,1-5,FALSE,Finance and Accounting
30948,Lua Global Inc,2025,NA,Active,Surviving,,FALSE,5,1-5,FALSE,B2B
30947,Philon,2025,NA,Active,Surviving,USA,TRUE,NA,NA,FALSE,B2B
30946,Sourcebot,2025,NA,Active,Surviving,USA,TRUE,2,1-5,FALSE,B2B
30946,Sourcebot,2025,NA,Active,Surviving,USA,TRUE,2,1-5,FALSE,"Engineering, Product and Design"
30945,Zalos,2025,NA,Active,Surviving,United Kingdom,FALSE,2,1-5,FALSE,B2B
30945,Zalos,2025,NA,Active,Surviving,United Kingdom,FALSE,2,1-5,FALSE,Operations
30943,Aside,2025,NA,Active,Surviving,USA,TRUE,3,1-5,FALSE,Consumer
30942,Scott AI,2025,NA,Active,Surviving,USA,TRUE,3,1-5,FALSE,B2B
30940,Everest,2025,NA,Active,Surviving,USA,TRUE,NA,NA,FALSE,Consumer
30939,Expected Parrot,2025,NA,Active,Surviving,USA,TRUE,5,1-5,FALSE,B2B
30938,Imagine AI,2025,NA,Active,Surviving,USA,TRUE,5,1-5,FALSE,B2B
30938,Imagine AI,2025,NA,Active,Surviving,USA,TRUE,5,1-5,FALSE,Sales
30937,Anto Biosciences,2025,NA,Active,Surviving,USA,TRUE,4,1-5,FALSE,Healthcare
30936,Patent Watch,2025,NA,Active,Surviving,Canada,FALSE,4,1-5,FALSE,B2B
30935,s2.dev,2025,NA,Active,Surviving,USA,TRUE,5,1-5,FALSE,B2B
30935,s2.dev,2025,NA,Active,Surviving,USA,TRUE,5,1-5,FALSE,Infrastructure
30934,Tornyol,2025,NA,Active,Surviving,France,FALSE,7,6-10,FALSE,Consumer
30934,Tornyol,2025,NA,Active,Surviving,France,FALSE,7,6-10,FALSE,Consumer Electronics
30933,Nucleo,2025,NA,Active,Surviving,,FALSE,2,1-5,FALSE,Healthcare
30932,Leadbay,2025,NA,Active,Surviving,USA,TRUE,8,6-10,FALSE,B2B
30932,Leadbay,2025,NA,Active,Surviving,USA,TRUE,8,6-10,FALSE,Sales
30931,Pixley AI,2025,NA,Active,Surviving,USA,TRUE,2,1-5,FALSE,Consumer
30931,Pixley AI,2025,NA,Active,Surviving,USA,TRUE,2,1-5,FALSE,Content
30930,Cortex AI,2025,NA,Active,Surviving,USA,TRUE,3,1-5,FALSE,Industrials
30930,Cortex AI,2025,NA,Active,Surviving,USA,TRUE,3,1-5,FALSE,Manufacturing and Robotics
30929,Inspector,2025,NA,Active,Surviving,USA,TRUE,2,1-5,FALSE,B2B
30929,Inspector,2025,NA,Active,Surviving,USA,TRUE,2,1-5,FALSE,"Engineering, Product and Design"
30928,Thesis,2025,NA,Active,Surviving,USA,TRUE,2,1-5,FALSE,B2B
30925,Play Health,2025,NA,Active,Surviving,USA,TRUE,4,1-5,FALSE,Healthcare
30924,Casey,2025,NA,Active,Surviving,,FALSE,3,1-5,FALSE,Fintech
30924,Casey,2025,NA,Active,Surviving,,FALSE,3,1-5,FALSE,Insurance
30922,Selfin,2025,NA,Active,Surviving,USA,TRUE,2,1-5,FALSE,Fintech
30922,Selfin,2025,NA,Active,Surviving,USA,TRUE,2,1-5,FALSE,Consumer Finance
30921,Compyle,2025,NA,Active,Surviving,USA,TRUE,2,1-5,FALSE,B2B
30921,Compyle,2025,NA,Active,Surviving,USA,TRUE,2,1-5,FALSE,"Engineering, Product and Design"
30920,Lexi,2025,NA,Active,Surviving,USA,TRUE,4,1-5,FALSE,B2B
30920,Lexi,2025,NA,Active,Surviving,USA,TRUE,4,1-5,FALSE,Legal
30919,Codyco,2025,NA,Active,Surviving,,FALSE,4,1-5,FALSE,B2B
30918,ComplyDo,2025,NA,Active,Surviving,Germany,FALSE,8,6-10,FALSE,B2B
30918,ComplyDo,2025,NA,Active,Surviving,Germany,FALSE,8,6-10,FALSE,Legal
30917,Bravi,2025,NA,Active,Surviving,USA,TRUE,2,1-5,FALSE,B2B
30916,Rovr,2025,NA,Active,Surviving,USA,TRUE,3,1-5,FALSE,B2B
30916,Rovr,2025,NA,Active,Surviving,USA,TRUE,3,1-5,FALSE,"Engineering, Product and Design"
30914,Sunflower,2025,NA,Active,Surviving,,FALSE,15,11-25,FALSE,Consumer
30912,Redapto,2025,NA,Active,Surviving,USA,TRUE,2,1-5,FALSE,B2B
30911,Helonic,2025,NA,Active,Surviving,USA,TRUE,2,1-5,FALSE,Real Estate and Construction
30911,Helonic,2025,NA,Active,Surviving,USA,TRUE,2,1-5,FALSE,Construction
30910,Aleph Lab,2025,NA,Active,Surviving,USA,TRUE,1,1-5,FALSE,Consumer
30907,Logical,2025,NA,Active,Surviving,USA,TRUE,2,1-5,FALSE,B2B
30907,Logical,2025,NA,Active,Surviving,USA,TRUE,2,1-5,FALSE,Productivity
30904,Tensr,2025,NA,Active,Surviving,USA,TRUE,3,1-5,FALSE,Industrials
30904,Tensr,2025,NA,Active,Surviving,USA,TRUE,3,1-5,FALSE,Manufacturing and Robotics
30903,Kestrel AI,2025,NA,Active,Surviving,USA,TRUE,2,1-5,FALSE,B2B
30903,Kestrel AI,2025,NA,Active,Surviving,USA,TRUE,2,1-5,FALSE,Security
30900,LogosGuard,2025,NA,Active,Surviving,USA,TRUE,2,1-5,FALSE,B2B
30899,Sciloop,2025,NA,Active,Surviving,USA,TRUE,2,1-5,FALSE,B2B
30899,Sciloop,2025,NA,Active,Surviving,USA,TRUE,2,1-5,FALSE,Infrastructure
30896,Multifactor,2025,NA,Active,Surviving,USA,TRUE,6,6-10,FALSE,B2B
30896,Multifactor,2025,NA,Active,Surviving,USA,TRUE,6,6-10,FALSE,Security
30895,Allus AI,2025,NA,Active,Surviving,USA,TRUE,3,1-5,FALSE,Industrials
30895,Allus AI,2025,NA,Active,Surviving,USA,TRUE,3,1-5,FALSE,Manufacturing and Robotics
30894,Unsiloed AI,2025,NA,Active,Surviving,USA,TRUE,2,1-5,FALSE,B2B
30891,SF Tensor,2025,NA,Active,Surviving,,FALSE,5,1-5,FALSE,B2B
30891,SF Tensor,2025,NA,Active,Surviving,,FALSE,5,1-5,FALSE,Infrastructure
30890,AnswerThis,2025,NA,Active,Surviving,USA,TRUE,6,6-10,FALSE,Consumer
30889,Terrain,2025,NA,Active,Surviving,USA,TRUE,2,1-5,FALSE,B2B
30889,Terrain,2025,NA,Active,Surviving,USA,TRUE,2,1-5,FALSE,Security
30888,Lakonia,2025,NA,Active,Surviving,USA,TRUE,2,1-5,FALSE,Government
30887,SellRaze,2025,NA,Active,Surviving,USA,TRUE,6,6-10,FALSE,Consumer
30886,Mod AI,2025,NA,Active,Surviving,USA,TRUE,4,1-5,FALSE,B2B
30885,Semble AI,2025,NA,Active,Surviving,USA,TRUE,2,1-5,FALSE,B2B
30885,Semble AI,2025,NA,Active,Surviving,USA,TRUE,2,1-5,FALSE,"Engineering, Product and Design"
30884,Flick,2025,NA,Active,Surviving,USA,TRUE,2,1-5,FALSE,Consumer
30884,Flick,2025,NA,Active,Surviving,USA,TRUE,2,1-5,FALSE,Content
30883,hillclimb,2025,NA,Active,Surviving,USA,TRUE,4,1-5,FALSE,B2B
30883,hillclimb,2025,NA,Active,Surviving,USA,TRUE,4,1-5,FALSE,"Engineering, Product and Design"
30882,AtlasGrid,2025,NA,Active,Surviving,NA,FALSE,6,6-10,FALSE,B2B
30882,AtlasGrid,2025,NA,Active,Surviving,NA,FALSE,6,6-10,FALSE,"Engineering, Product and Design"
30881,Wardstone,2025,NA,Active,Surviving,USA,TRUE,5,1-5,FALSE,Industrials
30881,Wardstone,2025,NA,Active,Surviving,USA,TRUE,5,1-5,FALSE,Aviation and Space
30880,Nessie,2025,NA,Active,Surviving,,FALSE,2,1-5,FALSE,Consumer
30879,Hypercubic,2025,NA,Active,Surviving,USA,TRUE,2,1-5,FALSE,B2B
30878,Cranston AI,2025,NA,Active,Surviving,USA,TRUE,2,1-5,FALSE,B2B
30878,Cranston AI,2025,NA,Active,Surviving,USA,TRUE,2,1-5,FALSE,Finance and Accounting
30877,Trelium,2025,NA,Active,Surviving,USA,TRUE,6,6-10,FALSE,B2B
30875,Veria Labs,2025,NA,Active,Surviving,USA,TRUE,3,1-5,FALSE,B2B
30875,Veria Labs,2025,NA,Active,Surviving,USA,TRUE,3,1-5,FALSE,Security
30874,Minro,2025,NA,Active,Surviving,USA,TRUE,2,1-5,FALSE,B2B
30874,Minro,2025,NA,Active,Surviving,USA,TRUE,2,1-5,FALSE,"Engineering, Product and Design"
30871,Bron,2025,NA,Active,Surviving,USA,TRUE,2,1-5,FALSE,B2B
30871,Bron,2025,NA,Active,Surviving,USA,TRUE,2,1-5,FALSE,Analytics
30870,Koyal,2025,NA,Active,Surviving,USA,TRUE,5,1-5,FALSE,Consumer
30870,Koyal,2025,NA,Active,Surviving,USA,TRUE,5,1-5,FALSE,Content
30869,Kaigo Health,2025,NA,Active,Surviving,USA,TRUE,3,1-5,FALSE,Healthcare
30869,Kaigo Health,2025,NA,Active,Surviving,USA,TRUE,3,1-5,FALSE,Healthcare IT
30868,Norra,2025,NA,Active,Surviving,USA,TRUE,2,1-5,FALSE,Healthcare
30867,Soren,2025,NA,Active,Surviving,USA,TRUE,3,1-5,FALSE,B2B
30865,Lunavo,2025,NA,Active,Surviving,USA,TRUE,2,1-5,FALSE,B2B
30865,Lunavo,2025,NA,Active,Surviving,USA,TRUE,2,1-5,FALSE,Supply Chain and Logistics
30864,dari.dev,2025,NA,Active,Surviving,USA,TRUE,2,1-5,FALSE,B2B
30864,dari.dev,2025,NA,Active,Surviving,USA,TRUE,2,1-5,FALSE,"Engineering, Product and Design"
30863,The Context Company,2025,NA,Active,Surviving,USA,TRUE,2,1-5,FALSE,B2B
30863,The Context Company,2025,NA,Active,Surviving,USA,TRUE,2,1-5,FALSE,"Engineering, Product and Design"
30862,Sorce,2025,NA,Active,Surviving,USA,TRUE,5,1-5,FALSE,B2B
30862,Sorce,2025,NA,Active,Surviving,USA,TRUE,5,1-5,FALSE,Human Resources
30861,Caddy,2025,NA,Active,Surviving,USA,TRUE,4,1-5,FALSE,B2B
30861,Caddy,2025,NA,Active,Surviving,USA,TRUE,4,1-5,FALSE,"Engineering, Product and Design"
30859,Locus,2025,NA,Active,Surviving,,FALSE,2,1-5,FALSE,B2B
30859,Locus,2025,NA,Active,Surviving,,FALSE,2,1-5,FALSE,"Engineering, Product and Design"
30858,Deeptrace,2025,NA,Active,Surviving,USA,TRUE,4,1-5,FALSE,B2B
30857,Aspect,2025,NA,Active,Surviving,USA,TRUE,3,1-5,FALSE,B2B
30857,Aspect,2025,NA,Active,Surviving,USA,TRUE,3,1-5,FALSE,"Engineering, Product and Design"
30856,Scoop,2025,NA,Active,Surviving,USA,TRUE,2,1-5,FALSE,B2B
30854,Hyperspell,2025,NA,Active,Surviving,USA,TRUE,6,6-10,FALSE,B2B
30854,Hyperspell,2025,NA,Active,Surviving,USA,TRUE,6,6-10,FALSE,Infrastructure
30853,Bolna AI,2025,NA,Active,Surviving,India,FALSE,21,11-25,FALSE,B2B
30852,Nexus,2025,NA,Active,Surviving,Belgium,FALSE,2,1-5,FALSE,B2B
30850,Zavo,2025,NA,Active,Surviving,United Kingdom,FALSE,8,6-10,FALSE,Fintech
30850,Zavo,2025,NA,Active,Surviving,United Kingdom,FALSE,8,6-10,FALSE,Payments
30849,MOVEdot,2025,NA,Active,Surviving,USA,TRUE,10,6-10,FALSE,B2B
30849,MOVEdot,2025,NA,Active,Surviving,USA,TRUE,10,6-10,FALSE,"Engineering, Product and Design"
30848,Parrot,2025,NA,Active,Surviving,USA,TRUE,3,1-5,FALSE,Consumer
30847,Brickwise,2025,NA,Active,Surviving,United Kingdom,FALSE,2,1-5,FALSE,Real Estate and Construction
30847,Brickwise,2025,NA,Active,Surviving,United Kingdom,FALSE,2,1-5,FALSE,Housing and Real Estate
30846,Parse,2025,NA,Active,Surviving,USA,TRUE,2,1-5,FALSE,B2B
30845,Structured AI,2025,NA,Active,Surviving,USA,TRUE,10,6-10,FALSE,Real Estate and Construction
30845,Structured AI,2025,NA,Active,Surviving,USA,TRUE,10,6-10,FALSE,Construction
30844,Uplane,2025,NA,Active,Surviving,USA,TRUE,7,6-10,FALSE,B2B
30844,Uplane,2025,NA,Active,Surviving,USA,TRUE,7,6-10,FALSE,Marketing
30837,AirCaps,2025,NA,Active,Surviving,USA,TRUE,5,1-5,FALSE,Consumer
30835,Brickanta,2025,NA,Active,Surviving,Sweden,FALSE,11,11-25,FALSE,B2B
30835,Brickanta,2025,NA,Active,Surviving,Sweden,FALSE,11,11-25,FALSE,Infrastructure
30829,Remedy,2025,NA,Active,Surviving,,FALSE,2,1-5,FALSE,Healthcare
30828,Semiotic,2025,NA,Active,Surviving,USA,TRUE,3,1-5,FALSE,B2B
30828,Semiotic,2025,NA,Active,Surviving,USA,TRUE,3,1-5,FALSE,"Engineering, Product and Design"
30822,Lapis,2025,NA,Active,Surviving,USA,TRUE,4,1-5,FALSE,B2B
30822,Lapis,2025,NA,Active,Surviving,USA,TRUE,4,1-5,FALSE,Marketing
30821,Efference,2025,NA,Active,Surviving,USA,TRUE,1,1-5,FALSE,Industrials
30821,Efference,2025,NA,Active,Surviving,USA,TRUE,1,1-5,FALSE,Manufacturing and Robotics
30816,Digipals,2025,NA,Active,Surviving,USA,TRUE,3,1-5,FALSE,Consumer
30816,Digipals,2025,NA,Active,Surviving,USA,TRUE,3,1-5,FALSE,Social
30812,Mixy,2025,NA,Active,Surviving,,FALSE,2,1-5,FALSE,Consumer
30749,Fernstone,2025,NA,Active,Surviving,USA,TRUE,2,1-5,FALSE,Fintech
30749,Fernstone,2025,NA,Active,Surviving,USA,TRUE,2,1-5,FALSE,Insurance
30657,Nori,2025,NA,Active,Surviving,USA,TRUE,3,1-5,FALSE,Healthcare
30657,Nori,2025,NA,Active,Surviving,USA,TRUE,3,1-5,FALSE,Consumer Health and Wellness
30631,Null Labs,2025,NA,Active,Surviving,USA,TRUE,2,1-5,FALSE,Industrials
30631,Null Labs,2025,NA,Active,Surviving,USA,TRUE,2,1-5,FALSE,Defense
30604,Parametric,2025,NA,Active,Surviving,USA,TRUE,7,6-10,FALSE,Industrials
30604,Parametric,2025,NA,Active,Surviving,USA,TRUE,7,6-10,FALSE,Manufacturing and Robotics
30592,Prox,2025,NA,Active,Surviving,USA,TRUE,2,1-5,FALSE,B2B
30592,Prox,2025,NA,Active,Surviving,USA,TRUE,2,1-5,FALSE,Retail
30591,Autonomous Technologies Group,2025,NA,Active,Surviving,USA,TRUE,8,6-10,FALSE,Fintech
30569,Fifth Door,2025,NA,Active,Surviving,USA,TRUE,3,1-5,FALSE,Consumer
30569,Fifth Door,2025,NA,Active,Surviving,USA,TRUE,3,1-5,FALSE,Gaming
29763,Piggy Robotics,2025,NA,Active,Surviving,,FALSE,15,11-25,FALSE,Industrials
29763,Piggy Robotics,2025,NA,Active,Surviving,,FALSE,15,11-25,FALSE,Manufacturing and Robotics
29161,Goldbridge,2025,NA,Active,Surviving,,FALSE,3,1-5,FALSE,Real Estate and Construction
29161,Goldbridge,2025,NA,Active,Surviving,,FALSE,3,1-5,FALSE,Housing and Real Estate
26144,OpenBuilder,2025,NA,Active,Surviving,USA,TRUE,3,1-5,FALSE,B2B
26144,OpenBuilder,2025,NA,Active,Surviving,USA,TRUE,3,1-5,FALSE,"Engineering, Product and Design"
31004,Dome,2025,NA,Inactive,Failed,,FALSE,2,1-5,FALSE,B2B
31004,Dome,2025,NA,Inactive,Failed,,FALSE,2,1-5,FALSE,Infrastructure
30851,Sylvian,2025,NA,Inactive,Failed,USA,TRUE,2,1-5,FALSE,B2B
1839,Groww,2018,2015-2024,Public,Successful,India,FALSE,1050,500+,TRUE,Fintech
1839,Groww,2018,2015-2024,Public,Successful,India,FALSE,1050,500+,TRUE,Asset Management
1793,Sqreen,2018,2015-2024,Acquired,Successful,USA,TRUE,120,101-500,TRUE,B2B
1793,Sqreen,2018,2015-2024,Acquired,Successful,USA,TRUE,120,101-500,TRUE,Security
1743,Bear Flag Robotics,2018,2015-2024,Acquired,Successful,USA,TRUE,10,6-10,TRUE,Industrials
1743,Bear Flag Robotics,2018,2015-2024,Acquired,Successful,USA,TRUE,10,6-10,TRUE,Agriculture
1654,Newfront,2018,2015-2024,Acquired,Successful,USA,TRUE,800,500+,TRUE,Fintech
1654,Newfront,2018,2015-2024,Acquired,Successful,USA,TRUE,800,500+,TRUE,Insurance
1882,Snackpass,2018,2015-2024,Active,Surviving,USA,TRUE,38,26-100,FALSE,Consumer
1882,Snackpass,2018,2015-2024,Active,Surviving,USA,TRUE,38,26-100,FALSE,Food and Beverage
1879,Replit,2018,2015-2024,Active,Surviving,USA,TRUE,65,26-100,FALSE,B2B
1879,Replit,2018,2015-2024,Active,Surviving,USA,TRUE,65,26-100,FALSE,"Engineering, Product and Design"
1878,Swayable,2018,2015-2024,Active,Surviving,USA,TRUE,30,26-100,FALSE,B2B
1878,Swayable,2018,2015-2024,Active,Surviving,USA,TRUE,30,26-100,FALSE,Marketing
1877,FidoCure®,2018,2015-2024,Active,Surviving,USA,TRUE,14,11-25,FALSE,Healthcare
1877,FidoCure®,2018,2015-2024,Active,Surviving,USA,TRUE,14,11-25,FALSE,Healthcare Services
1876,Veriff,2018,2015-2024,Active,Surviving,Estonia,FALSE,5,1-5,FALSE,B2B
1876,Veriff,2018,2015-2024,Active,Surviving,Estonia,FALSE,5,1-5,FALSE,"Engineering, Product and Design"
1875,Aerones,2018,2015-2024,Active,Surviving,Latvia,FALSE,250,101-500,FALSE,Industrials
1875,Aerones,2018,2015-2024,Active,Surviving,Latvia,FALSE,250,101-500,FALSE,Climate
1872,Super,2018,2015-2024,Active,Surviving,Indonesia,FALSE,1037,500+,FALSE,Consumer
1871,Helloverify,2018,2015-2024,Active,Surviving,India,FALSE,600,500+,FALSE,B2B
1871,Helloverify,2018,2015-2024,Active,Surviving,India,FALSE,600,500+,FALSE,Human Resources
1869,Runa,2018,2015-2024,Active,Surviving,Mexico,FALSE,100,26-100,FALSE,B2B
1869,Runa,2018,2015-2024,Active,Surviving,Mexico,FALSE,100,26-100,FALSE,Human Resources
1868,ErudiFi,2018,2015-2024,Active,Surviving,Singapore,FALSE,88,26-100,FALSE,Fintech
1868,ErudiFi,2018,2015-2024,Active,Surviving,Singapore,FALSE,88,26-100,FALSE,Credit and Lending
1867,CaptivateIQ,2018,2015-2024,Active,Surviving,USA,TRUE,280,101-500,FALSE,B2B
1867,CaptivateIQ,2018,2015-2024,Active,Surviving,USA,TRUE,280,101-500,FALSE,Finance and Accounting
1866,Vena Medical,2018,2015-2024,Active,Surviving,Canada,FALSE,7,6-10,FALSE,Healthcare
1866,Vena Medical,2018,2015-2024,Active,Surviving,Canada,FALSE,7,6-10,FALSE,Medical Devices
1865,Mind Emulation Foundation,2018,2015-2024,Active,Surviving,,FALSE,1,1-5,FALSE,Healthcare
1865,Mind Emulation Foundation,2018,2015-2024,Active,Surviving,,FALSE,1,1-5,FALSE,Therapeutics
1863,Anjuna,2018,2015-2024,Active,Surviving,USA,TRUE,55,26-100,FALSE,B2B
1863,Anjuna,2018,2015-2024,Active,Surviving,USA,TRUE,55,26-100,FALSE,Security
1861,Tarjimly,2018,2015-2024,Active,Surviving,USA,TRUE,4,1-5,FALSE,Consumer
1861,Tarjimly,2018,2015-2024,Active,Surviving,USA,TRUE,4,1-5,FALSE,Social
1859,Observe.AI,2018,2015-2024,Active,Surviving,USA,TRUE,240,101-500,FALSE,B2B
1859,Observe.AI,2018,2015-2024,Active,Surviving,USA,TRUE,240,101-500,FALSE,Sales
1856,Culture Biosciences,2018,2015-2024,Active,Surviving,USA,TRUE,40,26-100,FALSE,Healthcare
1856,Culture Biosciences,2018,2015-2024,Active,Surviving,USA,TRUE,40,26-100,FALSE,Industrial Bio
1849,ZBiotics,2018,2015-2024,Active,Surviving,USA,TRUE,22,11-25,FALSE,Healthcare
1849,ZBiotics,2018,2015-2024,Active,Surviving,USA,TRUE,22,11-25,FALSE,Consumer Health and Wellness
1847,ArchForm,2018,2015-2024,Active,Surviving,USA,TRUE,23,11-25,FALSE,Healthcare
1847,ArchForm,2018,2015-2024,Active,Surviving,USA,TRUE,23,11-25,FALSE,Medical Devices
1844,OpenSea,2018,2015-2024,Active,Surviving,USA,TRUE,75,26-100,FALSE,Consumer
1844,OpenSea,2018,2015-2024,Active,Surviving,USA,TRUE,75,26-100,FALSE,Content
1842,AlgoSurg Inc,2018,2015-2024,Active,Surviving,India,FALSE,8,6-10,FALSE,Healthcare
1842,AlgoSurg Inc,2018,2015-2024,Active,Surviving,India,FALSE,8,6-10,FALSE,Healthcare Services
1836,Orangewood Labs,2018,2015-2024,Active,Surviving,USA,TRUE,40,26-100,FALSE,Industrials
1836,Orangewood Labs,2018,2015-2024,Active,Surviving,USA,TRUE,40,26-100,FALSE,Manufacturing and Robotics
1834,Aspire,2018,2015-2024,Active,Surviving,Singapore,FALSE,500,101-500,FALSE,Fintech
1834,Aspire,2018,2015-2024,Active,Surviving,Singapore,FALSE,500,101-500,FALSE,Payments
1833,SafetyWing,2018,2015-2024,Active,Surviving,USA,TRUE,130,101-500,FALSE,Fintech
1833,SafetyWing,2018,2015-2024,Active,Surviving,USA,TRUE,130,101-500,FALSE,Insurance
1832,Tilt (f.k.a. Delphia),2018,2015-2024,Active,Surviving,Canada,FALSE,25,11-25,FALSE,Fintech
1832,Tilt (f.k.a. Delphia),2018,2015-2024,Active,Surviving,Canada,FALSE,25,11-25,FALSE,Consumer Finance
1829,Pelago,2018,2015-2024,Active,Surviving,USA,TRUE,180,101-500,FALSE,Healthcare
1829,Pelago,2018,2015-2024,Active,Surviving,USA,TRUE,180,101-500,FALSE,Healthcare Services
1828,Substack,2018,2015-2024,Active,Surviving,USA,TRUE,90,26-100,FALSE,B2B
1828,Substack,2018,2015-2024,Active,Surviving,USA,TRUE,90,26-100,FALSE,Marketing
1826,Weekend (fmr. Volley),2018,2015-2024,Active,Surviving,USA,TRUE,80,26-100,FALSE,Consumer
1826,Weekend (fmr. Volley),2018,2015-2024,Active,Surviving,USA,TRUE,80,26-100,FALSE,Gaming
1819,Gainful,2018,2015-2024,Active,Surviving,USA,TRUE,30,26-100,FALSE,Consumer
1819,Gainful,2018,2015-2024,Active,Surviving,USA,TRUE,30,26-100,FALSE,Food and Beverage
1818,Cognition IP,2018,2015-2024,Active,Surviving,USA,TRUE,12,11-25,FALSE,B2B
1818,Cognition IP,2018,2015-2024,Active,Surviving,USA,TRUE,12,11-25,FALSE,Legal
1815,Players' Lounge,2018,2015-2024,Active,Surviving,USA,TRUE,13,11-25,FALSE,Consumer
1815,Players' Lounge,2018,2015-2024,Active,Surviving,USA,TRUE,13,11-25,FALSE,Gaming
1814,Psylaris,2018,2015-2024,Active,Surviving,Netherlands,FALSE,23,11-25,FALSE,Healthcare
1814,Psylaris,2018,2015-2024,Active,Surviving,Netherlands,FALSE,23,11-25,FALSE,Healthcare Services
1810,Treasury Prime,2018,2015-2024,Active,Surviving,USA,TRUE,100,26-100,FALSE,Fintech
1810,Treasury Prime,2018,2015-2024,Active,Surviving,USA,TRUE,100,26-100,FALSE,Banking and Exchange
1809,Acely,2018,2015-2024,Active,Surviving,USA,TRUE,30,26-100,FALSE,Education
1808,Universe,2018,2015-2024,Active,Surviving,USA,TRUE,25,11-25,FALSE,Consumer
1808,Universe,2018,2015-2024,Active,Surviving,USA,TRUE,25,11-25,FALSE,Content
1805,Let's Do This,2018,2015-2024,Active,Surviving,United Kingdom,FALSE,75,26-100,FALSE,Consumer
1805,Let's Do This,2018,2015-2024,Active,Surviving,United Kingdom,FALSE,75,26-100,FALSE,"Travel, Leisure and Tourism"
1802,Evolve (makers of Podcast App & Rest AI),2018,2015-2024,Active,Surviving,USA,TRUE,23,11-25,FALSE,Consumer
1802,Evolve (makers of Podcast App & Rest AI),2018,2015-2024,Active,Surviving,USA,TRUE,23,11-25,FALSE,Content
1800,Supermedium,2018,2015-2024,Active,Surviving,USA,TRUE,2,1-5,FALSE,Consumer
1800,Supermedium,2018,2015-2024,Active,Surviving,USA,TRUE,2,1-5,FALSE,Virtual and Augmented Reality
1798,Tributi,2018,2015-2024,Active,Surviving,Colombia,FALSE,20,11-25,FALSE,Consumer
1798,Tributi,2018,2015-2024,Active,Surviving,Colombia,FALSE,20,11-25,FALSE,Home and Personal
1795,Sourcify,2018,2015-2024,Active,Surviving,USA,TRUE,15,11-25,FALSE,B2B
1795,Sourcify,2018,2015-2024,Active,Surviving,USA,TRUE,15,11-25,FALSE,Retail
1794,Plexus,2018,2015-2024,Active,Surviving,United Kingdom,FALSE,3,1-5,FALSE,Consumer
1794,Plexus,2018,2015-2024,Active,Surviving,United Kingdom,FALSE,3,1-5,FALSE,Virtual and Augmented Reality
1790,BioRender,2018,2015-2024,Active,Surviving,Canada,FALSE,205,101-500,FALSE,B2B
1787,tEQuitable,2018,2015-2024,Active,Surviving,USA,TRUE,6,6-10,FALSE,B2B
1787,tEQuitable,2018,2015-2024,Active,Surviving,USA,TRUE,6,6-10,FALSE,Human Resources
1785,Meitre,2018,2015-2024,Active,Surviving,USA,TRUE,9,6-10,FALSE,B2B
1785,Meitre,2018,2015-2024,Active,Surviving,USA,TRUE,9,6-10,FALSE,Retail
1784,Draftbit,2018,2015-2024,Active,Surviving,USA,TRUE,10,6-10,FALSE,B2B
1784,Draftbit,2018,2015-2024,Active,Surviving,USA,TRUE,10,6-10,FALSE,"Engineering, Product and Design"
1783,LUS Brands,2018,2015-2024,Active,Surviving,Canada,FALSE,20,11-25,FALSE,Consumer
1783,LUS Brands,2018,2015-2024,Active,Surviving,Canada,FALSE,20,11-25,FALSE,Apparel and Cosmetics
1781,Vanta,2018,2015-2024,Active,Surviving,USA,TRUE,700,500+,FALSE,B2B
1781,Vanta,2018,2015-2024,Active,Surviving,USA,TRUE,700,500+,FALSE,Security
1779,Dear Brightly,2018,2015-2024,Active,Surviving,USA,TRUE,3,1-5,FALSE,Healthcare
1779,Dear Brightly,2018,2015-2024,Active,Surviving,USA,TRUE,3,1-5,FALSE,Consumer Health and Wellness
1778,Nuvocargo,2018,2015-2024,Active,Surviving,USA,TRUE,100,26-100,FALSE,B2B
1778,Nuvocargo,2018,2015-2024,Active,Surviving,USA,TRUE,100,26-100,FALSE,Supply Chain and Logistics
1777,AesculaTech,2018,2015-2024,Active,Surviving,USA,TRUE,6,6-10,FALSE,Healthcare
1777,AesculaTech,2018,2015-2024,Active,Surviving,USA,TRUE,6,6-10,FALSE,Medical Devices
1773,Persephone Biosciences,2018,2015-2024,Active,Surviving,USA,TRUE,6,6-10,FALSE,Healthcare
1773,Persephone Biosciences,2018,2015-2024,Active,Surviving,USA,TRUE,6,6-10,FALSE,Therapeutics
1771,Modern Health,2018,2015-2024,Active,Surviving,USA,TRUE,375,101-500,FALSE,Healthcare
1771,Modern Health,2018,2015-2024,Active,Surviving,USA,TRUE,375,101-500,FALSE,Healthcare Services
1769,Promise,2018,2015-2024,Active,Surviving,USA,TRUE,80,26-100,FALSE,Government
1768,Tradewind BioScience,2018,2015-2024,Active,Surviving,USA,TRUE,2,1-5,FALSE,Healthcare
1768,Tradewind BioScience,2018,2015-2024,Active,Surviving,USA,TRUE,2,1-5,FALSE,Therapeutics
1767,Nectome,2018,2015-2024,Active,Surviving,USA,TRUE,5,1-5,FALSE,Healthcare
1767,Nectome,2018,2015-2024,Active,Surviving,USA,TRUE,5,1-5,FALSE,Therapeutics
1763,Biobot Analytics,2018,2015-2024,Active,Surviving,USA,TRUE,12,11-25,FALSE,Government
1761,NEXGENT,2018,2015-2024,Active,Surviving,USA,TRUE,25,11-25,FALSE,Education
1760,Macromoltek,2018,2015-2024,Active,Surviving,USA,TRUE,14,11-25,FALSE,Healthcare
1760,Macromoltek,2018,2015-2024,Active,Surviving,USA,TRUE,14,11-25,FALSE,Drug Discovery and Delivery
1757,Avro Life Science,2018,2015-2024,Active,Surviving,Canada,FALSE,8,6-10,FALSE,Healthcare
1757,Avro Life Science,2018,2015-2024,Active,Surviving,Canada,FALSE,8,6-10,FALSE,Drug Discovery and Delivery
1753,SRTX,2018,2015-2024,Active,Surviving,Canada,FALSE,150,101-500,FALSE,Industrials
1753,SRTX,2018,2015-2024,Active,Surviving,Canada,FALSE,150,101-500,FALSE,Manufacturing and Robotics
1752,Simetrik,2018,2015-2024,Active,Surviving,Colombia,FALSE,350,101-500,FALSE,B2B
1752,Simetrik,2018,2015-2024,Active,Surviving,Colombia,FALSE,350,101-500,FALSE,Finance and Accounting
1750,Key Values,2018,2015-2024,Active,Surviving,USA,TRUE,1,1-5,FALSE,B2B
1750,Key Values,2018,2015-2024,Active,Surviving,USA,TRUE,1,1-5,FALSE,Recruiting and Talent
1749,CoinTracker,2018,2015-2024,Active,Surviving,USA,TRUE,70,26-100,FALSE,Fintech
1748,Slite,2018,2015-2024,Active,Surviving,Germany,FALSE,40,26-100,FALSE,B2B
1748,Slite,2018,2015-2024,Active,Surviving,Germany,FALSE,40,26-100,FALSE,Productivity
1747,Glowing.io,2018,2015-2024,Active,Surviving,USA,TRUE,11,11-25,FALSE,B2B
1746,Sixfold Bioscience,2018,2015-2024,Active,Surviving,United Kingdom,FALSE,27,26-100,FALSE,Healthcare
1746,Sixfold Bioscience,2018,2015-2024,Active,Surviving,United Kingdom,FALSE,27,26-100,FALSE,Drug Discovery and Delivery
1745,Worklytics,2018,2015-2024,Active,Surviving,USA,TRUE,NA,NA,FALSE,B2B
1745,Worklytics,2018,2015-2024,Active,Surviving,USA,TRUE,NA,NA,FALSE,Analytics
1744,Fondo,2018,2015-2024,Active,Surviving,USA,TRUE,80,26-100,FALSE,B2B
1744,Fondo,2018,2015-2024,Active,Surviving,USA,TRUE,80,26-100,FALSE,Finance and Accounting
1739,Observant AI,2018,2015-2024,Active,Surviving,USA,TRUE,5,1-5,FALSE,B2B
1739,Observant AI,2018,2015-2024,Active,Surviving,USA,TRUE,5,1-5,FALSE,Operations
1736,Assembly,2018,2015-2024,Active,Surviving,USA,TRUE,25,11-25,FALSE,B2B
1736,Assembly,2018,2015-2024,Active,Surviving,USA,TRUE,25,11-25,FALSE,Productivity
1734,Jasper.ai,2018,2015-2024,Active,Surviving,USA,TRUE,195,101-500,FALSE,B2B
1732,Shogun,2018,2015-2024,Active,Surviving,USA,TRUE,90,26-100,FALSE,B2B
1732,Shogun,2018,2015-2024,Active,Surviving,USA,TRUE,90,26-100,FALSE,"Engineering, Product and Design"
1731,Blueberry Pediatrics,2018,2015-2024,Active,Surviving,USA,TRUE,15,11-25,FALSE,Healthcare
1731,Blueberry Pediatrics,2018,2015-2024,Active,Surviving,USA,TRUE,15,11-25,FALSE,Healthcare IT
1730,Beanstalk,2018,2015-2024,Active,Surviving,USA,TRUE,15,11-25,FALSE,Industrials
1730,Beanstalk,2018,2015-2024,Active,Surviving,USA,TRUE,15,11-25,FALSE,Agriculture
1729,Spellbrush,2018,2015-2024,Active,Surviving,USA,TRUE,30,26-100,FALSE,Consumer
1729,Spellbrush,2018,2015-2024,Active,Surviving,USA,TRUE,30,26-100,FALSE,Gaming
1728,Torch,2018,2015-2024,Active,Surviving,USA,TRUE,130,101-500,FALSE,B2B
1728,Torch,2018,2015-2024,Active,Surviving,USA,TRUE,130,101-500,FALSE,Recruiting and Talent
1727,Quantstamp,2018,2015-2024,Active,Surviving,USA,TRUE,80,26-100,FALSE,B2B
1727,Quantstamp,2018,2015-2024,Active,Surviving,USA,TRUE,80,26-100,FALSE,Security
1725,Precious,2018,2015-2024,Active,Surviving,USA,TRUE,7,6-10,FALSE,Consumer
1725,Precious,2018,2015-2024,Active,Surviving,USA,TRUE,7,6-10,FALSE,Social
1723,Proven Group,2018,2015-2024,Active,Surviving,USA,TRUE,40,26-100,FALSE,Consumer
1721,"Lucy Goods, Inc",2018,2015-2024,Active,Surviving,USA,TRUE,7,6-10,FALSE,Consumer
1721,"Lucy Goods, Inc",2018,2015-2024,Active,Surviving,USA,TRUE,7,6-10,FALSE,Food and Beverage
1874,Look After My Bills,2018,2015-2024,Acquired,Successful,United Kingdom,FALSE,2,1-5,FALSE,Fintech
1874,Look After My Bills,2018,2015-2024,Acquired,Successful,United Kingdom,FALSE,2,1-5,FALSE,Consumer Finance
1870,Qulture.Rocks,2018,2015-2024,Acquired,Successful,USA,TRUE,70,26-100,FALSE,B2B
1870,Qulture.Rocks,2018,2015-2024,Acquired,Successful,USA,TRUE,70,26-100,FALSE,Human Resources
1858,Jido Maps,2018,2015-2024,Acquired,Successful,USA,TRUE,6,6-10,FALSE,B2B
1858,Jido Maps,2018,2015-2024,Acquired,Successful,USA,TRUE,6,6-10,FALSE,Infrastructure
1852,Swipehouse,2018,2015-2024,Acquired,Successful,USA,TRUE,5,1-5,FALSE,Consumer
1852,Swipehouse,2018,2015-2024,Acquired,Successful,USA,TRUE,5,1-5,FALSE,Social
1843,Medumo,2018,2015-2024,Acquired,Successful,USA,TRUE,12,11-25,FALSE,Healthcare
1843,Medumo,2018,2015-2024,Acquired,Successful,USA,TRUE,12,11-25,FALSE,Healthcare IT
1841,Zyper,2018,2015-2024,Acquired,Successful,USA,TRUE,35,26-100,FALSE,B2B
1841,Zyper,2018,2015-2024,Acquired,Successful,USA,TRUE,35,26-100,FALSE,Marketing
1840,Memora Health,2018,2015-2024,Acquired,Successful,USA,TRUE,115,101-500,FALSE,Healthcare
1840,Memora Health,2018,2015-2024,Acquired,Successful,USA,TRUE,115,101-500,FALSE,Healthcare IT
1837,YouTeam,2018,2015-2024,Acquired,Successful,USA,TRUE,34,26-100,FALSE,B2B
1837,YouTeam,2018,2015-2024,Acquired,Successful,USA,TRUE,34,26-100,FALSE,Recruiting and Talent
1835,Mojo,2018,2015-2024,Acquired,Successful,France,FALSE,20,11-25,FALSE,Consumer
1835,Mojo,2018,2015-2024,Acquired,Successful,France,FALSE,20,11-25,FALSE,Content
1830,Dataform,2018,2015-2024,Acquired,Successful,United Kingdom,FALSE,10,6-10,FALSE,B2B
1830,Dataform,2018,2015-2024,Acquired,Successful,United Kingdom,FALSE,10,6-10,FALSE,Analytics
1827,SharpestMinds,2018,2015-2024,Acquired,Successful,Canada,FALSE,4,1-5,FALSE,B2B
1827,SharpestMinds,2018,2015-2024,Acquired,Successful,Canada,FALSE,4,1-5,FALSE,Recruiting and Talent
1824,Naborly,2018,2015-2024,Acquired,Successful,Canada,FALSE,25,11-25,FALSE,Real Estate and Construction
1824,Naborly,2018,2015-2024,Acquired,Successful,Canada,FALSE,25,11-25,FALSE,Housing and Real Estate
1821,Hunter2,2018,2015-2024,Acquired,Successful,USA,TRUE,0,NA,FALSE,B2B
1821,Hunter2,2018,2015-2024,Acquired,Successful,USA,TRUE,0,NA,FALSE,Security
1816,Lawyaw,2018,2015-2024,Acquired,Successful,USA,TRUE,15,11-25,FALSE,B2B
1816,Lawyaw,2018,2015-2024,Acquired,Successful,USA,TRUE,15,11-25,FALSE,Legal
1807,Edwin,2018,2015-2024,Acquired,Successful,USA,TRUE,14,11-25,FALSE,Education
1806,Flinto,2018,2015-2024,Acquired,Successful,Mexico,FALSE,0,NA,FALSE,Fintech
1806,Flinto,2018,2015-2024,Acquired,Successful,Mexico,FALSE,0,NA,FALSE,Payments
1789,Evry Health,2018,2015-2024,Acquired,Successful,USA,TRUE,40,26-100,FALSE,Healthcare
1789,Evry Health,2018,2015-2024,Acquired,Successful,USA,TRUE,40,26-100,FALSE,Healthcare Services
1782,NewCraft,2018,2015-2024,Acquired,Successful,NA,FALSE,2,1-5,FALSE,B2B
1782,NewCraft,2018,2015-2024,Acquired,Successful,NA,FALSE,2,1-5,FALSE,"Engineering, Product and Design"
1780,Squad,2018,2015-2024,Acquired,Successful,USA,TRUE,10,6-10,FALSE,Consumer
1780,Squad,2018,2015-2024,Acquired,Successful,USA,TRUE,10,6-10,FALSE,Social
1774,Glimpse K12,2018,2015-2024,Acquired,Successful,USA,TRUE,6,6-10,FALSE,Education
1766,CodeStream,2018,2015-2024,Acquired,Successful,USA,TRUE,10,6-10,FALSE,B2B
1766,CodeStream,2018,2015-2024,Acquired,Successful,USA,TRUE,10,6-10,FALSE,"Engineering, Product and Design"
1762,onederful,2018,2015-2024,Acquired,Successful,USA,TRUE,2,1-5,FALSE,Healthcare
1762,onederful,2018,2015-2024,Acquired,Successful,USA,TRUE,2,1-5,FALSE,Healthcare IT
1759,Sepsis Scout,2018,2015-2024,Acquired,Successful,USA,TRUE,5,1-5,FALSE,Healthcare
1759,Sepsis Scout,2018,2015-2024,Acquired,Successful,USA,TRUE,5,1-5,FALSE,Healthcare IT
1751,ClearBrain,2018,2015-2024,Acquired,Successful,USA,TRUE,10,6-10,FALSE,B2B
1751,ClearBrain,2018,2015-2024,Acquired,Successful,USA,TRUE,10,6-10,FALSE,Marketing
1741,Pulse,2018,2015-2024,Acquired,Successful,USA,TRUE,11,11-25,FALSE,B2B
1741,Pulse,2018,2015-2024,Acquired,Successful,USA,TRUE,11,11-25,FALSE,Productivity
1726,Mayhem,2018,2015-2024,Acquired,Successful,USA,TRUE,10,6-10,FALSE,Consumer
1726,Mayhem,2018,2015-2024,Acquired,Successful,USA,TRUE,10,6-10,FALSE,Gaming
1881,Lambda Tea,2018,2015-2024,Inactive,Failed,,FALSE,2,1-5,FALSE,Consumer
1881,Lambda Tea,2018,2015-2024,Inactive,Failed,,FALSE,2,1-5,FALSE,Food and Beverage
1864,Hexel,2018,2015-2024,Inactive,Failed,USA,TRUE,2,1-5,FALSE,Consumer
1864,Hexel,2018,2015-2024,Inactive,Failed,USA,TRUE,2,1-5,FALSE,"Travel, Leisure and Tourism"
1857,Point API,2018,2015-2024,Inactive,Failed,USA,TRUE,5,1-5,FALSE,B2B
1857,Point API,2018,2015-2024,Inactive,Failed,USA,TRUE,5,1-5,FALSE,Productivity
1855,Ben,2018,2015-2024,Inactive,Failed,USA,TRUE,2,1-5,FALSE,Fintech
1855,Ben,2018,2015-2024,Inactive,Failed,USA,TRUE,2,1-5,FALSE,Banking and Exchange
1854,Secured,2018,2015-2024,Inactive,Failed,United Kingdom,FALSE,12,11-25,FALSE,Consumer
1854,Secured,2018,2015-2024,Inactive,Failed,United Kingdom,FALSE,12,11-25,FALSE,Apparel and Cosmetics
1853,Iambiq Technologies,2018,2015-2024,Inactive,Failed,USA,TRUE,2,1-5,FALSE,B2B
1853,Iambiq Technologies,2018,2015-2024,Inactive,Failed,USA,TRUE,2,1-5,FALSE,"Engineering, Product and Design"
1851,Voicery,2018,2015-2024,Inactive,Failed,USA,TRUE,2,1-5,FALSE,B2B
1851,Voicery,2018,2015-2024,Inactive,Failed,USA,TRUE,2,1-5,FALSE,"Engineering, Product and Design"
1845,Atrium,2018,2015-2024,Inactive,Failed,USA,TRUE,180,101-500,FALSE,B2B
1845,Atrium,2018,2015-2024,Inactive,Failed,USA,TRUE,180,101-500,FALSE,Legal
1838,OSIMple,2018,2015-2024,Inactive,Failed,Canada,FALSE,2,1-5,FALSE,Real Estate and Construction
1838,OSIMple,2018,2015-2024,Inactive,Failed,Canada,FALSE,2,1-5,FALSE,Construction
1831,Pagedraw,2018,2015-2024,Inactive,Failed,USA,TRUE,5,1-5,FALSE,B2B
1831,Pagedraw,2018,2015-2024,Inactive,Failed,USA,TRUE,5,1-5,FALSE,"Engineering, Product and Design"
1825,Shone,2018,2015-2024,Inactive,Failed,USA,TRUE,8,6-10,FALSE,Industrials
1825,Shone,2018,2015-2024,Inactive,Failed,USA,TRUE,8,6-10,FALSE,Manufacturing and Robotics
1823,Vathys,2018,2015-2024,Inactive,Failed,USA,TRUE,6,6-10,FALSE,Industrials
1823,Vathys,2018,2015-2024,Inactive,Failed,USA,TRUE,6,6-10,FALSE,Manufacturing and Robotics
1822,Station,2018,2015-2024,Inactive,Failed,France,FALSE,9,6-10,FALSE,B2B
1822,Station,2018,2015-2024,Inactive,Failed,France,FALSE,9,6-10,FALSE,Productivity
1820,Nutrigene,2018,2015-2024,Inactive,Failed,USA,TRUE,0,NA,FALSE,Consumer
1820,Nutrigene,2018,2015-2024,Inactive,Failed,USA,TRUE,0,NA,FALSE,Food and Beverage
1813,Storyline,2018,2015-2024,Inactive,Failed,United Kingdom,FALSE,3,1-5,FALSE,B2B
1813,Storyline,2018,2015-2024,Inactive,Failed,United Kingdom,FALSE,3,1-5,FALSE,"Engineering, Product and Design"
1804,miru,2018,2015-2024,Inactive,Failed,USA,TRUE,1,1-5,FALSE,B2B
1804,miru,2018,2015-2024,Inactive,Failed,USA,TRUE,1,1-5,FALSE,"Engineering, Product and Design"
1801,Haiku,2018,2015-2024,Inactive,Failed,USA,TRUE,NA,NA,FALSE,B2B
1801,Haiku,2018,2015-2024,Inactive,Failed,USA,TRUE,NA,NA,FALSE,"Engineering, Product and Design"
1799,Meson,2018,2015-2024,Inactive,Failed,Singapore,FALSE,10,6-10,FALSE,Consumer
1797,Viaopt,2018,2015-2024,Inactive,Failed,USA,TRUE,2,1-5,FALSE,B2B
1797,Viaopt,2018,2015-2024,Inactive,Failed,USA,TRUE,2,1-5,FALSE,Supply Chain and Logistics
1796,Aalo,2018,2015-2024,Inactive,Failed,USA,TRUE,1,1-5,FALSE,Consumer
1796,Aalo,2018,2015-2024,Inactive,Failed,USA,TRUE,1,1-5,FALSE,Home and Personal
1792,Openland,2018,2015-2024,Inactive,Failed,USA,TRUE,14,11-25,FALSE,Consumer
1792,Openland,2018,2015-2024,Inactive,Failed,USA,TRUE,14,11-25,FALSE,Social
1791,Correlia Biosystems,2018,2015-2024,Inactive,Failed,USA,TRUE,16,11-25,FALSE,Healthcare
1791,Correlia Biosystems,2018,2015-2024,Inactive,Failed,USA,TRUE,16,11-25,FALSE,Diagnostics
1786,EnvKey,2018,2015-2024,Inactive,Failed,USA,TRUE,2,1-5,FALSE,B2B
1786,EnvKey,2018,2015-2024,Inactive,Failed,USA,TRUE,2,1-5,FALSE,"Engineering, Product and Design"
1776,Curious Fictions,2018,2015-2024,Inactive,Failed,USA,TRUE,2,1-5,FALSE,Consumer
1776,Curious Fictions,2018,2015-2024,Inactive,Failed,USA,TRUE,2,1-5,FALSE,Content
1775,Reverie Labs,2018,2015-2024,Inactive,Failed,USA,TRUE,29,26-100,FALSE,Healthcare
1775,Reverie Labs,2018,2015-2024,Inactive,Failed,USA,TRUE,29,26-100,FALSE,Therapeutics
1772,Tingles,2018,2015-2024,Inactive,Failed,USA,TRUE,6,6-10,FALSE,Consumer
1772,Tingles,2018,2015-2024,Inactive,Failed,USA,TRUE,6,6-10,FALSE,Content
1770,OurMenu,2018,2015-2024,Inactive,Failed,,FALSE,3,1-5,FALSE,B2B
1770,OurMenu,2018,2015-2024,Inactive,Failed,,FALSE,3,1-5,FALSE,Retail
1764,Skip,2018,2015-2024,Inactive,Failed,USA,TRUE,2,1-5,FALSE,Consumer
1764,Skip,2018,2015-2024,Inactive,Failed,USA,TRUE,2,1-5,FALSE,Transportation Services
1758,Closer Sports,2018,2015-2024,Inactive,Failed,,FALSE,2,1-5,FALSE,Healthcare
1758,Closer Sports,2018,2015-2024,Inactive,Failed,,FALSE,2,1-5,FALSE,Healthcare IT
1756,Tipe,2018,2015-2024,Inactive,Failed,USA,TRUE,5,1-5,FALSE,B2B
1756,Tipe,2018,2015-2024,Inactive,Failed,USA,TRUE,5,1-5,FALSE,Infrastructure
1754,Mighty Buildings,2018,2015-2024,Inactive,Failed,USA,TRUE,200,101-500,FALSE,Real Estate and Construction
1754,Mighty Buildings,2018,2015-2024,Inactive,Failed,USA,TRUE,200,101-500,FALSE,Housing and Real Estate
1738,Necto,2018,2015-2024,Inactive,Failed,USA,TRUE,4,1-5,FALSE,Consumer
1738,Necto,2018,2015-2024,Inactive,Failed,USA,TRUE,4,1-5,FALSE,Home and Personal
1737,Rhythmm,2018,2015-2024,Inactive,Failed,USA,TRUE,2,1-5,FALSE,Consumer
1737,Rhythmm,2018,2015-2024,Inactive,Failed,USA,TRUE,2,1-5,FALSE,Social
1735,Ovipost,2018,2015-2024,Inactive,Failed,USA,TRUE,20,11-25,FALSE,Industrials
1735,Ovipost,2018,2015-2024,Inactive,Failed,USA,TRUE,20,11-25,FALSE,Agriculture
1733,California Dreamin,2018,2015-2024,Inactive,Failed,USA,TRUE,2,1-5,FALSE,Consumer
1733,California Dreamin,2018,2015-2024,Inactive,Failed,USA,TRUE,2,1-5,FALSE,Food and Beverage
1724,Sketchbox,2018,2015-2024,Inactive,Failed,USA,TRUE,20,11-25,FALSE,Consumer
1724,Sketchbox,2018,2015-2024,Inactive,Failed,USA,TRUE,20,11-25,FALSE,Virtual and Augmented Reality
30565,Cohesive,2025,NA,Active,Surviving,USA,TRUE,2,1-5,FALSE,B2B
30562,Docket,2025,NA,Active,Surviving,USA,TRUE,2,1-5,FALSE,B2B
30562,Docket,2025,NA,Active,Surviving,USA,TRUE,2,1-5,FALSE,"Engineering, Product and Design"
30561,Sureform,2025,NA,Active,Surviving,USA,TRUE,2,1-5,FALSE,B2B
30560,Foundation Industries,2025,NA,Active,Surviving,USA,TRUE,4,1-5,FALSE,Industrials
30559,Godela,2025,NA,Active,Surviving,USA,TRUE,4,1-5,FALSE,B2B
30559,Godela,2025,NA,Active,Surviving,USA,TRUE,4,1-5,FALSE,"Engineering, Product and Design"
30557,Aegis,2025,NA,Active,Surviving,,FALSE,3,1-5,FALSE,Healthcare
30557,Aegis,2025,NA,Active,Surviving,,FALSE,3,1-5,FALSE,Healthcare IT
30556,Cascade Space,2025,NA,Active,Surviving,USA,TRUE,7,6-10,FALSE,Industrials
30556,Cascade Space,2025,NA,Active,Surviving,USA,TRUE,7,6-10,FALSE,Aviation and Space
30554,Bond,2025,NA,Active,Surviving,USA,TRUE,3,1-5,FALSE,B2B
30554,Bond,2025,NA,Active,Surviving,USA,TRUE,3,1-5,FALSE,Productivity
30553,Blueshoe,2025,NA,Active,Surviving,USA,TRUE,2,1-5,FALSE,B2B
30553,Blueshoe,2025,NA,Active,Surviving,USA,TRUE,2,1-5,FALSE,Legal
30552,sieve,2025,NA,Active,Surviving,USA,TRUE,2,1-5,FALSE,B2B
30552,sieve,2025,NA,Active,Surviving,USA,TRUE,2,1-5,FALSE,Finance and Accounting
30549,Airweave,2025,NA,Active,Surviving,,FALSE,7,6-10,FALSE,B2B
30549,Airweave,2025,NA,Active,Surviving,,FALSE,7,6-10,FALSE,Infrastructure
30548,Theorem,2025,NA,Active,Surviving,USA,TRUE,4,1-5,FALSE,B2B
30548,Theorem,2025,NA,Active,Surviving,USA,TRUE,4,1-5,FALSE,"Engineering, Product and Design"
30547,Text.ai,2025,NA,Active,Surviving,USA,TRUE,4,1-5,FALSE,Consumer
30545,StarSling,2025,NA,Active,Surviving,USA,TRUE,2,1-5,FALSE,B2B
30545,StarSling,2025,NA,Active,Surviving,USA,TRUE,2,1-5,FALSE,"Engineering, Product and Design"
30544,Wavedash,2025,NA,Active,Surviving,USA,TRUE,3,1-5,FALSE,Consumer
30544,Wavedash,2025,NA,Active,Surviving,USA,TRUE,3,1-5,FALSE,Gaming
30543,Cactus,2025,NA,Active,Surviving,USA,TRUE,2,1-5,FALSE,B2B
30542,Vision Lab,2025,NA,Active,Surviving,USA,TRUE,8,6-10,FALSE,Industrials
30542,Vision Lab,2025,NA,Active,Surviving,USA,TRUE,8,6-10,FALSE,Manufacturing and Robotics
30541,Code Four,2025,NA,Active,Surviving,USA,TRUE,3,1-5,FALSE,Government
30540,Lumari,2025,NA,Active,Surviving,USA,TRUE,5,1-5,FALSE,B2B
30540,Lumari,2025,NA,Active,Surviving,USA,TRUE,5,1-5,FALSE,Supply Chain and Logistics
30539,mlop,2025,NA,Active,Surviving,London,FALSE,2,1-5,FALSE,B2B
30538,Den,2025,NA,Active,Surviving,USA,TRUE,2,1-5,FALSE,B2B
30538,Den,2025,NA,Active,Surviving,USA,TRUE,2,1-5,FALSE,Productivity
30535,Cotool,2025,NA,Active,Surviving,USA,TRUE,4,1-5,FALSE,B2B
30535,Cotool,2025,NA,Active,Surviving,USA,TRUE,4,1-5,FALSE,Security
30532,Nimbic AI,2025,NA,Active,Surviving,USA,TRUE,3,1-5,FALSE,B2B
30532,Nimbic AI,2025,NA,Active,Surviving,USA,TRUE,3,1-5,FALSE,"Engineering, Product and Design"
30531,Moby Analytics,2025,NA,Active,Surviving,France,FALSE,4,1-5,FALSE,B2B
30531,Moby Analytics,2025,NA,Active,Surviving,France,FALSE,4,1-5,FALSE,Finance and Accounting
30530,Rimba,2025,NA,Active,Surviving,USA,TRUE,4,1-5,FALSE,Industrials
30530,Rimba,2025,NA,Active,Surviving,USA,TRUE,4,1-5,FALSE,Climate
30529,Adentris,2025,NA,Active,Surviving,USA,TRUE,4,1-5,FALSE,Healthcare
30529,Adentris,2025,NA,Active,Surviving,USA,TRUE,4,1-5,FALSE,Healthcare IT
30528,Probo,2025,NA,Active,Surviving,USA,TRUE,6,6-10,FALSE,B2B
30528,Probo,2025,NA,Active,Surviving,USA,TRUE,6,6-10,FALSE,Security
30527,MindFort,2025,NA,Active,Surviving,USA,TRUE,5,1-5,FALSE,B2B
30527,MindFort,2025,NA,Active,Surviving,USA,TRUE,5,1-5,FALSE,Security
30526,chrt,2025,NA,Active,Surviving,USA,TRUE,5,1-5,FALSE,B2B
30526,chrt,2025,NA,Active,Surviving,USA,TRUE,5,1-5,FALSE,Supply Chain and Logistics
30523,Mesmer,2025,NA,Active,Surviving,USA,TRUE,3,1-5,FALSE,B2B
30523,Mesmer,2025,NA,Active,Surviving,USA,TRUE,3,1-5,FALSE,"Engineering, Product and Design"
30522,Naïve,2025,NA,Active,Surviving,USA,TRUE,8,6-10,FALSE,B2B
30521,Kairos,2025,NA,Active,Surviving,USA,TRUE,2,1-5,FALSE,B2B
30521,Kairos,2025,NA,Active,Surviving,USA,TRUE,2,1-5,FALSE,Infrastructure
30519,Hemut,2025,NA,Active,Surviving,USA,TRUE,3,1-5,FALSE,B2B
30519,Hemut,2025,NA,Active,Surviving,USA,TRUE,3,1-5,FALSE,Supply Chain and Logistics
30518,Orchid,2025,NA,Active,Surviving,USA,TRUE,3,1-5,FALSE,B2B
30518,Orchid,2025,NA,Active,Surviving,USA,TRUE,3,1-5,FALSE,Productivity
30517,ValueMate,2025,NA,Active,Surviving,,FALSE,2,1-5,FALSE,B2B
30516,Bramante,2025,NA,Active,Surviving,USA,TRUE,2,1-5,FALSE,Industrials
30516,Bramante,2025,NA,Active,Surviving,USA,TRUE,2,1-5,FALSE,Manufacturing and Robotics
30515,Libretto,2025,NA,Active,Surviving,USA,TRUE,2,1-5,FALSE,Healthcare
30515,Libretto,2025,NA,Active,Surviving,USA,TRUE,2,1-5,FALSE,Healthcare Services
30514,Scalar Field,2025,NA,Active,Surviving,,FALSE,3,1-5,FALSE,Fintech
30513,Eloquent AI,2025,NA,Active,Surviving,USA,TRUE,5,1-5,FALSE,B2B
30512,MorphoAI,2025,NA,Active,Surviving,USA,TRUE,7,6-10,FALSE,Industrials
30512,MorphoAI,2025,NA,Active,Surviving,USA,TRUE,7,6-10,FALSE,Manufacturing and Robotics
30511,Vassar Robotics,2025,NA,Active,Surviving,USA,TRUE,3,1-5,FALSE,Consumer
30511,Vassar Robotics,2025,NA,Active,Surviving,USA,TRUE,3,1-5,FALSE,Consumer Electronics
30509,Boost Robotics,2025,NA,Active,Surviving,USA,TRUE,2,1-5,FALSE,Industrials
30509,Boost Robotics,2025,NA,Active,Surviving,USA,TRUE,2,1-5,FALSE,Manufacturing and Robotics
30508,Sygaldry Technologies,2025,NA,Active,Surviving,,FALSE,NA,NA,FALSE,Industrials
30507,ParaQuery,2025,NA,Active,Surviving,USA,TRUE,1,1-5,FALSE,B2B
30507,ParaQuery,2025,NA,Active,Surviving,USA,TRUE,1,1-5,FALSE,Infrastructure
30506,Klavis AI,2025,NA,Active,Surviving,,FALSE,3,1-5,FALSE,B2B
30504,Third Chair,2025,NA,Active,Surviving,USA,TRUE,8,6-10,FALSE,B2B
30504,Third Chair,2025,NA,Active,Surviving,USA,TRUE,8,6-10,FALSE,Legal
30503,Vesence,2025,NA,Active,Surviving,,FALSE,2,1-5,FALSE,B2B
30503,Vesence,2025,NA,Active,Surviving,,FALSE,2,1-5,FALSE,Legal
30502,PowerMatrix,2025,NA,Active,Surviving,United Kingdom,FALSE,2,1-5,FALSE,Industrials
30502,PowerMatrix,2025,NA,Active,Surviving,United Kingdom,FALSE,2,1-5,FALSE,Energy
30501,Cartpole,2025,NA,Active,Surviving,USA,TRUE,1,1-5,FALSE,B2B
30500,Besimple AI,2025,NA,Active,Surviving,USA,TRUE,6,6-10,FALSE,B2B
30498,Alkali,2025,NA,Active,Surviving,USA,TRUE,2,1-5,FALSE,B2B
30498,Alkali,2025,NA,Active,Surviving,USA,TRUE,2,1-5,FALSE,"Engineering, Product and Design"
30497,Human Behavior,2025,NA,Active,Surviving,USA,TRUE,3,1-5,FALSE,B2B
30497,Human Behavior,2025,NA,Active,Surviving,USA,TRUE,3,1-5,FALSE,"Engineering, Product and Design"
30496,QualGent,2025,NA,Active,Surviving,USA,TRUE,10,6-10,FALSE,B2B
30492,Prism,2025,NA,Active,Surviving,USA,TRUE,3,1-5,FALSE,B2B
30492,Prism,2025,NA,Active,Surviving,USA,TRUE,3,1-5,FALSE,"Engineering, Product and Design"
30491,Novoflow,2025,NA,Active,Surviving,USA,TRUE,6,6-10,FALSE,Healthcare
30491,Novoflow,2025,NA,Active,Surviving,USA,TRUE,6,6-10,FALSE,Healthcare Services
30488,Theta,2025,NA,Active,Surviving,USA,TRUE,7,6-10,FALSE,B2B
30487,Lyra,2025,NA,Active,Surviving,USA,TRUE,4,1-5,FALSE,B2B
30487,Lyra,2025,NA,Active,Surviving,USA,TRUE,4,1-5,FALSE,Sales
30485,Anana,2025,NA,Active,Surviving,USA,TRUE,2,1-5,FALSE,B2B
30484,throxy,2025,NA,Active,Surviving,United Kingdom,FALSE,15,11-25,FALSE,B2B
30484,throxy,2025,NA,Active,Surviving,United Kingdom,FALSE,15,11-25,FALSE,Sales
30482,Lucis,2025,NA,Active,Surviving,France,FALSE,17,11-25,FALSE,Healthcare
30482,Lucis,2025,NA,Active,Surviving,France,FALSE,17,11-25,FALSE,Consumer Health and Wellness
30480,Flott HQ,2025,NA,Active,Surviving,,FALSE,2,1-5,FALSE,B2B
30479,Crimson,2025,NA,Active,Surviving,United Kingdom,FALSE,4,1-5,FALSE,B2B
30479,Crimson,2025,NA,Active,Surviving,United Kingdom,FALSE,4,1-5,FALSE,Legal
30477,Casco,2025,NA,Active,Surviving,,FALSE,10,6-10,FALSE,B2B
30477,Casco,2025,NA,Active,Surviving,,FALSE,10,6-10,FALSE,Security
30476,Nomi,2025,NA,Active,Surviving,USA,TRUE,5,1-5,FALSE,B2B
30476,Nomi,2025,NA,Active,Surviving,USA,TRUE,5,1-5,FALSE,Sales
30475,Morphik,2025,NA,Active,Surviving,USA,TRUE,2,1-5,FALSE,B2B
30475,Morphik,2025,NA,Active,Surviving,USA,TRUE,2,1-5,FALSE,Infrastructure
30474,RunRL,2025,NA,Active,Surviving,USA,TRUE,2,1-5,FALSE,B2B
30474,RunRL,2025,NA,Active,Surviving,USA,TRUE,2,1-5,FALSE,Infrastructure
30472,Ticket Wallet,2025,NA,Active,Surviving,USA,TRUE,2,1-5,FALSE,B2B
30471,Kaizen,2025,NA,Active,Surviving,USA,TRUE,6,6-10,FALSE,B2B
30469,HABIT,2025,NA,Active,Surviving,USA,TRUE,NA,NA,FALSE,B2B
30469,HABIT,2025,NA,Active,Surviving,USA,TRUE,NA,NA,FALSE,Retail
30468,Clidey,2025,NA,Active,Surviving,USA,TRUE,4,1-5,FALSE,B2B
30467,Opusense AI,2025,NA,Active,Surviving,,FALSE,2,1-5,FALSE,Real Estate and Construction
30467,Opusense AI,2025,NA,Active,Surviving,,FALSE,2,1-5,FALSE,Construction
30466,Labric,2025,NA,Active,Surviving,USA,TRUE,2,1-5,FALSE,B2B
30466,Labric,2025,NA,Active,Surviving,USA,TRUE,2,1-5,FALSE,Analytics
30465,Photonium,2025,NA,Active,Surviving,USA,TRUE,3,1-5,FALSE,B2B
30465,Photonium,2025,NA,Active,Surviving,USA,TRUE,3,1-5,FALSE,"Engineering, Product and Design"
30464,Sixtyfour,2025,NA,Active,Surviving,USA,TRUE,8,6-10,FALSE,B2B
30464,Sixtyfour,2025,NA,Active,Surviving,USA,TRUE,8,6-10,FALSE,Infrastructure
30463,Tegore,2025,NA,Active,Surviving,USA,TRUE,1,1-5,FALSE,Education
30462,Freesolo,2025,NA,Active,Surviving,USA,TRUE,4,1-5,FALSE,B2B
30462,Freesolo,2025,NA,Active,Surviving,USA,TRUE,4,1-5,FALSE,"Engineering, Product and Design"
30461,Combinely,2025,NA,Active,Surviving,,FALSE,5,1-5,FALSE,B2B
30461,Combinely,2025,NA,Active,Surviving,,FALSE,5,1-5,FALSE,Finance and Accounting
30460,VoiceOS,2025,NA,Active,Surviving,USA,TRUE,2,1-5,FALSE,Consumer
30459,Chiron,2025,NA,Active,Surviving,USA,TRUE,2,1-5,FALSE,Education
30458,Jeevy Fabrication,2025,NA,Active,Surviving,,FALSE,3,1-5,FALSE,B2B
30458,Jeevy Fabrication,2025,NA,Active,Surviving,,FALSE,3,1-5,FALSE,"Engineering, Product and Design"
30457,Trapeze,2025,NA,Active,Surviving,USA,TRUE,2,1-5,FALSE,Healthcare
30457,Trapeze,2025,NA,Active,Surviving,USA,TRUE,2,1-5,FALSE,Healthcare IT
30456,Tinfoil,2025,NA,Active,Surviving,USA,TRUE,5,1-5,FALSE,B2B
30456,Tinfoil,2025,NA,Active,Surviving,USA,TRUE,5,1-5,FALSE,Security
30455,The LLM Data Company,2025,NA,Active,Surviving,USA,TRUE,3,1-5,FALSE,B2B
30454,Refresh,2025,NA,Active,Surviving,USA,TRUE,8,6-10,FALSE,B2B
30454,Refresh,2025,NA,Active,Surviving,USA,TRUE,8,6-10,FALSE,"Engineering, Product and Design"
30453,Parsewise,2025,NA,Active,Surviving,United Kingdom,FALSE,6,6-10,FALSE,B2B
30452,Better Auth,2025,NA,Active,Surviving,USA,TRUE,4,1-5,FALSE,B2B
30452,Better Auth,2025,NA,Active,Surviving,USA,TRUE,4,1-5,FALSE,Security
30451,Bluejay,2025,NA,Active,Surviving,USA,TRUE,7,6-10,FALSE,B2B
30450,Kestral,2025,NA,Active,Surviving,USA,TRUE,3,1-5,FALSE,B2B
30449,Attune,2025,NA,Active,Surviving,USA,TRUE,3,1-5,FALSE,B2B
30449,Attune,2025,NA,Active,Surviving,USA,TRUE,3,1-5,FALSE,"Engineering, Product and Design"
30448,PgDog,2025,NA,Active,Surviving,USA,TRUE,2,1-5,FALSE,B2B
30448,PgDog,2025,NA,Active,Surviving,USA,TRUE,2,1-5,FALSE,Infrastructure
30446,Kirana AI,2025,NA,Active,Surviving,USA,TRUE,2,1-5,FALSE,B2B
30446,Kirana AI,2025,NA,Active,Surviving,USA,TRUE,2,1-5,FALSE,Retail
30445,Mbodi AI,2025,NA,Active,Surviving,USA,TRUE,6,6-10,FALSE,Industrials
30445,Mbodi AI,2025,NA,Active,Surviving,USA,TRUE,6,6-10,FALSE,Manufacturing and Robotics
30444,Percival,2025,NA,Active,Surviving,USA,TRUE,3,1-5,FALSE,B2B
30443,TypeOS,2025,NA,Active,Surviving,USA,TRUE,2,1-5,FALSE,Consumer
30442,YouLearn,2025,NA,Active,Surviving,USA,TRUE,3,1-5,FALSE,Education
30441,stratify,2025,NA,Active,Surviving,USA,TRUE,2,1-5,FALSE,B2B
30440,Sim,2025,NA,Active,Surviving,USA,TRUE,6,6-10,FALSE,B2B
30439,Clarm,2025,NA,Active,Surviving,USA,TRUE,2,1-5,FALSE,B2B
30439,Clarm,2025,NA,Active,Surviving,USA,TRUE,2,1-5,FALSE,Productivity
30438,Beluga,2025,NA,Active,Surviving,USA,TRUE,3,1-5,FALSE,B2B
30438,Beluga,2025,NA,Active,Surviving,USA,TRUE,3,1-5,FALSE,Marketing
30437,Kaelio,2025,NA,Active,Surviving,,FALSE,8,6-10,FALSE,B2B
30435,Alpha Research,2025,NA,Active,Surviving,USA,TRUE,1,1-5,FALSE,B2B
30435,Alpha Research,2025,NA,Active,Surviving,USA,TRUE,1,1-5,FALSE,"Engineering, Product and Design"
30434,Zeon Systems,2025,NA,Active,Surviving,USA,TRUE,5,1-5,FALSE,Industrials
30434,Zeon Systems,2025,NA,Active,Surviving,USA,TRUE,5,1-5,FALSE,Manufacturing and Robotics
30433,The Robot Learning Company,2025,NA,Active,Surviving,USA,TRUE,1,1-5,FALSE,Industrials
30433,The Robot Learning Company,2025,NA,Active,Surviving,USA,TRUE,1,1-5,FALSE,Manufacturing and Robotics
30432,HelixDB,2025,NA,Active,Surviving,United Kingdom,FALSE,6,6-10,FALSE,B2B
30432,HelixDB,2025,NA,Active,Surviving,United Kingdom,FALSE,6,6-10,FALSE,"Engineering, Product and Design"
30431,Chonkie,2025,NA,Active,Surviving,USA,TRUE,2,1-5,FALSE,B2B
30431,Chonkie,2025,NA,Active,Surviving,USA,TRUE,2,1-5,FALSE,"Engineering, Product and Design"
30430,Almond,2025,NA,Active,Surviving,USA,TRUE,3,1-5,FALSE,Industrials
30430,Almond,2025,NA,Active,Surviving,USA,TRUE,3,1-5,FALSE,Manufacturing and Robotics
30429,Claim Health,2025,NA,Active,Surviving,USA,TRUE,6,6-10,FALSE,Healthcare
30428,Capacitive,2025,NA,Active,Surviving,USA,TRUE,2,1-5,FALSE,B2B
30428,Capacitive,2025,NA,Active,Surviving,USA,TRUE,2,1-5,FALSE,"Engineering, Product and Design"
30427,Acolite,2025,NA,Active,Surviving,USA,TRUE,3,1-5,FALSE,Fintech
30427,Acolite,2025,NA,Active,Surviving,USA,TRUE,3,1-5,FALSE,Insurance
30426,Ralo,2025,NA,Active,Surviving,USA,TRUE,2,1-5,FALSE,Fintech
30426,Ralo,2025,NA,Active,Surviving,USA,TRUE,2,1-5,FALSE,Consumer Finance
30425,Auctor,2025,NA,Active,Surviving,USA,TRUE,25,11-25,FALSE,B2B
30423,neoncoral,2025,NA,Active,Surviving,USA,TRUE,1,1-5,FALSE,Consumer
30422,Galen AI,2025,NA,Active,Surviving,USA,TRUE,2,1-5,FALSE,Healthcare
30422,Galen AI,2025,NA,Active,Surviving,USA,TRUE,2,1-5,FALSE,Consumer Health and Wellness
30421,Synthio Labs,2025,NA,Active,Surviving,USA,TRUE,29,26-100,FALSE,Healthcare
30420,Cua,2025,NA,Active,Surviving,,FALSE,3,1-5,FALSE,B2B
30420,Cua,2025,NA,Active,Surviving,,FALSE,3,1-5,FALSE,"Engineering, Product and Design"
30419,Minerva,2025,NA,Active,Surviving,USA,TRUE,5,1-5,FALSE,B2B
30419,Minerva,2025,NA,Active,Surviving,USA,TRUE,5,1-5,FALSE,Finance and Accounting
30417,GroundControl,2025,NA,Active,Surviving,USA,TRUE,8,6-10,FALSE,Industrials
30417,GroundControl,2025,NA,Active,Surviving,USA,TRUE,8,6-10,FALSE,Aviation and Space
30415,Avallon AI,2025,NA,Active,Surviving,USA,TRUE,7,6-10,FALSE,Fintech
30415,Avallon AI,2025,NA,Active,Surviving,USA,TRUE,7,6-10,FALSE,Insurance
30412,Bloom,2025,NA,Active,Surviving,,FALSE,2,1-5,FALSE,B2B
30412,Bloom,2025,NA,Active,Surviving,,FALSE,2,1-5,FALSE,"Engineering, Product and Design"
30411,cubic,2025,NA,Active,Surviving,United Kingdom,FALSE,3,1-5,FALSE,B2B
30411,cubic,2025,NA,Active,Surviving,United Kingdom,FALSE,3,1-5,FALSE,"Engineering, Product and Design"
30409,Notus Autonomous Systems,2025,NA,Active,Surviving,USA,TRUE,3,1-5,FALSE,Industrials
30409,Notus Autonomous Systems,2025,NA,Active,Surviving,USA,TRUE,3,1-5,FALSE,Aviation and Space
30408,Autostep,2025,NA,Active,Surviving,USA,TRUE,1,1-5,FALSE,B2B
30408,Autostep,2025,NA,Active,Surviving,USA,TRUE,1,1-5,FALSE,Operations
30407,Golf,2025,NA,Active,Surviving,,FALSE,2,1-5,FALSE,B2B
30407,Golf,2025,NA,Active,Surviving,,FALSE,2,1-5,FALSE,Security
30406,BitBoard,2025,NA,Active,Surviving,USA,TRUE,2,1-5,FALSE,B2B
30406,BitBoard,2025,NA,Active,Surviving,USA,TRUE,2,1-5,FALSE,Analytics
30405,nao Labs,2025,NA,Active,Surviving,USA,TRUE,2,1-5,FALSE,B2B
30405,nao Labs,2025,NA,Active,Surviving,USA,TRUE,2,1-5,FALSE,Analytics
30404,Vybe,2025,NA,Active,Surviving,USA,TRUE,8,6-10,FALSE,B2B
30404,Vybe,2025,NA,Active,Surviving,USA,TRUE,8,6-10,FALSE,"Engineering, Product and Design"
30403,Aravolta,2025,NA,Active,Surviving,USA,TRUE,4,1-5,FALSE,B2B
30403,Aravolta,2025,NA,Active,Surviving,USA,TRUE,4,1-5,FALSE,Infrastructure
30402,Kashikoi,2025,NA,Active,Surviving,USA,TRUE,2,1-5,FALSE,B2B
30400,Plexe,2025,NA,Active,Surviving,London,FALSE,2,1-5,FALSE,B2B
30400,Plexe,2025,NA,Active,Surviving,London,FALSE,2,1-5,FALSE,"Engineering, Product and Design"
30399,Frekil,2025,NA,Active,Surviving,India,FALSE,2,1-5,FALSE,Healthcare
30384,Chestnut,2025,NA,Active,Surviving,USA,TRUE,2,1-5,FALSE,Fintech
30384,Chestnut,2025,NA,Active,Surviving,USA,TRUE,2,1-5,FALSE,Credit and Lending
30367,QFEX,2025,NA,Active,Surviving,United Kingdom,FALSE,10,6-10,FALSE,Fintech
30367,QFEX,2025,NA,Active,Surviving,United Kingdom,FALSE,10,6-10,FALSE,Banking and Exchange
30366,Blaxel,2025,NA,Active,Surviving,USA,TRUE,8,6-10,FALSE,B2B
30336,Atlog,2025,NA,Active,Surviving,USA,TRUE,2,1-5,FALSE,B2B
30336,Atlog,2025,NA,Active,Surviving,USA,TRUE,2,1-5,FALSE,Operations
30329,Waffle,2025,NA,Active,Surviving,United Kingdom,FALSE,2,1-5,FALSE,Consumer
30191,Partcl,2025,NA,Active,Surviving,USA,TRUE,NA,NA,FALSE,B2B
30191,Partcl,2025,NA,Active,Surviving,USA,TRUE,NA,NA,FALSE,"Engineering, Product and Design"
30173,Aviro,2025,NA,Active,Surviving,USA,TRUE,2,1-5,FALSE,B2B
29666,Willow,2025,NA,Active,Surviving,USA,TRUE,6,6-10,FALSE,Consumer
29662,Atum Works,2025,NA,Active,Surviving,USA,TRUE,3,1-5,FALSE,Industrials
29662,Atum Works,2025,NA,Active,Surviving,USA,TRUE,3,1-5,FALSE,Manufacturing and Robotics
29656,Leeroo,2025,NA,Active,Surviving,United Kingdom,FALSE,3,1-5,FALSE,B2B
30558,BitPatrol,2025,NA,Acquired,Successful,USA,TRUE,1,1-5,FALSE,B2B
30558,BitPatrol,2025,NA,Acquired,Successful,USA,TRUE,1,1-5,FALSE,Security
30536,Propolis,2025,NA,Acquired,Successful,USA,TRUE,2,1-5,FALSE,B2B
30447,Caucus,2025,NA,Inactive,Failed,,FALSE,3,1-5,FALSE,Government
30418,Kanava AI,2025,NA,Inactive,Failed,USA,TRUE,2,1-5,FALSE,B2B
30418,Kanava AI,2025,NA,Inactive,Failed,USA,TRUE,2,1-5,FALSE,Supply Chain and Logistics
31564,Huscarl,2026,NA,Active,Surviving,NA,FALSE,2,1-5,FALSE,Fintech
31564,Huscarl,2026,NA,Active,Surviving,NA,FALSE,2,1-5,FALSE,Insurance
31562,Cohesion,2026,NA,Active,Surviving,,FALSE,3,1-5,FALSE,B2B
31562,Cohesion,2026,NA,Active,Surviving,,FALSE,3,1-5,FALSE,Finance and Accounting
31561,Maquoketa Research,2026,NA,Active,Surviving,USA,TRUE,5,1-5,FALSE,Industrials
31561,Maquoketa Research,2026,NA,Active,Surviving,USA,TRUE,5,1-5,FALSE,Defense
31560,Intelligence Factory,2026,NA,Active,Surviving,USA,TRUE,5,1-5,FALSE,Industrials
31560,Intelligence Factory,2026,NA,Active,Surviving,USA,TRUE,5,1-5,FALSE,Manufacturing and Robotics
31554,Clawvisor,2026,NA,Active,Surviving,USA,TRUE,1,1-5,FALSE,B2B
31554,Clawvisor,2026,NA,Active,Surviving,USA,TRUE,1,1-5,FALSE,Security
31553,Framewise Health,2026,NA,Active,Surviving,USA,TRUE,2,1-5,FALSE,Healthcare
31550,Playabl.ai,2026,NA,Active,Surviving,USA,TRUE,9,6-10,FALSE,Consumer
31550,Playabl.ai,2026,NA,Active,Surviving,USA,TRUE,9,6-10,FALSE,Gaming
31548,Hyper,2026,NA,Active,Surviving,USA,TRUE,2,1-5,FALSE,B2B
31548,Hyper,2026,NA,Active,Surviving,USA,TRUE,2,1-5,FALSE,Productivity
31547,InsForge,2026,NA,Active,Surviving,USA,TRUE,6,6-10,FALSE,B2B
31547,InsForge,2026,NA,Active,Surviving,USA,TRUE,6,6-10,FALSE,"Engineering, Product and Design"
31546,ReasonBlocks,2026,NA,Active,Surviving,USA,TRUE,2,1-5,FALSE,B2B
31545,Modern,2026,NA,Active,Surviving,USA,TRUE,2,1-5,FALSE,B2B
31545,Modern,2026,NA,Active,Surviving,USA,TRUE,2,1-5,FALSE,Operations
31540,KugelAudio,2026,NA,Active,Surviving,Germany,FALSE,4,1-5,FALSE,B2B
31540,KugelAudio,2026,NA,Active,Surviving,Germany,FALSE,4,1-5,FALSE,Infrastructure
31539,Klaimee,2026,NA,Active,Surviving,,FALSE,2,1-5,FALSE,Fintech
31539,Klaimee,2026,NA,Active,Surviving,,FALSE,2,1-5,FALSE,Insurance
31536,Gigacatalyst,2026,NA,Active,Surviving,USA,TRUE,3,1-5,FALSE,B2B
31536,Gigacatalyst,2026,NA,Active,Surviving,USA,TRUE,3,1-5,FALSE,"Engineering, Product and Design"
31531,Manicule,2026,NA,Active,Surviving,USA,TRUE,2,1-5,FALSE,B2B
31529,Mochatrade,2026,NA,Active,Surviving,USA,TRUE,3,1-5,FALSE,Fintech
31529,Mochatrade,2026,NA,Active,Surviving,USA,TRUE,3,1-5,FALSE,Consumer Finance
31528,Asendia AI,2026,NA,Active,Surviving,USA,TRUE,3,1-5,FALSE,B2B
31528,Asendia AI,2026,NA,Active,Surviving,USA,TRUE,3,1-5,FALSE,Human Resources
31527,Revnu,2026,NA,Active,Surviving,USA,TRUE,2,1-5,FALSE,B2B
31525,Arden,2026,NA,Active,Surviving,USA,TRUE,2,1-5,FALSE,B2B
31525,Arden,2026,NA,Active,Surviving,USA,TRUE,2,1-5,FALSE,Finance and Accounting
31524,AgentPhone,2026,NA,Active,Surviving,USA,TRUE,2,1-5,FALSE,B2B
31524,AgentPhone,2026,NA,Active,Surviving,USA,TRUE,2,1-5,FALSE,Infrastructure
31523,Indexable,2026,NA,Active,Surviving,USA,TRUE,3,1-5,FALSE,B2B
31523,Indexable,2026,NA,Active,Surviving,USA,TRUE,3,1-5,FALSE,Infrastructure
31520,Kinect,2026,NA,Active,Surviving,USA,TRUE,2,1-5,FALSE,B2B
31518,Runtime,2026,NA,Active,Surviving,USA,TRUE,3,1-5,FALSE,B2B
31518,Runtime,2026,NA,Active,Surviving,USA,TRUE,3,1-5,FALSE,"Engineering, Product and Design"
31517,YouArt,2026,NA,Active,Surviving,,FALSE,3,1-5,FALSE,Consumer
31517,YouArt,2026,NA,Active,Surviving,,FALSE,3,1-5,FALSE,Content
31516,Expanse,2026,NA,Active,Surviving,USA,TRUE,4,1-5,FALSE,B2B
31516,Expanse,2026,NA,Active,Surviving,USA,TRUE,4,1-5,FALSE,Infrastructure
31512,Pentagon,2026,NA,Active,Surviving,USA,TRUE,1,1-5,FALSE,B2B
31512,Pentagon,2026,NA,Active,Surviving,USA,TRUE,1,1-5,FALSE,Productivity
31511,Arzana,2026,NA,Active,Surviving,USA,TRUE,5,1-5,FALSE,B2B
31511,Arzana,2026,NA,Active,Surviving,USA,TRUE,5,1-5,FALSE,Operations
31507,ProjectX,2026,NA,Active,Surviving,USA,TRUE,6,6-10,FALSE,B2B
31507,ProjectX,2026,NA,Active,Surviving,USA,TRUE,6,6-10,FALSE,Infrastructure
31505,OpenWork,2026,NA,Active,Surviving,USA,TRUE,4,1-5,FALSE,B2B
31505,OpenWork,2026,NA,Active,Surviving,USA,TRUE,4,1-5,FALSE,Productivity
31498,Aster,2026,NA,Active,Surviving,USA,TRUE,1,1-5,FALSE,B2B
31498,Aster,2026,NA,Active,Surviving,USA,TRUE,1,1-5,FALSE,Productivity
31497,Amboras,2026,NA,Active,Surviving,USA,TRUE,4,1-5,FALSE,B2B
31491,TesterArmy,2026,NA,Active,Surviving,USA,TRUE,4,1-5,FALSE,B2B
31491,TesterArmy,2026,NA,Active,Surviving,USA,TRUE,4,1-5,FALSE,"Engineering, Product and Design"
31489,Eden Robotics,2026,NA,Active,Surviving,USA,TRUE,4,1-5,FALSE,Industrials
31489,Eden Robotics,2026,NA,Active,Surviving,USA,TRUE,4,1-5,FALSE,Manufacturing and Robotics
31488,Foaster,2026,NA,Active,Surviving,USA,TRUE,2,1-5,FALSE,B2B
31486,Ornadyne,2026,NA,Active,Surviving,USA,TRUE,2,1-5,FALSE,Industrials
31486,Ornadyne,2026,NA,Active,Surviving,USA,TRUE,2,1-5,FALSE,Drones
31485,ANORIA,2026,NA,Active,Surviving,USA,TRUE,5,1-5,FALSE,Consumer
31485,ANORIA,2026,NA,Active,Surviving,USA,TRUE,5,1-5,FALSE,Consumer Electronics
31482,Memory Store,2026,NA,Active,Surviving,USA,TRUE,4,1-5,FALSE,B2B
31482,Memory Store,2026,NA,Active,Surviving,USA,TRUE,4,1-5,FALSE,Productivity
31481,Saudara AI,2026,NA,Active,Surviving,USA,TRUE,2,1-5,FALSE,B2B
31480,Pops,2026,NA,Active,Surviving,USA,TRUE,1,1-5,FALSE,Consumer
31480,Pops,2026,NA,Active,Surviving,USA,TRUE,1,1-5,FALSE,Gaming
31478,Silmaril,2026,NA,Active,Surviving,USA,TRUE,2,1-5,FALSE,B2B
31477,BioStack Platforms,2026,NA,Active,Surviving,USA,TRUE,0,NA,FALSE,Healthcare
31475,Ardent,2026,NA,Active,Surviving,USA,TRUE,2,1-5,FALSE,B2B
31475,Ardent,2026,NA,Active,Surviving,USA,TRUE,2,1-5,FALSE,Infrastructure
31473,Kuli,2026,NA,Active,Surviving,USA,TRUE,3,1-5,FALSE,B2B
31473,Kuli,2026,NA,Active,Surviving,USA,TRUE,3,1-5,FALSE,Marketing
31470,Tasklet,2026,NA,Active,Surviving,,FALSE,8,6-10,FALSE,B2B
31470,Tasklet,2026,NA,Active,Surviving,,FALSE,8,6-10,FALSE,Productivity
31468,Chronicle Labs,2026,NA,Active,Surviving,USA,TRUE,2,1-5,FALSE,B2B
31463,Armature,2026,NA,Active,Surviving,USA,TRUE,3,1-5,FALSE,B2B
31463,Armature,2026,NA,Active,Surviving,USA,TRUE,3,1-5,FALSE,"Engineering, Product and Design"
31460,PLAN0 AI,2026,NA,Active,Surviving,,FALSE,5,1-5,FALSE,Real Estate and Construction
31459,Zibra Labs,2026,NA,Active,Surviving,USA,TRUE,2,1-5,FALSE,B2B
31459,Zibra Labs,2026,NA,Active,Surviving,USA,TRUE,2,1-5,FALSE,Infrastructure
31458,Ara,2026,NA,Active,Surviving,,FALSE,2,1-5,FALSE,Consumer
31454,Datost,2026,NA,Active,Surviving,,FALSE,2,1-5,FALSE,B2B
31454,Datost,2026,NA,Active,Surviving,,FALSE,2,1-5,FALSE,Analytics
31453,Minicor,2026,NA,Active,Surviving,,FALSE,5,1-5,FALSE,B2B
31453,Minicor,2026,NA,Active,Surviving,,FALSE,5,1-5,FALSE,Infrastructure
31451,Archer,2026,NA,Active,Surviving,USA,TRUE,4,1-5,FALSE,B2B
31451,Archer,2026,NA,Active,Surviving,USA,TRUE,4,1-5,FALSE,Finance and Accounting
31448,smol machines,2026,NA,Active,Surviving,,FALSE,1,1-5,FALSE,B2B
31448,smol machines,2026,NA,Active,Surviving,,FALSE,1,1-5,FALSE,Infrastructure
31445,Harbor,2026,NA,Active,Surviving,USA,TRUE,2,1-5,FALSE,Healthcare
31443,Complir,2026,NA,Active,Surviving,Denmark,FALSE,13,11-25,FALSE,B2B
31443,Complir,2026,NA,Active,Surviving,Denmark,FALSE,13,11-25,FALSE,Retail
31442,AICE Power,2026,NA,Active,Surviving,,FALSE,2,1-5,FALSE,Industrials
31442,AICE Power,2026,NA,Active,Surviving,,FALSE,2,1-5,FALSE,Energy
31440,Mount,2026,NA,Active,Surviving,USA,TRUE,2,1-5,FALSE,Fintech
31440,Mount,2026,NA,Active,Surviving,USA,TRUE,2,1-5,FALSE,Insurance
31439,Alchemy,2026,NA,Active,Surviving,USA,TRUE,2,1-5,FALSE,B2B
31437,Sidekick,2026,NA,Active,Surviving,USA,TRUE,1,1-5,FALSE,B2B
31437,Sidekick,2026,NA,Active,Surviving,USA,TRUE,1,1-5,FALSE,Operations
31436,Prototyping.io,2026,NA,Active,Surviving,USA,TRUE,2,1-5,FALSE,Industrials
31436,Prototyping.io,2026,NA,Active,Surviving,USA,TRUE,2,1-5,FALSE,Manufacturing and Robotics
31435,Lumius,2026,NA,Active,Surviving,USA,TRUE,4,1-5,FALSE,Healthcare
31435,Lumius,2026,NA,Active,Surviving,USA,TRUE,4,1-5,FALSE,Medical Devices
31434,Adialante,2026,NA,Active,Surviving,USA,TRUE,4,1-5,FALSE,Healthcare
31434,Adialante,2026,NA,Active,Surviving,USA,TRUE,4,1-5,FALSE,Diagnostics
31432,Keyframe Labs,2026,NA,Active,Surviving,,FALSE,2,1-5,FALSE,B2B
31429,Oddpool,2026,NA,Active,Surviving,USA,TRUE,2,1-5,FALSE,B2B
31429,Oddpool,2026,NA,Active,Surviving,USA,TRUE,2,1-5,FALSE,"Engineering, Product and Design"
31428,Ontora,2026,NA,Active,Surviving,USA,TRUE,3,1-5,FALSE,B2B
31428,Ontora,2026,NA,Active,Surviving,USA,TRUE,3,1-5,FALSE,Operations
31427,Napkin Math,2026,NA,Active,Surviving,USA,TRUE,3,1-5,FALSE,Consumer
31426,Gojiberry AI,2026,NA,Active,Surviving,NA,FALSE,7,6-10,FALSE,B2B
31426,Gojiberry AI,2026,NA,Active,Surviving,NA,FALSE,7,6-10,FALSE,Sales
31424,Lab0,2026,NA,Active,Surviving,USA,TRUE,3,1-5,FALSE,B2B
31421,Lamina Labs,2026,NA,Active,Surviving,,FALSE,2,1-5,FALSE,B2B
31421,Lamina Labs,2026,NA,Active,Surviving,,FALSE,2,1-5,FALSE,"Engineering, Product and Design"
31420,Kimpton AI,2026,NA,Active,Surviving,USA,TRUE,5,1-5,FALSE,Fintech
31420,Kimpton AI,2026,NA,Active,Surviving,USA,TRUE,5,1-5,FALSE,Asset Management
31419,StableBrowse,2026,NA,Active,Surviving,USA,TRUE,4,1-5,FALSE,B2B
31419,StableBrowse,2026,NA,Active,Surviving,USA,TRUE,4,1-5,FALSE,Infrastructure
31418,Taiga,2026,NA,Active,Surviving,USA,TRUE,2,1-5,FALSE,Healthcare
31418,Taiga,2026,NA,Active,Surviving,USA,TRUE,2,1-5,FALSE,Healthcare Services
31417,Pairio,2026,NA,Active,Surviving,,FALSE,3,1-5,FALSE,B2B
31416,Callab AI,2026,NA,Active,Surviving,,FALSE,7,6-10,FALSE,B2B
31416,Callab AI,2026,NA,Active,Surviving,,FALSE,7,6-10,FALSE,Operations
31414,Drip,2026,NA,Active,Surviving,USA,TRUE,0,NA,FALSE,B2B
31414,Drip,2026,NA,Active,Surviving,USA,TRUE,0,NA,FALSE,Infrastructure
31413,Arga Labs,2026,NA,Active,Surviving,USA,TRUE,3,1-5,FALSE,B2B
31411,Andco,2026,NA,Active,Surviving,,FALSE,0,NA,FALSE,B2B
31411,Andco,2026,NA,Active,Surviving,,FALSE,0,NA,FALSE,Legal
31410,RentAHuman,2026,NA,Active,Surviving,USA,TRUE,3,1-5,FALSE,Consumer
31410,RentAHuman,2026,NA,Active,Surviving,USA,TRUE,3,1-5,FALSE,Job and Career Services
31409,InstaAgent,2026,NA,Active,Surviving,USA,TRUE,6,6-10,FALSE,B2B
31409,InstaAgent,2026,NA,Active,Surviving,USA,TRUE,6,6-10,FALSE,Marketing
31408,Salesgraph,2026,NA,Active,Surviving,USA,TRUE,2,1-5,FALSE,B2B
31408,Salesgraph,2026,NA,Active,Surviving,USA,TRUE,2,1-5,FALSE,Sales
31407,Sherpa,2026,NA,Active,Surviving,USA,TRUE,2,1-5,FALSE,B2B
31404,Userlens,2026,NA,Active,Surviving,Finland,FALSE,4,1-5,FALSE,B2B
31404,Userlens,2026,NA,Active,Surviving,Finland,FALSE,4,1-5,FALSE,Operations
31402,Standout,2026,NA,Active,Surviving,USA,TRUE,3,1-5,FALSE,Consumer
31402,Standout,2026,NA,Active,Surviving,USA,TRUE,3,1-5,FALSE,Job and Career Services
31398,Pavoot,2026,NA,Active,Surviving,,FALSE,0,NA,FALSE,B2B
31398,Pavoot,2026,NA,Active,Surviving,,FALSE,0,NA,FALSE,Marketing
31396,qomplement,2026,NA,Active,Surviving,USA,TRUE,4,1-5,FALSE,B2B
31391,"HEVN, inc",2026,NA,Active,Surviving,USA,TRUE,4,1-5,FALSE,Fintech
31388,Elyra,2026,NA,Active,Surviving,USA,TRUE,2,1-5,FALSE,B2B
31386,Interfaze,2026,NA,Active,Surviving,USA,TRUE,5,1-5,FALSE,B2B
31386,Interfaze,2026,NA,Active,Surviving,USA,TRUE,5,1-5,FALSE,Infrastructure
31385,Zolvo,2026,NA,Active,Surviving,USA,TRUE,4,1-5,FALSE,Fintech
31385,Zolvo,2026,NA,Active,Surviving,USA,TRUE,4,1-5,FALSE,Credit and Lending
31383,Juno,2026,NA,Active,Surviving,,FALSE,2,1-5,FALSE,Healthcare
31383,Juno,2026,NA,Active,Surviving,,FALSE,2,1-5,FALSE,Consumer Health and Wellness
31382,Kinro,2026,NA,Active,Surviving,USA,TRUE,3,1-5,FALSE,B2B
31382,Kinro,2026,NA,Active,Surviving,USA,TRUE,3,1-5,FALSE,Sales
31381,GovGuard,2026,NA,Active,Surviving,,FALSE,0,NA,FALSE,Government
31380,Superlog,2026,NA,Active,Surviving,USA,TRUE,2,1-5,FALSE,B2B
31380,Superlog,2026,NA,Active,Surviving,USA,TRUE,2,1-5,FALSE,"Engineering, Product and Design"
31376,Light Anchor,2026,NA,Active,Surviving,USA,TRUE,2,1-5,FALSE,Consumer
31375,Hub.xyz,2026,NA,Active,Surviving,USA,TRUE,10,6-10,FALSE,B2B
31374,Tenet Industries,2026,NA,Active,Surviving,Sweden,FALSE,4,1-5,FALSE,Industrials
31374,Tenet Industries,2026,NA,Active,Surviving,Sweden,FALSE,4,1-5,FALSE,Defense
31373,Refortifai,2026,NA,Active,Surviving,USA,TRUE,3,1-5,FALSE,B2B
31372,Trellis,2026,NA,Active,Surviving,USA,TRUE,6,6-10,FALSE,B2B
31372,Trellis,2026,NA,Active,Surviving,USA,TRUE,6,6-10,FALSE,Operations
31370,Dayjob,2026,NA,Active,Surviving,,FALSE,5,1-5,FALSE,B2B
31370,Dayjob,2026,NA,Active,Surviving,,FALSE,5,1-5,FALSE,Supply Chain and Logistics
31369,InLoop Robotics,2026,NA,Active,Surviving,,FALSE,4,1-5,FALSE,Industrials
31369,InLoop Robotics,2026,NA,Active,Surviving,,FALSE,4,1-5,FALSE,Manufacturing and Robotics
31367,Andustry,2026,NA,Active,Surviving,,FALSE,2,1-5,FALSE,B2B
31367,Andustry,2026,NA,Active,Surviving,,FALSE,2,1-5,FALSE,Supply Chain and Logistics
31366,Nine Fives,2026,NA,Active,Surviving,,FALSE,2,1-5,FALSE,Industrials
31366,Nine Fives,2026,NA,Active,Surviving,,FALSE,2,1-5,FALSE,Manufacturing and Robotics
31364,Chert,2026,NA,Active,Surviving,USA,TRUE,2,1-5,FALSE,B2B
31363,Saffron,2026,NA,Active,Surviving,USA,TRUE,3,1-5,FALSE,B2B
31363,Saffron,2026,NA,Active,Surviving,USA,TRUE,3,1-5,FALSE,Recruiting and Talent
31362,matforge,2026,NA,Active,Surviving,USA,TRUE,2,1-5,FALSE,Industrials
31362,matforge,2026,NA,Active,Surviving,USA,TRUE,2,1-5,FALSE,Energy
31360,Lightsprint,2026,NA,Active,Surviving,USA,TRUE,3,1-5,FALSE,B2B
31360,Lightsprint,2026,NA,Active,Surviving,USA,TRUE,3,1-5,FALSE,"Engineering, Product and Design"
31351,Scope,2026,NA,Active,Surviving,USA,TRUE,1,1-5,FALSE,B2B
31346,Rudus,2026,NA,Active,Surviving,USA,TRUE,2,1-5,FALSE,Real Estate and Construction
31346,Rudus,2026,NA,Active,Surviving,USA,TRUE,2,1-5,FALSE,Construction
31345,Replicas,2026,NA,Active,Surviving,,FALSE,1,1-5,FALSE,B2B
31345,Replicas,2026,NA,Active,Surviving,,FALSE,1,1-5,FALSE,"Engineering, Product and Design"
31344,Totalis,2026,NA,Active,Surviving,,FALSE,0,NA,FALSE,Fintech
31344,Totalis,2026,NA,Active,Surviving,,FALSE,0,NA,FALSE,Consumer Finance
31333,"Gikl, Inc",2026,NA,Active,Surviving,USA,TRUE,2,1-5,FALSE,Consumer
31332,Stage,2026,NA,Active,Surviving,,FALSE,2,1-5,FALSE,B2B
31332,Stage,2026,NA,Active,Surviving,,FALSE,2,1-5,FALSE,"Engineering, Product and Design"
31330,Standard Signal,2026,NA,Active,Surviving,USA,TRUE,1,1-5,FALSE,Fintech
31330,Standard Signal,2026,NA,Active,Surviving,USA,TRUE,1,1-5,FALSE,Asset Management
31329,primitive,2026,NA,Active,Surviving,USA,TRUE,3,1-5,FALSE,B2B
31329,primitive,2026,NA,Active,Surviving,USA,TRUE,3,1-5,FALSE,Infrastructure
31327,Korso,2026,NA,Active,Surviving,USA,TRUE,3,1-5,FALSE,B2B
31327,Korso,2026,NA,Active,Surviving,USA,TRUE,3,1-5,FALSE,Operations
31323,Hedge,2026,NA,Active,Surviving,USA,TRUE,0,NA,FALSE,Fintech
31323,Hedge,2026,NA,Active,Surviving,USA,TRUE,0,NA,FALSE,Insurance
31294,Dispatch,2026,NA,Active,Surviving,USA,TRUE,2,1-5,FALSE,Industrials
31294,Dispatch,2026,NA,Active,Surviving,USA,TRUE,2,1-5,FALSE,Aviation and Space
31293,Bloom,2026,NA,Active,Surviving,USA,TRUE,2,1-5,FALSE,B2B
31279,Regbase,2026,NA,Active,Surviving,USA,TRUE,3,1-5,FALSE,B2B
31279,Regbase,2026,NA,Active,Surviving,USA,TRUE,3,1-5,FALSE,Legal
31246,Inth,2026,NA,Active,Surviving,United Kingdom,FALSE,3,1-5,FALSE,B2B
31246,Inth,2026,NA,Active,Surviving,United Kingdom,FALSE,3,1-5,FALSE,Infrastructure
31222,Superset,2026,NA,Active,Surviving,USA,TRUE,3,1-5,FALSE,B2B
31222,Superset,2026,NA,Active,Surviving,USA,TRUE,3,1-5,FALSE,"Engineering, Product and Design"
31221,Netter,2026,NA,Active,Surviving,,FALSE,4,1-5,FALSE,B2B
31221,Netter,2026,NA,Active,Surviving,,FALSE,4,1-5,FALSE,Analytics
31211,Sazabi,2026,NA,Active,Surviving,USA,TRUE,10,6-10,FALSE,B2B
31211,Sazabi,2026,NA,Active,Surviving,USA,TRUE,10,6-10,FALSE,Infrastructure
31193,9 Mothers,2026,NA,Active,Surviving,USA,TRUE,NA,NA,FALSE,Industrials
31193,9 Mothers,2026,NA,Active,Surviving,USA,TRUE,NA,NA,FALSE,Defense
31117,Cignara,2026,NA,Active,Surviving,USA,TRUE,4,1-5,FALSE,B2B
31102,fuchsia,2026,NA,Active,Surviving,USA,TRUE,1,1-5,FALSE,B2B
31076,Imperfect,2026,NA,Active,Surviving,,FALSE,5,1-5,FALSE,Consumer
31063,Clara,2026,NA,Active,Surviving,USA,TRUE,9,6-10,FALSE,Healthcare
31063,Clara,2026,NA,Active,Surviving,USA,TRUE,9,6-10,FALSE,Consumer Health and Wellness
30944,Prism,2026,NA,Active,Surviving,United Kingdom,FALSE,4,1-5,FALSE,B2B
30944,Prism,2026,NA,Active,Surviving,United Kingdom,FALSE,4,1-5,FALSE,Recruiting and Talent
30779,Smartbase,2026,NA,Active,Surviving,USA,TRUE,2,1-5,FALSE,B2B
30779,Smartbase,2026,NA,Active,Surviving,USA,TRUE,2,1-5,FALSE,Operations
30646,Humwork,2026,NA,Active,Surviving,USA,TRUE,2,1-5,FALSE,B2B
29155,jo,2026,NA,Active,Surviving,USA,TRUE,2,1-5,FALSE,Consumer
1993,Momentus,2018,2015-2024,Public,Successful,USA,TRUE,125,101-500,TRUE,Industrials
1993,Momentus,2018,2015-2024,Public,Successful,USA,TRUE,125,101-500,TRUE,Aviation and Space
1886,Honeylove,2018,2015-2024,Active,Surviving,USA,TRUE,100,26-100,TRUE,Consumer
1886,Honeylove,2018,2015-2024,Active,Surviving,USA,TRUE,100,26-100,TRUE,Apparel and Cosmetics
2037,Kunduz,2018,2015-2024,Active,Surviving,Turkey,FALSE,85,26-100,FALSE,Education
2034,Aesthetic,2018,2015-2024,Active,Surviving,USA,TRUE,4,1-5,FALSE,B2B
2034,Aesthetic,2018,2015-2024,Active,Surviving,USA,TRUE,4,1-5,FALSE,"Engineering, Product and Design"
2032,OkCredit,2018,2015-2024,Active,Surviving,India,FALSE,70,26-100,FALSE,Fintech
2032,OkCredit,2018,2015-2024,Active,Surviving,India,FALSE,70,26-100,FALSE,Payments
2030,Culdesac,2018,2015-2024,Active,Surviving,USA,TRUE,100,26-100,FALSE,Real Estate and Construction
2030,Culdesac,2018,2015-2024,Active,Surviving,USA,TRUE,100,26-100,FALSE,Housing and Real Estate
2029,Circumvent,2018,2015-2024,Active,Surviving,,FALSE,6,6-10,FALSE,Healthcare
2029,Circumvent,2018,2015-2024,Active,Surviving,,FALSE,6,6-10,FALSE,Therapeutics
2028,Rejuvenation Technologies Inc.,2018,2015-2024,Active,Surviving,USA,TRUE,2,1-5,FALSE,Healthcare
2028,Rejuvenation Technologies Inc.,2018,2015-2024,Active,Surviving,USA,TRUE,2,1-5,FALSE,Therapeutics
2026,iLabService,2018,2015-2024,Active,Surviving,China,FALSE,50,26-100,FALSE,B2B
2026,iLabService,2018,2015-2024,Active,Surviving,China,FALSE,50,26-100,FALSE,Productivity
2025,LemonBox,2018,2015-2024,Active,Surviving,USA,TRUE,20,11-25,FALSE,Healthcare
2025,LemonBox,2018,2015-2024,Active,Surviving,USA,TRUE,20,11-25,FALSE,Consumer Health and Wellness
2024,Enveritas,2018,2015-2024,Active,Surviving,USA,TRUE,60,26-100,FALSE,Industrials
2024,Enveritas,2018,2015-2024,Active,Surviving,USA,TRUE,60,26-100,FALSE,Agriculture
2023,SPATE,2018,2015-2024,Active,Surviving,USA,TRUE,15,11-25,FALSE,B2B
2023,SPATE,2018,2015-2024,Active,Surviving,USA,TRUE,15,11-25,FALSE,Retail
2022,Oxygen,2018,2015-2024,Active,Surviving,USA,TRUE,68,26-100,FALSE,Fintech
2022,Oxygen,2018,2015-2024,Active,Surviving,USA,TRUE,68,26-100,FALSE,Consumer Finance
2020,"Mark Cuban Cost Plus Drug Company, PBC",2018,2015-2024,Active,Surviving,,FALSE,0,NA,FALSE,Healthcare
2020,"Mark Cuban Cost Plus Drug Company, PBC",2018,2015-2024,Active,Surviving,,FALSE,0,NA,FALSE,Consumer Health and Wellness
2018,AnnieCannons,2018,2015-2024,Active,Surviving,USA,TRUE,14,11-25,FALSE,Education
2017,Leena AI,2018,2015-2024,Active,Surviving,USA,TRUE,500,101-500,FALSE,B2B
2015,Synkrino Biotherapeutics,2018,2015-2024,Active,Surviving,USA,TRUE,2,1-5,FALSE,Healthcare
2015,Synkrino Biotherapeutics,2018,2015-2024,Active,Surviving,USA,TRUE,2,1-5,FALSE,Drug Discovery and Delivery
2014,Mutiny,2018,2015-2024,Active,Surviving,USA,TRUE,20,11-25,FALSE,B2B
2014,Mutiny,2018,2015-2024,Active,Surviving,USA,TRUE,20,11-25,FALSE,Sales
2012,Cowrywise,2018,2015-2024,Active,Surviving,Nigeria,FALSE,40,26-100,FALSE,Fintech
2012,Cowrywise,2018,2015-2024,Active,Surviving,Nigeria,FALSE,40,26-100,FALSE,Asset Management
2011,Helicarrier (prev Buycoins),2018,2015-2024,Active,Surviving,Nigeria,FALSE,30,26-100,FALSE,Fintech
2011,Helicarrier (prev Buycoins),2018,2015-2024,Active,Surviving,Nigeria,FALSE,30,26-100,FALSE,Banking and Exchange
2007,Khatabook,2018,2015-2024,Active,Surviving,India,FALSE,350,101-500,FALSE,Fintech
2007,Khatabook,2018,2015-2024,Active,Surviving,India,FALSE,350,101-500,FALSE,Payments
2006,BrainHi,2018,2015-2024,Active,Surviving,Puerto Rico,FALSE,18,11-25,FALSE,Healthcare
2006,BrainHi,2018,2015-2024,Active,Surviving,Puerto Rico,FALSE,18,11-25,FALSE,Healthcare IT
2005,Four Growers,2018,2015-2024,Active,Surviving,USA,TRUE,14,11-25,FALSE,Industrials
2005,Four Growers,2018,2015-2024,Active,Surviving,USA,TRUE,14,11-25,FALSE,Agriculture
2004,SkydropX,2018,2015-2024,Active,Surviving,Mexico,FALSE,320,101-500,FALSE,B2B
2004,SkydropX,2018,2015-2024,Active,Surviving,Mexico,FALSE,320,101-500,FALSE,Supply Chain and Logistics
2003,Eden,2018,2015-2024,Active,Surviving,Mexico,FALSE,55,26-100,FALSE,Healthcare
2003,Eden,2018,2015-2024,Active,Surviving,Mexico,FALSE,55,26-100,FALSE,Healthcare IT
1998,Nestor,2018,2015-2024,Active,Surviving,USA,TRUE,20,11-25,FALSE,B2B
1998,Nestor,2018,2015-2024,Active,Surviving,USA,TRUE,20,11-25,FALSE,Human Resources
1995,ZiffyHomes,2018,2015-2024,Active,Surviving,India,FALSE,57,26-100,FALSE,Real Estate and Construction
1995,ZiffyHomes,2018,2015-2024,Active,Surviving,India,FALSE,57,26-100,FALSE,Housing and Real Estate
1994,Bot MD,2018,2015-2024,Active,Surviving,Singapore,FALSE,15,11-25,FALSE,Healthcare
1994,Bot MD,2018,2015-2024,Active,Surviving,Singapore,FALSE,15,11-25,FALSE,Healthcare Services
1992,Fintual,2018,2015-2024,Active,Surviving,Chile,FALSE,100,26-100,FALSE,Fintech
1992,Fintual,2018,2015-2024,Active,Surviving,Chile,FALSE,100,26-100,FALSE,Consumer Finance
1991,Names & Faces,2018,2015-2024,Active,Surviving,USA,TRUE,20,11-25,FALSE,B2B
1991,Names & Faces,2018,2015-2024,Active,Surviving,USA,TRUE,20,11-25,FALSE,Human Resources
1990,TENDERD,2018,2015-2024,Active,Surviving,United Arab Emirates,FALSE,60,26-100,FALSE,B2B
1989,Calii,2018,2015-2024,Active,Surviving,Mexico,FALSE,750,500+,FALSE,Consumer
1989,Calii,2018,2015-2024,Active,Surviving,Mexico,FALSE,750,500+,FALSE,Food and Beverage
1988,Prodigal,2018,2015-2024,Active,Surviving,USA,TRUE,65,26-100,FALSE,Fintech
1988,Prodigal,2018,2015-2024,Active,Surviving,USA,TRUE,65,26-100,FALSE,Credit and Lending
1979,Canary Technologies,2018,2015-2024,Active,Surviving,USA,TRUE,150,101-500,FALSE,B2B
1979,Canary Technologies,2018,2015-2024,Active,Surviving,USA,TRUE,150,101-500,FALSE,Operations
1978,Papa,2018,2015-2024,Active,Surviving,USA,TRUE,500,101-500,FALSE,Healthcare
1978,Papa,2018,2015-2024,Active,Surviving,USA,TRUE,500,101-500,FALSE,Healthcare IT
1977,MentalHappy,2018,2015-2024,Active,Surviving,USA,TRUE,7,6-10,FALSE,Healthcare
1977,MentalHappy,2018,2015-2024,Active,Surviving,USA,TRUE,7,6-10,FALSE,Healthcare IT
1970,Alpha Vantage,2018,2015-2024,Active,Surviving,USA,TRUE,8,6-10,FALSE,Fintech
1970,Alpha Vantage,2018,2015-2024,Active,Surviving,USA,TRUE,8,6-10,FALSE,Banking and Exchange
1969,BlueCargo,2018,2015-2024,Active,Surviving,USA,TRUE,35,26-100,FALSE,B2B
1969,BlueCargo,2018,2015-2024,Active,Surviving,USA,TRUE,35,26-100,FALSE,Supply Chain and Logistics
1967,Mytos,2018,2015-2024,Active,Surviving,United Kingdom,FALSE,26,26-100,FALSE,Healthcare
1967,Mytos,2018,2015-2024,Active,Surviving,United Kingdom,FALSE,26,26-100,FALSE,Industrial Bio
1965,Pine Park Health,2018,2015-2024,Active,Surviving,USA,TRUE,75,26-100,FALSE,Healthcare
1965,Pine Park Health,2018,2015-2024,Active,Surviving,USA,TRUE,75,26-100,FALSE,Healthcare Services
1964,CB Therapeutics,2018,2015-2024,Active,Surviving,USA,TRUE,18,11-25,FALSE,Healthcare
1964,CB Therapeutics,2018,2015-2024,Active,Surviving,USA,TRUE,18,11-25,FALSE,Industrial Bio
1961,"DreamCraft Entertainment, Inc.",2018,2015-2024,Active,Surviving,USA,TRUE,23,11-25,FALSE,Consumer
1961,"DreamCraft Entertainment, Inc.",2018,2015-2024,Active,Surviving,USA,TRUE,23,11-25,FALSE,Gaming
1960,Ajaib,2018,2015-2024,Active,Surviving,Indonesia,FALSE,300,101-500,FALSE,Fintech
1960,Ajaib,2018,2015-2024,Active,Surviving,Indonesia,FALSE,300,101-500,FALSE,Banking and Exchange
1959,UBITS,2018,2015-2024,Active,Surviving,Colombia,FALSE,300,101-500,FALSE,B2B
1959,UBITS,2018,2015-2024,Active,Surviving,Colombia,FALSE,300,101-500,FALSE,Human Resources
1957,Quickchat AI,2018,2015-2024,Active,Surviving,Poland,FALSE,7,6-10,FALSE,B2B
1957,Quickchat AI,2018,2015-2024,Active,Surviving,Poland,FALSE,7,6-10,FALSE,Productivity
1956,Regology,2018,2015-2024,Active,Surviving,USA,TRUE,60,26-100,FALSE,B2B
1956,Regology,2018,2015-2024,Active,Surviving,USA,TRUE,60,26-100,FALSE,Legal
1953,Duffel,2018,2015-2024,Active,Surviving,United Kingdom,FALSE,70,26-100,FALSE,Consumer
1953,Duffel,2018,2015-2024,Active,Surviving,United Kingdom,FALSE,70,26-100,FALSE,"Travel, Leisure and Tourism"
1950,Corvus Robotics,2018,2015-2024,Active,Surviving,USA,TRUE,30,26-100,FALSE,Industrials
1950,Corvus Robotics,2018,2015-2024,Active,Surviving,USA,TRUE,30,26-100,FALSE,Drones
1946,Easol,2018,2015-2024,Active,Surviving,United Kingdom,FALSE,70,26-100,FALSE,B2B
1942,Tall Poppy,2018,2015-2024,Active,Surviving,USA,TRUE,10,6-10,FALSE,B2B
1942,Tall Poppy,2018,2015-2024,Active,Surviving,USA,TRUE,10,6-10,FALSE,Human Resources
1941,Pocket Worlds,2018,2015-2024,Active,Surviving,USA,TRUE,100,26-100,FALSE,Consumer
1941,Pocket Worlds,2018,2015-2024,Active,Surviving,USA,TRUE,100,26-100,FALSE,Social
1940,Anima App,2018,2015-2024,Active,Surviving,USA,TRUE,20,11-25,FALSE,B2B
1940,Anima App,2018,2015-2024,Active,Surviving,USA,TRUE,20,11-25,FALSE,"Engineering, Product and Design"
1939,64x Bio,2018,2015-2024,Active,Surviving,USA,TRUE,25,11-25,FALSE,Healthcare
1939,64x Bio,2018,2015-2024,Active,Surviving,USA,TRUE,25,11-25,FALSE,Industrial Bio
1938,Embeddables,2018,2015-2024,Active,Surviving,USA,TRUE,23,11-25,FALSE,B2B
1938,Embeddables,2018,2015-2024,Active,Surviving,USA,TRUE,23,11-25,FALSE,Productivity
1936,Vimcal,2018,2015-2024,Active,Surviving,USA,TRUE,9,6-10,FALSE,B2B
1936,Vimcal,2018,2015-2024,Active,Surviving,USA,TRUE,9,6-10,FALSE,Productivity
1935,Meru Health,2018,2015-2024,Active,Surviving,USA,TRUE,55,26-100,FALSE,Healthcare
1935,Meru Health,2018,2015-2024,Active,Surviving,USA,TRUE,55,26-100,FALSE,Consumer Health and Wellness
1934,Paladin,2018,2015-2024,Active,Surviving,USA,TRUE,12,11-25,FALSE,Industrials
1934,Paladin,2018,2015-2024,Active,Surviving,USA,TRUE,12,11-25,FALSE,Drones
1933,Clear Gene,2018,2015-2024,Active,Surviving,USA,TRUE,4,1-5,FALSE,Healthcare
1933,Clear Gene,2018,2015-2024,Active,Surviving,USA,TRUE,4,1-5,FALSE,Diagnostics
1931,Hepatx,2018,2015-2024,Active,Surviving,USA,TRUE,4,1-5,FALSE,Healthcare
1931,Hepatx,2018,2015-2024,Active,Surviving,USA,TRUE,4,1-5,FALSE,Therapeutics
1930,The Good Food Institute,2018,2015-2024,Active,Surviving,USA,TRUE,110,101-500,FALSE,Consumer
1930,The Good Food Institute,2018,2015-2024,Active,Surviving,USA,TRUE,110,101-500,FALSE,Food and Beverage
1929,Rebellyous Foods,2018,2015-2024,Active,Surviving,USA,TRUE,12,11-25,FALSE,Healthcare
1929,Rebellyous Foods,2018,2015-2024,Active,Surviving,USA,TRUE,12,11-25,FALSE,Industrial Bio
1927,"AskMyClass, now Soundkins",2018,2015-2024,Active,Surviving,USA,TRUE,2,1-5,FALSE,Education
1924,Quo (fka OpenPhone),2018,2015-2024,Active,Surviving,USA,TRUE,125,101-500,FALSE,B2B
1924,Quo (fka OpenPhone),2018,2015-2024,Active,Surviving,USA,TRUE,125,101-500,FALSE,Operations
1923,College Pulse,2018,2015-2024,Active,Surviving,USA,TRUE,9,6-10,FALSE,B2B
1923,College Pulse,2018,2015-2024,Active,Surviving,USA,TRUE,9,6-10,FALSE,Analytics
1922,Apprentice Health,2018,2015-2024,Active,Surviving,USA,TRUE,6,6-10,FALSE,Healthcare
1922,Apprentice Health,2018,2015-2024,Active,Surviving,USA,TRUE,6,6-10,FALSE,Healthcare IT
1918,JITX,2018,2015-2024,Active,Surviving,USA,TRUE,18,11-25,FALSE,Industrials
1918,JITX,2018,2015-2024,Active,Surviving,USA,TRUE,18,11-25,FALSE,Manufacturing and Robotics
1917,Inscribe,2018,2015-2024,Active,Surviving,USA,TRUE,35,26-100,FALSE,B2B
1917,Inscribe,2018,2015-2024,Active,Surviving,USA,TRUE,35,26-100,FALSE,Infrastructure
1916,Data Driven Bioscience,2018,2015-2024,Active,Surviving,USA,TRUE,10,6-10,FALSE,Healthcare
1916,Data Driven Bioscience,2018,2015-2024,Active,Surviving,USA,TRUE,10,6-10,FALSE,Diagnostics
1914,Titan,2018,2015-2024,Active,Surviving,USA,TRUE,40,26-100,FALSE,Fintech
1914,Titan,2018,2015-2024,Active,Surviving,USA,TRUE,40,26-100,FALSE,Asset Management
1910,Activeloop,2018,2015-2024,Active,Surviving,USA,TRUE,15,11-25,FALSE,B2B
1910,Activeloop,2018,2015-2024,Active,Surviving,USA,TRUE,15,11-25,FALSE,Infrastructure
1908,OpenWrench,2018,2015-2024,Active,Surviving,USA,TRUE,NA,NA,FALSE,B2B
1908,OpenWrench,2018,2015-2024,Active,Surviving,USA,TRUE,NA,NA,FALSE,Operations
1907,RevenueCat,2018,2015-2024,Active,Surviving,USA,TRUE,70,26-100,FALSE,B2B
1907,RevenueCat,2018,2015-2024,Active,Surviving,USA,TRUE,70,26-100,FALSE,"Engineering, Product and Design"
1903,Federacy,2018,2015-2024,Active,Surviving,USA,TRUE,2,1-5,FALSE,B2B
1903,Federacy,2018,2015-2024,Active,Surviving,USA,TRUE,2,1-5,FALSE,"Engineering, Product and Design"
1901,Verse Medical,2018,2015-2024,Active,Surviving,USA,TRUE,200,101-500,FALSE,Healthcare
1901,Verse Medical,2018,2015-2024,Active,Surviving,USA,TRUE,200,101-500,FALSE,Consumer Health and Wellness
1899,Dinesafe,2018,2015-2024,Active,Surviving,USA,TRUE,6,6-10,FALSE,Healthcare
1899,Dinesafe,2018,2015-2024,Active,Surviving,USA,TRUE,6,6-10,FALSE,Consumer Health and Wellness
1893,Modern Treasury,2018,2015-2024,Active,Surviving,USA,TRUE,160,101-500,FALSE,B2B
1893,Modern Treasury,2018,2015-2024,Active,Surviving,USA,TRUE,160,101-500,FALSE,Finance and Accounting
1892,C16 Biosciences,2018,2015-2024,Active,Surviving,USA,TRUE,35,26-100,FALSE,Healthcare
1892,C16 Biosciences,2018,2015-2024,Active,Surviving,USA,TRUE,35,26-100,FALSE,Industrial Bio
1891,Klarity,2018,2015-2024,Active,Surviving,USA,TRUE,128,101-500,FALSE,B2B
1891,Klarity,2018,2015-2024,Active,Surviving,USA,TRUE,128,101-500,FALSE,Productivity
1889,OWNY,2018,2015-2024,Active,Surviving,USA,TRUE,10,6-10,FALSE,Fintech
1884,Curebase,2018,2015-2024,Active,Surviving,USA,TRUE,27,26-100,FALSE,Healthcare
1884,Curebase,2018,2015-2024,Active,Surviving,USA,TRUE,27,26-100,FALSE,Healthcare Services
2033,Kinside,2018,2015-2024,Acquired,Successful,USA,TRUE,18,11-25,FALSE,Fintech
2033,Kinside,2018,2015-2024,Acquired,Successful,USA,TRUE,18,11-25,FALSE,Payments
2027,Dorian Therapeutics,2018,2015-2024,Acquired,Successful,USA,TRUE,8,6-10,FALSE,Healthcare
2027,Dorian Therapeutics,2018,2015-2024,Acquired,Successful,USA,TRUE,8,6-10,FALSE,Therapeutics
2013,Grin,2018,2015-2024,Acquired,Successful,Mexico,FALSE,300,101-500,FALSE,Consumer
2013,Grin,2018,2015-2024,Acquired,Successful,Mexico,FALSE,300,101-500,FALSE,Transportation Services
2002,Nova,2018,2015-2024,Acquired,Successful,USA,TRUE,12,11-25,FALSE,Fintech
2001,Shelf Engine,2018,2015-2024,Acquired,Successful,USA,TRUE,40,26-100,FALSE,B2B
2001,Shelf Engine,2018,2015-2024,Acquired,Successful,USA,TRUE,40,26-100,FALSE,Retail
1981,Coral Genomics,2018,2015-2024,Acquired,Successful,USA,TRUE,5,1-5,FALSE,Healthcare
1981,Coral Genomics,2018,2015-2024,Acquired,Successful,USA,TRUE,5,1-5,FALSE,Drug Discovery and Delivery
1976,HeyDoctor,2018,2015-2024,Acquired,Successful,USA,TRUE,50,26-100,FALSE,Healthcare
1976,HeyDoctor,2018,2015-2024,Acquired,Successful,USA,TRUE,50,26-100,FALSE,Healthcare IT
1975,hypcloud,2018,2015-2024,Acquired,Successful,Germany,FALSE,14,11-25,FALSE,Real Estate and Construction
1975,hypcloud,2018,2015-2024,Acquired,Successful,Germany,FALSE,14,11-25,FALSE,Housing and Real Estate
1966,HappiLabs,2018,2015-2024,Acquired,Successful,USA,TRUE,14,11-25,FALSE,Healthcare
1966,HappiLabs,2018,2015-2024,Acquired,Successful,USA,TRUE,14,11-25,FALSE,Healthcare Services
1963,Rain Neuromorphics,2018,2015-2024,Acquired,Successful,USA,TRUE,12,11-25,FALSE,Industrials
1963,Rain Neuromorphics,2018,2015-2024,Acquired,Successful,USA,TRUE,12,11-25,FALSE,Manufacturing and Robotics
1955,CSPA,2018,2015-2024,Acquired,Successful,USA,TRUE,6,6-10,FALSE,B2B
1955,CSPA,2018,2015-2024,Acquired,Successful,USA,TRUE,6,6-10,FALSE,Recruiting and Talent
1954,Impactive (formerly Outvote),2018,2015-2024,Acquired,Successful,USA,TRUE,15,11-25,FALSE,Government
1951,Berbix,2018,2015-2024,Acquired,Successful,USA,TRUE,39,26-100,FALSE,B2B
1951,Berbix,2018,2015-2024,Acquired,Successful,USA,TRUE,39,26-100,FALSE,"Engineering, Product and Design"
1949,Scanwell Health,2018,2015-2024,Acquired,Successful,USA,TRUE,13,11-25,FALSE,Healthcare
1949,Scanwell Health,2018,2015-2024,Acquired,Successful,USA,TRUE,13,11-25,FALSE,Diagnostics
1947,OneGraph,2018,2015-2024,Acquired,Successful,USA,TRUE,2,1-5,FALSE,B2B
1947,OneGraph,2018,2015-2024,Acquired,Successful,USA,TRUE,2,1-5,FALSE,"Engineering, Product and Design"
1925,Optic,2018,2015-2024,Acquired,Successful,USA,TRUE,5,1-5,FALSE,B2B
1925,Optic,2018,2015-2024,Acquired,Successful,USA,TRUE,5,1-5,FALSE,"Engineering, Product and Design"
1909,Demeanor.co,2018,2015-2024,Acquired,Successful,USA,TRUE,4,1-5,FALSE,Consumer
1909,Demeanor.co,2018,2015-2024,Acquired,Successful,USA,TRUE,4,1-5,FALSE,Social
1902,Lowkey,2018,2015-2024,Acquired,Successful,USA,TRUE,10,6-10,FALSE,Consumer
1902,Lowkey,2018,2015-2024,Acquired,Successful,USA,TRUE,10,6-10,FALSE,Gaming
1888,Phiar,2018,2015-2024,Acquired,Successful,USA,TRUE,12,11-25,FALSE,Industrials
1888,Phiar,2018,2015-2024,Acquired,Successful,USA,TRUE,12,11-25,FALSE,Automotive
1883,Allotrope Medical,2018,2015-2024,Acquired,Successful,USA,TRUE,2,1-5,FALSE,Healthcare
1883,Allotrope Medical,2018,2015-2024,Acquired,Successful,USA,TRUE,2,1-5,FALSE,Medical Devices
2031,Gerostate Alpha,2018,2015-2024,Inactive,Failed,USA,TRUE,6,6-10,FALSE,Healthcare
2031,Gerostate Alpha,2018,2015-2024,Inactive,Failed,USA,TRUE,6,6-10,FALSE,Therapeutics
2021,Perception Biosystems,2018,2015-2024,Inactive,Failed,USA,TRUE,2,1-5,FALSE,Healthcare
2021,Perception Biosystems,2018,2015-2024,Inactive,Failed,USA,TRUE,2,1-5,FALSE,Therapeutics
2016,dNovo,2018,2015-2024,Inactive,Failed,USA,TRUE,4,1-5,FALSE,Healthcare
2016,dNovo,2018,2015-2024,Inactive,Failed,USA,TRUE,4,1-5,FALSE,Therapeutics
2009,Kobo360,2018,2015-2024,Inactive,Failed,Nigeria,FALSE,204,101-500,FALSE,B2B
2009,Kobo360,2018,2015-2024,Inactive,Failed,Nigeria,FALSE,204,101-500,FALSE,Supply Chain and Logistics
2008,Goodly,2018,2015-2024,Inactive,Failed,USA,TRUE,5,1-5,FALSE,B2B
2008,Goodly,2018,2015-2024,Inactive,Failed,USA,TRUE,5,1-5,FALSE,Human Resources
1984,The Supplant Company,2018,2015-2024,Inactive,Failed,United Kingdom,FALSE,15,11-25,FALSE,Consumer
1984,The Supplant Company,2018,2015-2024,Inactive,Failed,United Kingdom,FALSE,15,11-25,FALSE,Food and Beverage
1973,FameGame,2018,2015-2024,Inactive,Failed,,FALSE,2,1-5,FALSE,Consumer
1973,FameGame,2018,2015-2024,Inactive,Failed,,FALSE,2,1-5,FALSE,Social
1972,BHRD,2018,2015-2024,Inactive,Failed,Canada,FALSE,3,1-5,FALSE,B2B
1972,BHRD,2018,2015-2024,Inactive,Failed,Canada,FALSE,3,1-5,FALSE,Finance and Accounting
1958,Purple Plate,2018,2015-2024,Inactive,Failed,USA,TRUE,45,26-100,FALSE,Consumer
1958,Purple Plate,2018,2015-2024,Inactive,Failed,USA,TRUE,45,26-100,FALSE,Food and Beverage
1952,The Buttermilk Company,2018,2015-2024,Inactive,Failed,USA,TRUE,3,1-5,FALSE,Consumer
1952,The Buttermilk Company,2018,2015-2024,Inactive,Failed,USA,TRUE,3,1-5,FALSE,Food and Beverage
1948,Avo,2018,2015-2024,Inactive,Failed,Israel,FALSE,10,6-10,FALSE,Consumer
1948,Avo,2018,2015-2024,Inactive,Failed,Israel,FALSE,10,6-10,FALSE,Home and Personal
1945,LabelFlow,2018,2015-2024,Inactive,Failed,France,FALSE,6,6-10,FALSE,B2B
1945,LabelFlow,2018,2015-2024,Inactive,Failed,France,FALSE,6,6-10,FALSE,"Engineering, Product and Design"
1943,Ixora,2018,2015-2024,Inactive,Failed,USA,TRUE,2,1-5,FALSE,Consumer
1943,Ixora,2018,2015-2024,Inactive,Failed,USA,TRUE,2,1-5,FALSE,Virtual and Augmented Reality
1937,Grabb-It,2018,2015-2024,Inactive,Failed,USA,TRUE,3,1-5,FALSE,B2B
1937,Grabb-It,2018,2015-2024,Inactive,Failed,USA,TRUE,3,1-5,FALSE,Marketing
1932,Radix Labs,2018,2015-2024,Inactive,Failed,USA,TRUE,7,6-10,FALSE,Healthcare
1932,Radix Labs,2018,2015-2024,Inactive,Failed,USA,TRUE,7,6-10,FALSE,Diagnostics
1928,Spero Foods,2018,2015-2024,Inactive,Failed,USA,TRUE,NA,NA,FALSE,Healthcare
1928,Spero Foods,2018,2015-2024,Inactive,Failed,USA,TRUE,NA,NA,FALSE,Industrial Bio
1926,Medinas Health,2018,2015-2024,Inactive,Failed,USA,TRUE,15,11-25,FALSE,Healthcare
1926,Medinas Health,2018,2015-2024,Inactive,Failed,USA,TRUE,15,11-25,FALSE,Healthcare Services
1921,INKHUNTER,2018,2015-2024,Inactive,Failed,USA,TRUE,3,1-5,FALSE,Consumer
1921,INKHUNTER,2018,2015-2024,Inactive,Failed,USA,TRUE,3,1-5,FALSE,Virtual and Augmented Reality
1920,Mylk Guys,2018,2015-2024,Inactive,Failed,USA,TRUE,6,6-10,FALSE,Consumer
1920,Mylk Guys,2018,2015-2024,Inactive,Failed,USA,TRUE,6,6-10,FALSE,Food and Beverage
1915,ShopWith,2018,2015-2024,Inactive,Failed,USA,TRUE,3,1-5,FALSE,B2B
1915,ShopWith,2018,2015-2024,Inactive,Failed,USA,TRUE,3,1-5,FALSE,Marketing
1912,Inokyo,2018,2015-2024,Inactive,Failed,USA,TRUE,10,6-10,FALSE,B2B
1912,Inokyo,2018,2015-2024,Inactive,Failed,USA,TRUE,10,6-10,FALSE,Retail
1911,Contrast,2018,2015-2024,Inactive,Failed,USA,TRUE,4,1-5,FALSE,B2B
1911,Contrast,2018,2015-2024,Inactive,Failed,USA,TRUE,4,1-5,FALSE,"Engineering, Product and Design"
1905,Xkit,2018,2015-2024,Inactive,Failed,USA,TRUE,6,6-10,FALSE,B2B
1905,Xkit,2018,2015-2024,Inactive,Failed,USA,TRUE,6,6-10,FALSE,"Engineering, Product and Design"
1904,FREY,2018,2015-2024,Inactive,Failed,USA,TRUE,3,1-5,FALSE,Consumer
1904,FREY,2018,2015-2024,Inactive,Failed,USA,TRUE,3,1-5,FALSE,Apparel and Cosmetics
1900,Satchel,2018,2015-2024,Inactive,Failed,USA,TRUE,8,6-10,FALSE,Fintech
1900,Satchel,2018,2015-2024,Inactive,Failed,USA,TRUE,8,6-10,FALSE,Payments
1897,"numericcal, inc.",2018,2015-2024,Inactive,Failed,USA,TRUE,3,1-5,FALSE,B2B
1897,"numericcal, inc.",2018,2015-2024,Inactive,Failed,USA,TRUE,3,1-5,FALSE,"Engineering, Product and Design"
1896,Passenger AI,2018,2015-2024,Inactive,Failed,Canada,FALSE,5,1-5,FALSE,Industrials
1896,Passenger AI,2018,2015-2024,Inactive,Failed,Canada,FALSE,5,1-5,FALSE,Automotive
1894,ExceptionALLY,2018,2015-2024,Inactive,Failed,USA,TRUE,3,1-5,FALSE,Education
1890,User Hero,2018,2015-2024,Inactive,Failed,USA,TRUE,3,1-5,FALSE,B2B
1890,User Hero,2018,2015-2024,Inactive,Failed,USA,TRUE,3,1-5,FALSE,"Engineering, Product and Design"
1885,Penta Medical,2018,2015-2024,Inactive,Failed,Canada,FALSE,5,1-5,FALSE,Healthcare
1885,Penta Medical,2018,2015-2024,Inactive,Failed,Canada,FALSE,5,1-5,FALSE,Consumer Health and Wellness
1873,Warpdrive by Synthetic Minds,2018,2015-2024,Inactive,Failed,USA,TRUE,7,6-10,FALSE,B2B
1873,Warpdrive by Synthetic Minds,2018,2015-2024,Inactive,Failed,USA,TRUE,7,6-10,FALSE,Productivity
1109,BillionToOne,2017,2015-2024,Public,Successful,USA,TRUE,300,101-500,FALSE,Healthcare
1109,BillionToOne,2017,2015-2024,Public,Successful,USA,TRUE,300,101-500,FALSE,Diagnostics
1616,Flock Safety,2017,2015-2024,Active,Surviving,USA,TRUE,1000,500+,TRUE,B2B
1616,Flock Safety,2017,2015-2024,Active,Surviving,USA,TRUE,1000,500+,TRUE,"Engineering, Product and Design"
1688,Modern Fertility,2017,2015-2024,Acquired,Successful,USA,TRUE,25,11-25,TRUE,Healthcare
1688,Modern Fertility,2017,2015-2024,Acquired,Successful,USA,TRUE,25,11-25,TRUE,Consumer Health and Wellness
1713,Cashfree Payments,2017,2015-2024,Active,Surviving,India,FALSE,200,101-500,FALSE,Fintech
1713,Cashfree Payments,2017,2015-2024,Active,Surviving,India,FALSE,200,101-500,FALSE,Payments
1705,Candidately,2017,2015-2024,Active,Surviving,USA,TRUE,9,6-10,FALSE,B2B
1705,Candidately,2017,2015-2024,Active,Surviving,USA,TRUE,9,6-10,FALSE,Recruiting and Talent
1703,FollowUpThen,2017,2015-2024,Active,Surviving,USA,TRUE,1,1-5,FALSE,B2B
1703,FollowUpThen,2017,2015-2024,Active,Surviving,USA,TRUE,1,1-5,FALSE,Productivity
1702,Thematic,2017,2015-2024,Active,Surviving,New Zealand,FALSE,25,11-25,FALSE,B2B
1702,Thematic,2017,2015-2024,Active,Surviving,New Zealand,FALSE,25,11-25,FALSE,Analytics
1700,10 By 10,2017,2015-2024,Active,Surviving,USA,TRUE,5,1-5,FALSE,B2B
1700,10 By 10,2017,2015-2024,Active,Surviving,USA,TRUE,5,1-5,FALSE,Recruiting and Talent
1696,Forever Labs,2017,2015-2024,Active,Surviving,USA,TRUE,12,11-25,FALSE,Healthcare
1696,Forever Labs,2017,2015-2024,Active,Surviving,USA,TRUE,12,11-25,FALSE,Therapeutics
1694,Gem,2017,2015-2024,Active,Surviving,USA,TRUE,200,101-500,FALSE,B2B
1694,Gem,2017,2015-2024,Active,Surviving,USA,TRUE,200,101-500,FALSE,Recruiting and Talent
1693,Just Appraised,2017,2015-2024,Active,Surviving,USA,TRUE,40,26-100,FALSE,Government
1692,Routable,2017,2015-2024,Active,Surviving,USA,TRUE,160,101-500,FALSE,B2B
1692,Routable,2017,2015-2024,Active,Surviving,USA,TRUE,160,101-500,FALSE,Finance and Accounting
1690,Goodcover,2017,2015-2024,Active,Surviving,USA,TRUE,1,1-5,FALSE,Fintech
1690,Goodcover,2017,2015-2024,Active,Surviving,USA,TRUE,1,1-5,FALSE,Insurance
1687,AssemblyAI,2017,2015-2024,Active,Surviving,USA,TRUE,65,26-100,FALSE,B2B
1687,AssemblyAI,2017,2015-2024,Active,Surviving,USA,TRUE,65,26-100,FALSE,Infrastructure
1684,Zendar,2017,2015-2024,Active,Surviving,USA,TRUE,45,26-100,FALSE,Industrials
1684,Zendar,2017,2015-2024,Active,Surviving,USA,TRUE,45,26-100,FALSE,Automotive
1682,Officely,2017,2015-2024,Active,Surviving,United Kingdom,FALSE,11,11-25,FALSE,B2B
1682,Officely,2017,2015-2024,Active,Surviving,United Kingdom,FALSE,11,11-25,FALSE,Sales
1680,May Mobility,2017,2015-2024,Active,Surviving,USA,TRUE,260,101-500,FALSE,Industrials
1680,May Mobility,2017,2015-2024,Active,Surviving,USA,TRUE,260,101-500,FALSE,Automotive
1677,Muzz,2017,2015-2024,Active,Surviving,United Kingdom,FALSE,104,101-500,FALSE,Consumer
1677,Muzz,2017,2015-2024,Active,Surviving,United Kingdom,FALSE,104,101-500,FALSE,Social
1673,OneLocal,2017,2015-2024,Active,Surviving,Canada,FALSE,90,26-100,FALSE,B2B
1673,OneLocal,2017,2015-2024,Active,Surviving,Canada,FALSE,90,26-100,FALSE,Retail
1671,Sourceress,2017,2015-2024,Active,Surviving,USA,TRUE,35,26-100,FALSE,B2B
1671,Sourceress,2017,2015-2024,Active,Surviving,USA,TRUE,35,26-100,FALSE,"Engineering, Product and Design"
1665,Oncobox,2017,2015-2024,Active,Surviving,USA,TRUE,11,11-25,FALSE,Healthcare
1665,Oncobox,2017,2015-2024,Active,Surviving,USA,TRUE,11,11-25,FALSE,Diagnostics
1664,Tesseract,2017,2015-2024,Active,Surviving,USA,TRUE,6,6-10,FALSE,Industrials
1664,Tesseract,2017,2015-2024,Active,Surviving,USA,TRUE,6,6-10,FALSE,Aviation and Space
1663,D-ID,2017,2015-2024,Active,Surviving,Israel,FALSE,27,26-100,FALSE,B2B
1663,D-ID,2017,2015-2024,Active,Surviving,Israel,FALSE,27,26-100,FALSE,Security
1662,Skyscrape,2017,2015-2024,Active,Surviving,USA,TRUE,3,1-5,FALSE,Industrials
1662,Skyscrape,2017,2015-2024,Active,Surviving,USA,TRUE,3,1-5,FALSE,Manufacturing and Robotics
1658,Flowspace,2017,2015-2024,Active,Surviving,USA,TRUE,48,26-100,FALSE,B2B
1658,Flowspace,2017,2015-2024,Active,Surviving,USA,TRUE,48,26-100,FALSE,Supply Chain and Logistics
1651,Airthium,2017,2015-2024,Active,Surviving,France,FALSE,18,11-25,FALSE,Industrials
1651,Airthium,2017,2015-2024,Active,Surviving,France,FALSE,18,11-25,FALSE,Climate
1647,tpaga,2017,2015-2024,Active,Surviving,Colombia,FALSE,25,11-25,FALSE,Fintech
1647,tpaga,2017,2015-2024,Active,Surviving,Colombia,FALSE,25,11-25,FALSE,Payments
1646,Rev Genomics,2017,2015-2024,Active,Surviving,USA,TRUE,8,6-10,FALSE,Healthcare
1646,Rev Genomics,2017,2015-2024,Active,Surviving,USA,TRUE,8,6-10,FALSE,Diagnostics
1645,Pyka,2017,2015-2024,Active,Surviving,USA,TRUE,75,26-100,FALSE,Industrials
1645,Pyka,2017,2015-2024,Active,Surviving,USA,TRUE,75,26-100,FALSE,Aviation and Space
1643,Entocycle,2017,2015-2024,Active,Surviving,United Kingdom,FALSE,13,11-25,FALSE,Industrials
1643,Entocycle,2017,2015-2024,Active,Surviving,United Kingdom,FALSE,13,11-25,FALSE,Agriculture
1642,HelpWear,2017,2015-2024,Active,Surviving,Canada,FALSE,2,1-5,FALSE,Healthcare
1642,HelpWear,2017,2015-2024,Active,Surviving,Canada,FALSE,2,1-5,FALSE,Medical Devices
1639,Pop Meals,2017,2015-2024,Active,Surviving,Malaysia,FALSE,153,101-500,FALSE,Consumer
1639,Pop Meals,2017,2015-2024,Active,Surviving,Malaysia,FALSE,153,101-500,FALSE,Food and Beverage
1638,Cairns Health,2017,2015-2024,Active,Surviving,USA,TRUE,17,11-25,FALSE,Healthcare
1638,Cairns Health,2017,2015-2024,Active,Surviving,USA,TRUE,17,11-25,FALSE,Consumer Health and Wellness
1636,Rabbet,2017,2015-2024,Active,Surviving,USA,TRUE,23,11-25,FALSE,Real Estate and Construction
1636,Rabbet,2017,2015-2024,Active,Surviving,USA,TRUE,23,11-25,FALSE,Construction
1630,Upfort,2017,2015-2024,Active,Surviving,USA,TRUE,38,26-100,FALSE,B2B
1630,Upfort,2017,2015-2024,Active,Surviving,USA,TRUE,38,26-100,FALSE,Security
1629,Prelim,2017,2015-2024,Active,Surviving,USA,TRUE,36,26-100,FALSE,Fintech
1621,Advano,2017,2015-2024,Active,Surviving,USA,TRUE,25,11-25,FALSE,Industrials
1621,Advano,2017,2015-2024,Active,Surviving,USA,TRUE,25,11-25,FALSE,Climate
1619,Carrot Fertility,2017,2015-2024,Active,Surviving,USA,TRUE,NA,NA,FALSE,Healthcare
1619,Carrot Fertility,2017,2015-2024,Active,Surviving,USA,TRUE,NA,NA,FALSE,Healthcare Services
1618,Relationship Hero,2017,2015-2024,Active,Surviving,USA,TRUE,100,26-100,FALSE,Consumer
1618,Relationship Hero,2017,2015-2024,Active,Surviving,USA,TRUE,100,26-100,FALSE,Social
1615,CocuSocial,2017,2015-2024,Active,Surviving,USA,TRUE,10,6-10,FALSE,Consumer
1615,CocuSocial,2017,2015-2024,Active,Surviving,USA,TRUE,10,6-10,FALSE,Food and Beverage
1614,ThereCraft,2017,2015-2024,Active,Surviving,USA,TRUE,1,1-5,FALSE,Industrials
1614,ThereCraft,2017,2015-2024,Active,Surviving,USA,TRUE,1,1-5,FALSE,Drones
1611,SafeButler,2017,2015-2024,Active,Surviving,USA,TRUE,2,1-5,FALSE,Fintech
1611,SafeButler,2017,2015-2024,Active,Surviving,USA,TRUE,2,1-5,FALSE,Insurance
1610,Darmiyan,2017,2015-2024,Active,Surviving,USA,TRUE,8,6-10,FALSE,Healthcare
1610,Darmiyan,2017,2015-2024,Active,Surviving,USA,TRUE,8,6-10,FALSE,Diagnostics
1609,Nimble,2017,2015-2024,Active,Surviving,NA,FALSE,25,11-25,FALSE,Education
1608,Roofr,2017,2015-2024,Active,Surviving,USA,TRUE,40,26-100,FALSE,Consumer
1608,Roofr,2017,2015-2024,Active,Surviving,USA,TRUE,40,26-100,FALSE,Home and Personal
1603,Standard AI,2017,2015-2024,Active,Surviving,USA,TRUE,150,101-500,FALSE,B2B
1603,Standard AI,2017,2015-2024,Active,Surviving,USA,TRUE,150,101-500,FALSE,Retail
1602,UpCodes,2017,2015-2024,Active,Surviving,USA,TRUE,35,26-100,FALSE,Real Estate and Construction
1602,UpCodes,2017,2015-2024,Active,Surviving,USA,TRUE,35,26-100,FALSE,Construction
1600,Helium Health,2017,2015-2024,Active,Surviving,Nigeria,FALSE,110,101-500,FALSE,Healthcare
1600,Helium Health,2017,2015-2024,Active,Surviving,Nigeria,FALSE,110,101-500,FALSE,Healthcare IT
1596,Releaf Earth,2017,2015-2024,Active,Surviving,Nigeria,FALSE,100,26-100,FALSE,Industrials
1596,Releaf Earth,2017,2015-2024,Active,Surviving,Nigeria,FALSE,100,26-100,FALSE,Climate
1595,Leon & George,2017,2015-2024,Active,Surviving,USA,TRUE,10,6-10,FALSE,Consumer
1594,Bloom Institute of Technology,2017,2015-2024,Active,Surviving,USA,TRUE,50,26-100,FALSE,Education
1593,Aecore,2017,2015-2024,Active,Surviving,USA,TRUE,6,6-10,FALSE,Real Estate and Construction
1593,Aecore,2017,2015-2024,Active,Surviving,USA,TRUE,6,6-10,FALSE,Construction
1587,VergeSense,2017,2015-2024,Active,Surviving,USA,TRUE,70,26-100,FALSE,Real Estate and Construction
1587,VergeSense,2017,2015-2024,Active,Surviving,USA,TRUE,70,26-100,FALSE,Housing and Real Estate
1586,Nobell Foods,2017,2015-2024,Active,Surviving,USA,TRUE,58,26-100,FALSE,Consumer
1586,Nobell Foods,2017,2015-2024,Active,Surviving,USA,TRUE,58,26-100,FALSE,Food and Beverage
1584,Long Term Stock Exchange,2017,2015-2024,Active,Surviving,USA,TRUE,68,26-100,FALSE,Fintech
1584,Long Term Stock Exchange,2017,2015-2024,Active,Surviving,USA,TRUE,68,26-100,FALSE,Banking and Exchange
1583,Skyways,2017,2015-2024,Active,Surviving,USA,TRUE,33,26-100,FALSE,Industrials
1583,Skyways,2017,2015-2024,Active,Surviving,USA,TRUE,33,26-100,FALSE,Drones
1580,FAZZ,2017,2015-2024,Active,Surviving,Indonesia,FALSE,500,101-500,FALSE,Fintech
1576,Jerry,2017,2015-2024,Active,Surviving,USA,TRUE,288,101-500,FALSE,Fintech
1576,Jerry,2017,2015-2024,Active,Surviving,USA,TRUE,288,101-500,FALSE,Insurance
1715,PullRequest,2017,2015-2024,Acquired,Successful,USA,TRUE,11,11-25,FALSE,B2B
1715,PullRequest,2017,2015-2024,Acquired,Successful,USA,TRUE,11,11-25,FALSE,"Engineering, Product and Design"
1714,Dharma Labs,2017,2015-2024,Acquired,Successful,USA,TRUE,14,11-25,FALSE,Fintech
1714,Dharma Labs,2017,2015-2024,Acquired,Successful,USA,TRUE,14,11-25,FALSE,Credit and Lending
1697,VIDA & Co.,2017,2015-2024,Acquired,Successful,USA,TRUE,11,11-25,FALSE,Consumer
1697,VIDA & Co.,2017,2015-2024,Acquired,Successful,USA,TRUE,11,11-25,FALSE,Apparel and Cosmetics
1695,disclosures.io,2017,2015-2024,Acquired,Successful,USA,TRUE,10,6-10,FALSE,Real Estate and Construction
1695,disclosures.io,2017,2015-2024,Acquired,Successful,USA,TRUE,10,6-10,FALSE,Housing and Real Estate
1691,Templarbit,2017,2015-2024,Acquired,Successful,USA,TRUE,11,11-25,FALSE,B2B
1691,Templarbit,2017,2015-2024,Acquired,Successful,USA,TRUE,11,11-25,FALSE,Security
1689,Lyrebird,2017,2015-2024,Acquired,Successful,Canada,FALSE,13,11-25,FALSE,B2B
1689,Lyrebird,2017,2015-2024,Acquired,Successful,Canada,FALSE,13,11-25,FALSE,"Engineering, Product and Design"
1678,Headstart,2017,2015-2024,Acquired,Successful,United Kingdom,FALSE,44,26-100,FALSE,B2B
1678,Headstart,2017,2015-2024,Acquired,Successful,United Kingdom,FALSE,44,26-100,FALSE,Recruiting and Talent
1675,Opearlo,2017,2015-2024,Acquired,Successful,United Kingdom,FALSE,2,1-5,FALSE,Consumer
1675,Opearlo,2017,2015-2024,Acquired,Successful,United Kingdom,FALSE,2,1-5,FALSE,Content
1674,Eduflow,2017,2015-2024,Acquired,Successful,Denmark,FALSE,12,11-25,FALSE,Education
1670,LotusPay,2017,2015-2024,Acquired,Successful,India,FALSE,5,1-5,FALSE,Fintech
1670,LotusPay,2017,2015-2024,Acquired,Successful,India,FALSE,5,1-5,FALSE,Payments
1668,bxblue,2017,2015-2024,Acquired,Successful,Brazil,FALSE,28,26-100,FALSE,Fintech
1668,bxblue,2017,2015-2024,Acquired,Successful,Brazil,FALSE,28,26-100,FALSE,Credit and Lending
1666,Percept.AI,2017,2015-2024,Acquired,Successful,USA,TRUE,7,6-10,FALSE,B2B
1666,Percept.AI,2017,2015-2024,Acquired,Successful,USA,TRUE,7,6-10,FALSE,Operations
1657,Honeydue,2017,2015-2024,Acquired,Successful,USA,TRUE,2,1-5,FALSE,Fintech
1657,Honeydue,2017,2015-2024,Acquired,Successful,USA,TRUE,2,1-5,FALSE,Consumer Finance
1656,Guilded,2017,2015-2024,Acquired,Successful,USA,TRUE,30,26-100,FALSE,Consumer
1656,Guilded,2017,2015-2024,Acquired,Successful,USA,TRUE,30,26-100,FALSE,Gaming
1648,Surematics,2017,2015-2024,Acquired,Successful,USA,TRUE,2,1-5,FALSE,Fintech
1648,Surematics,2017,2015-2024,Acquired,Successful,USA,TRUE,2,1-5,FALSE,Insurance
1644,Indivio,2017,2015-2024,Acquired,Successful,USA,TRUE,8,6-10,FALSE,B2B
1644,Indivio,2017,2015-2024,Acquired,Successful,USA,TRUE,8,6-10,FALSE,Marketing
1635,Truepill,2017,2015-2024,Acquired,Successful,USA,TRUE,1300,500+,FALSE,Healthcare
1635,Truepill,2017,2015-2024,Acquired,Successful,USA,TRUE,1300,500+,FALSE,Healthcare IT
1633,Plasticity,2017,2015-2024,Acquired,Successful,USA,TRUE,2,1-5,FALSE,B2B
1633,Plasticity,2017,2015-2024,Acquired,Successful,USA,TRUE,2,1-5,FALSE,Productivity
1632,Meetingbird,2017,2015-2024,Acquired,Successful,USA,TRUE,2,1-5,FALSE,B2B
1632,Meetingbird,2017,2015-2024,Acquired,Successful,USA,TRUE,2,1-5,FALSE,Productivity
1631,Wildfire,2017,2015-2024,Acquired,Successful,USA,TRUE,3,1-5,FALSE,Consumer
1631,Wildfire,2017,2015-2024,Acquired,Successful,USA,TRUE,3,1-5,FALSE,Social
1626,Escher Reality,2017,2015-2024,Acquired,Successful,USA,TRUE,2,1-5,FALSE,Consumer
1626,Escher Reality,2017,2015-2024,Acquired,Successful,USA,TRUE,2,1-5,FALSE,Virtual and Augmented Reality
1625,Solve,2017,2015-2024,Acquired,Successful,USA,TRUE,2,1-5,FALSE,Consumer
1625,Solve,2017,2015-2024,Acquired,Successful,USA,TRUE,2,1-5,FALSE,"Travel, Leisure and Tourism"
1620,Enzyme,2017,2015-2024,Acquired,Successful,USA,TRUE,32,26-100,FALSE,Healthcare
1620,Enzyme,2017,2015-2024,Acquired,Successful,USA,TRUE,32,26-100,FALSE,Healthcare IT
1617,Mystery.org,2017,2015-2024,Acquired,Successful,USA,TRUE,53,26-100,FALSE,Education
1601,Fat Llama,2017,2015-2024,Acquired,Successful,United Kingdom,FALSE,41,26-100,FALSE,Consumer
1601,Fat Llama,2017,2015-2024,Acquired,Successful,United Kingdom,FALSE,41,26-100,FALSE,Consumer Electronics
1598,Ribbon Health,2017,2015-2024,Acquired,Successful,USA,TRUE,91,26-100,FALSE,Healthcare
1598,Ribbon Health,2017,2015-2024,Acquired,Successful,USA,TRUE,91,26-100,FALSE,Healthcare IT
1597,CarDash,2017,2015-2024,Acquired,Successful,USA,TRUE,12,11-25,FALSE,Consumer
1597,CarDash,2017,2015-2024,Acquired,Successful,USA,TRUE,12,11-25,FALSE,Transportation Services
1592,Feather,2017,2015-2024,Acquired,Successful,USA,TRUE,125,101-500,FALSE,Consumer
1592,Feather,2017,2015-2024,Acquired,Successful,USA,TRUE,125,101-500,FALSE,Home and Personal
1591,Audm,2017,2015-2024,Acquired,Successful,USA,TRUE,10,6-10,FALSE,Consumer
1591,Audm,2017,2015-2024,Acquired,Successful,USA,TRUE,10,6-10,FALSE,Content
1588,AutoHub,2017,2015-2024,Acquired,Successful,USA,TRUE,2,1-5,FALSE,B2B
1588,AutoHub,2017,2015-2024,Acquired,Successful,USA,TRUE,2,1-5,FALSE,Retail
1582,Py,2017,2015-2024,Acquired,Successful,USA,TRUE,3,1-5,FALSE,Education
1578,Elucd,2017,2015-2024,Acquired,Successful,USA,TRUE,8,6-10,FALSE,Government
1712,WheelStreet,2017,2015-2024,Inactive,Failed,India,FALSE,10,6-10,FALSE,Consumer
1712,WheelStreet,2017,2015-2024,Inactive,Failed,India,FALSE,10,6-10,FALSE,Transportation Services
1704,NextDrop,2017,2015-2024,Inactive,Failed,India,FALSE,11,11-25,FALSE,Industrials
1704,NextDrop,2017,2015-2024,Inactive,Failed,India,FALSE,11,11-25,FALSE,Energy
1701,Bumpline,2017,2015-2024,Inactive,Failed,USA,TRUE,2,1-5,FALSE,Healthcare
1701,Bumpline,2017,2015-2024,Inactive,Failed,USA,TRUE,2,1-5,FALSE,Healthcare Services
1698,Social Construct,2017,2015-2024,Inactive,Failed,USA,TRUE,17,11-25,FALSE,Real Estate and Construction
1698,Social Construct,2017,2015-2024,Inactive,Failed,USA,TRUE,17,11-25,FALSE,Housing and Real Estate
1686,Cambridge Cancer Genomics,2017,2015-2024,Inactive,Failed,United Kingdom,FALSE,25,11-25,FALSE,Healthcare
1686,Cambridge Cancer Genomics,2017,2015-2024,Inactive,Failed,United Kingdom,FALSE,25,11-25,FALSE,Diagnostics
1685,Polly,2017,2015-2024,Inactive,Failed,USA,TRUE,3,1-5,FALSE,Consumer
1685,Polly,2017,2015-2024,Inactive,Failed,USA,TRUE,3,1-5,FALSE,Social
1683,Commissary Club (formerly 70 Million Jobs),2017,2015-2024,Inactive,Failed,USA,TRUE,2,1-5,FALSE,Consumer
1681,Gamelynx,2017,2015-2024,Inactive,Failed,USA,TRUE,5,1-5,FALSE,Consumer
1681,Gamelynx,2017,2015-2024,Inactive,Failed,USA,TRUE,5,1-5,FALSE,Gaming
1679,Guggy,2017,2015-2024,Inactive,Failed,Israel,FALSE,2,1-5,FALSE,Consumer
1679,Guggy,2017,2015-2024,Inactive,Failed,Israel,FALSE,2,1-5,FALSE,Social
1672,Fastpad,2017,2015-2024,Inactive,Failed,India,FALSE,3,1-5,FALSE,B2B
1672,Fastpad,2017,2015-2024,Inactive,Failed,India,FALSE,3,1-5,FALSE,Recruiting and Talent
1669,Sunu,2017,2015-2024,Inactive,Failed,Mexico,FALSE,11,11-25,FALSE,Consumer
1669,Sunu,2017,2015-2024,Inactive,Failed,Mexico,FALSE,11,11-25,FALSE,Virtual and Augmented Reality
1667,WATERFX,2017,2015-2024,Inactive,Failed,USA,TRUE,1,1-5,FALSE,Industrials
1667,WATERFX,2017,2015-2024,Inactive,Failed,USA,TRUE,1,1-5,FALSE,Climate
1661,And Comfort,2017,2015-2024,Inactive,Failed,USA,TRUE,2,1-5,FALSE,Consumer
1661,And Comfort,2017,2015-2024,Inactive,Failed,USA,TRUE,2,1-5,FALSE,Apparel and Cosmetics
1659,Modular Science,2017,2015-2024,Inactive,Failed,USA,TRUE,NA,NA,FALSE,Industrials
1659,Modular Science,2017,2015-2024,Inactive,Failed,USA,TRUE,NA,NA,FALSE,Agriculture
1655,PreDxion Bio,2017,2015-2024,Inactive,Failed,USA,TRUE,6,6-10,FALSE,Healthcare
1655,PreDxion Bio,2017,2015-2024,Inactive,Failed,USA,TRUE,6,6-10,FALSE,Diagnostics
1653,Goosebump,2017,2015-2024,Inactive,Failed,France,FALSE,2,1-5,FALSE,Consumer
1653,Goosebump,2017,2015-2024,Inactive,Failed,France,FALSE,2,1-5,FALSE,Social
1652,Piggy,2017,2015-2024,Inactive,Failed,India,FALSE,2,1-5,FALSE,Fintech
1652,Piggy,2017,2015-2024,Inactive,Failed,India,FALSE,2,1-5,FALSE,Asset Management
1649,Storyboard,2017,2015-2024,Inactive,Failed,USA,TRUE,2,1-5,FALSE,Consumer
1649,Storyboard,2017,2015-2024,Inactive,Failed,USA,TRUE,2,1-5,FALSE,Social
1641,Spect,2017,2015-2024,Inactive,Failed,USA,TRUE,7,6-10,FALSE,Healthcare
1641,Spect,2017,2015-2024,Inactive,Failed,USA,TRUE,7,6-10,FALSE,Consumer Health and Wellness
1640,RideAlong,2017,2015-2024,Inactive,Failed,USA,TRUE,2,1-5,FALSE,Government
1637,Slik,2017,2015-2024,Inactive,Failed,USA,TRUE,2,1-5,FALSE,B2B
1637,Slik,2017,2015-2024,Inactive,Failed,USA,TRUE,2,1-5,FALSE,Sales
1634,Caelum Health,2017,2015-2024,Inactive,Failed,USA,TRUE,2,1-5,FALSE,Healthcare
1634,Caelum Health,2017,2015-2024,Inactive,Failed,USA,TRUE,2,1-5,FALSE,Consumer Health and Wellness
1628,Covetly,2017,2015-2024,Inactive,Failed,USA,TRUE,3,1-5,FALSE,Consumer
1628,Covetly,2017,2015-2024,Inactive,Failed,USA,TRUE,3,1-5,FALSE,Home and Personal
1627,Semantix,2017,2015-2024,Inactive,Failed,USA,TRUE,2,1-5,FALSE,Healthcare
1627,Semantix,2017,2015-2024,Inactive,Failed,USA,TRUE,2,1-5,FALSE,Healthcare IT
1624,Mystro,2017,2015-2024,Inactive,Failed,USA,TRUE,6,6-10,FALSE,Consumer
1624,Mystro,2017,2015-2024,Inactive,Failed,USA,TRUE,6,6-10,FALSE,Job and Career Services
1623,Greo,2017,2015-2024,Inactive,Failed,USA,TRUE,2,1-5,FALSE,Consumer
1623,Greo,2017,2015-2024,Inactive,Failed,USA,TRUE,2,1-5,FALSE,Social
1622,Value Voting,2017,2015-2024,Inactive,Failed,,FALSE,2,1-5,FALSE,Government
1613,Sixty,2017,2015-2024,Inactive,Failed,USA,TRUE,4,1-5,FALSE,B2B
1613,Sixty,2017,2015-2024,Inactive,Failed,USA,TRUE,4,1-5,FALSE,"Engineering, Product and Design"
1606,Gameday,2017,2015-2024,Inactive,Failed,USA,TRUE,2,1-5,FALSE,Consumer
1606,Gameday,2017,2015-2024,Inactive,Failed,USA,TRUE,2,1-5,FALSE,Gaming
1605,Dropleaf,2017,2015-2024,Inactive,Failed,USA,TRUE,2,1-5,FALSE,Consumer
1605,Dropleaf,2017,2015-2024,Inactive,Failed,USA,TRUE,2,1-5,FALSE,Gaming
1604,Pathrise,2017,2015-2024,Inactive,Failed,USA,TRUE,55,26-100,FALSE,Education
1599,Fam,2017,2015-2024,Inactive,Failed,USA,TRUE,11,11-25,FALSE,Consumer
1599,Fam,2017,2015-2024,Inactive,Failed,USA,TRUE,11,11-25,FALSE,Social
1589,Prism Labs,2017,2015-2024,Inactive,Failed,USA,TRUE,5,1-5,FALSE,Consumer
1589,Prism Labs,2017,2015-2024,Inactive,Failed,USA,TRUE,5,1-5,FALSE,Job and Career Services
1585,Sunfolding,2017,2015-2024,Inactive,Failed,USA,TRUE,44,26-100,FALSE,Industrials
1585,Sunfolding,2017,2015-2024,Inactive,Failed,USA,TRUE,44,26-100,FALSE,Energy
1579,Passerine Aircraft,2017,2015-2024,Inactive,Failed,South Africa,FALSE,2,1-5,FALSE,Industrials
1579,Passerine Aircraft,2017,2015-2024,Inactive,Failed,South Africa,FALSE,2,1-5,FALSE,Aviation and Space
982,Embark Trucks,2016,2015-2024,Public,Successful,USA,TRUE,300,101-500,FALSE,Industrials
982,Embark Trucks,2016,2015-2024,Public,Successful,USA,TRUE,300,101-500,FALSE,Automotive
1005,Truebill,2016,2015-2024,Acquired,Successful,USA,TRUE,225,101-500,TRUE,Fintech
1005,Truebill,2016,2015-2024,Acquired,Successful,USA,TRUE,225,101-500,TRUE,Consumer Finance
1058,Caper,2016,2015-2024,Acquired,Successful,,FALSE,15,11-25,TRUE,B2B
1058,Caper,2016,2015-2024,Acquired,Successful,,FALSE,15,11-25,TRUE,Retail
1067,NURX,2016,2015-2024,Acquired,Successful,USA,TRUE,300,101-500,TRUE,Healthcare
1067,NURX,2016,2015-2024,Acquired,Successful,USA,TRUE,300,101-500,TRUE,Consumer Health and Wellness
1021,Paystack,2016,2015-2024,Acquired,Successful,Nigeria,FALSE,115,101-500,TRUE,Fintech
1021,Paystack,2016,2015-2024,Acquired,Successful,Nigeria,FALSE,115,101-500,TRUE,Payments
1091,GitPrime,2016,2015-2024,Acquired,Successful,USA,TRUE,110,101-500,TRUE,B2B
1091,GitPrime,2016,2015-2024,Acquired,Successful,USA,TRUE,110,101-500,TRUE,"Engineering, Product and Design"
1042,Podium,2016,2015-2024,Active,Surviving,USA,TRUE,1000,500+,TRUE,B2B
1042,Podium,2016,2015-2024,Active,Surviving,USA,TRUE,1000,500+,TRUE,Retail
1103,Rappi,2016,2015-2024,Active,Surviving,Colombia,FALSE,4800,500+,TRUE,Consumer
1103,Rappi,2016,2015-2024,Active,Surviving,Colombia,FALSE,4800,500+,TRUE,Food and Beverage
999,Focal Systems,2016,2015-2024,Active,Surviving,USA,TRUE,170,101-500,FALSE,B2B
999,Focal Systems,2016,2015-2024,Active,Surviving,USA,TRUE,170,101-500,FALSE,Retail
997,Mio,2016,2015-2024,Active,Surviving,USA,TRUE,12,11-25,FALSE,B2B
997,Mio,2016,2015-2024,Active,Surviving,USA,TRUE,12,11-25,FALSE,"Engineering, Product and Design"
996,Daily,2016,2015-2024,Active,Surviving,USA,TRUE,126,101-500,FALSE,B2B
996,Daily,2016,2015-2024,Active,Surviving,USA,TRUE,126,101-500,FALSE,Productivity
995,Petcube,2016,2015-2024,Active,Surviving,USA,TRUE,51,26-100,FALSE,Consumer
995,Petcube,2016,2015-2024,Active,Surviving,USA,TRUE,51,26-100,FALSE,Consumer Electronics
994,Outschool,2016,2015-2024,Active,Surviving,USA,TRUE,107,101-500,FALSE,Education
991,Mason,2016,2015-2024,Active,Surviving,USA,TRUE,65,26-100,FALSE,B2B
990,MagicBus,2016,2015-2024,Active,Surviving,USA,TRUE,18,11-25,FALSE,Consumer
990,MagicBus,2016,2015-2024,Active,Surviving,USA,TRUE,18,11-25,FALSE,Transportation Services
989,Tovala,2016,2015-2024,Active,Surviving,USA,TRUE,375,101-500,FALSE,Consumer
989,Tovala,2016,2015-2024,Active,Surviving,USA,TRUE,375,101-500,FALSE,Home and Personal
988,iSono Health,2016,2015-2024,Active,Surviving,USA,TRUE,9,6-10,FALSE,Healthcare
988,iSono Health,2016,2015-2024,Active,Surviving,USA,TRUE,9,6-10,FALSE,Medical Devices
987,GetAccept,2016,2015-2024,Active,Surviving,USA,TRUE,200,101-500,FALSE,B2B
987,GetAccept,2016,2015-2024,Active,Surviving,USA,TRUE,200,101-500,FALSE,Sales
985,Chatfuel,2016,2015-2024,Active,Surviving,USA,TRUE,53,26-100,FALSE,B2B
985,Chatfuel,2016,2015-2024,Active,Surviving,USA,TRUE,53,26-100,FALSE,"Engineering, Product and Design"
984,Yardbook,2016,2015-2024,Active,Surviving,USA,TRUE,NA,NA,FALSE,B2B
984,Yardbook,2016,2015-2024,Active,Surviving,USA,TRUE,NA,NA,FALSE,Finance and Accounting
978,Stealth Worker,2016,2015-2024,Active,Surviving,USA,TRUE,5,1-5,FALSE,B2B
978,Stealth Worker,2016,2015-2024,Active,Surviving,USA,TRUE,5,1-5,FALSE,Recruiting and Talent
977,Deepgram,2016,2015-2024,Active,Surviving,USA,TRUE,115,101-500,FALSE,B2B
977,Deepgram,2016,2015-2024,Active,Surviving,USA,TRUE,115,101-500,FALSE,"Engineering, Product and Design"
974,SOUNDBOKS,2016,2015-2024,Active,Surviving,Denmark,FALSE,50,26-100,FALSE,Consumer
974,SOUNDBOKS,2016,2015-2024,Active,Surviving,Denmark,FALSE,50,26-100,FALSE,Consumer Electronics
973,Lattice,2016,2015-2024,Active,Surviving,USA,TRUE,540,500+,FALSE,B2B
973,Lattice,2016,2015-2024,Active,Surviving,USA,TRUE,540,500+,FALSE,Human Resources
972,Mux,2016,2015-2024,Active,Surviving,USA,TRUE,95,26-100,FALSE,B2B
972,Mux,2016,2015-2024,Active,Surviving,USA,TRUE,95,26-100,FALSE,Infrastructure
1214,AmberBox Gunshot Detection,2016,2015-2024,Active,Surviving,USA,TRUE,NA,NA,FALSE,B2B
1214,AmberBox Gunshot Detection,2016,2015-2024,Active,Surviving,USA,TRUE,NA,NA,FALSE,Security
1101,Qvin,2016,2015-2024,Active,Surviving,USA,TRUE,30,26-100,FALSE,Healthcare
1101,Qvin,2016,2015-2024,Active,Surviving,USA,TRUE,30,26-100,FALSE,Consumer Health and Wellness
1100,Perlara,2016,2015-2024,Active,Surviving,USA,TRUE,1,1-5,FALSE,Healthcare
1100,Perlara,2016,2015-2024,Active,Surviving,USA,TRUE,1,1-5,FALSE,Drug Discovery and Delivery
1098,DevColor,2016,2015-2024,Active,Surviving,USA,TRUE,7,6-10,FALSE,Unspecified
1097,Lygos,2016,2015-2024,Active,Surviving,USA,TRUE,55,26-100,FALSE,Healthcare
1097,Lygos,2016,2015-2024,Active,Surviving,USA,TRUE,55,26-100,FALSE,Industrial Bio
1096,Zenysis,2016,2015-2024,Active,Surviving,USA,TRUE,11,11-25,FALSE,Government
1093,Astranis,2016,2015-2024,Active,Surviving,USA,TRUE,500,101-500,FALSE,Industrials
1093,Astranis,2016,2015-2024,Active,Surviving,USA,TRUE,500,101-500,FALSE,Aviation and Space
1082,Protonet,2016,2015-2024,Active,Surviving,,FALSE,0,NA,FALSE,B2B
1082,Protonet,2016,2015-2024,Active,Surviving,,FALSE,0,NA,FALSE,Infrastructure
1081,Boom,2016,2015-2024,Active,Surviving,USA,TRUE,227,101-500,FALSE,Industrials
1081,Boom,2016,2015-2024,Active,Surviving,USA,TRUE,227,101-500,FALSE,Aviation and Space
1080,Relativity Space,2016,2015-2024,Active,Surviving,USA,TRUE,1000,500+,FALSE,Industrials
1080,Relativity Space,2016,2015-2024,Active,Surviving,USA,TRUE,1000,500+,FALSE,Aviation and Space
1079,Sendbird,2016,2015-2024,Active,Surviving,USA,TRUE,300,101-500,FALSE,B2B
1079,Sendbird,2016,2015-2024,Active,Surviving,USA,TRUE,300,101-500,FALSE,"Engineering, Product and Design"
1076,Wakie,2016,2015-2024,Active,Surviving,USA,TRUE,10,6-10,FALSE,Consumer
1076,Wakie,2016,2015-2024,Active,Surviving,USA,TRUE,10,6-10,FALSE,Social
1071,Sanitation and Health Rights in India (SHRI),2016,2015-2024,Active,Surviving,USA,TRUE,1,1-5,FALSE,Unspecified
1068,Quilt Data,2016,2015-2024,Active,Surviving,USA,TRUE,6,6-10,FALSE,B2B
1068,Quilt Data,2016,2015-2024,Active,Surviving,USA,TRUE,6,6-10,FALSE,"Engineering, Product and Design"
1065,FightCamp,2016,2015-2024,Active,Surviving,USA,TRUE,64,26-100,FALSE,Consumer
1065,FightCamp,2016,2015-2024,Active,Surviving,USA,TRUE,64,26-100,FALSE,Gaming
1063,Carbic,2016,2015-2024,Active,Surviving,USA,TRUE,8,6-10,FALSE,Industrials
1063,Carbic,2016,2015-2024,Active,Surviving,USA,TRUE,8,6-10,FALSE,Energy
1056,NetBeez,2016,2015-2024,Active,Surviving,USA,TRUE,12,11-25,FALSE,B2B
1056,NetBeez,2016,2015-2024,Active,Surviving,USA,TRUE,12,11-25,FALSE,Infrastructure
1055,mRelief,2016,2015-2024,Active,Surviving,USA,TRUE,12,11-25,FALSE,Unspecified
1053,HistoWiz,2016,2015-2024,Active,Surviving,USA,TRUE,2,1-5,FALSE,Healthcare
1053,HistoWiz,2016,2015-2024,Active,Surviving,USA,TRUE,2,1-5,FALSE,Healthcare Services
1052,GoLorry,2016,2015-2024,Active,Surviving,India,FALSE,30,26-100,FALSE,B2B
1052,GoLorry,2016,2015-2024,Active,Surviving,India,FALSE,30,26-100,FALSE,Supply Chain and Logistics
1051,Gecko Robotics,2016,2015-2024,Active,Surviving,USA,TRUE,230,101-500,FALSE,Industrials
1051,Gecko Robotics,2016,2015-2024,Active,Surviving,USA,TRUE,230,101-500,FALSE,Manufacturing and Robotics
1049,Lynks,2016,2015-2024,Active,Surviving,Egypt,FALSE,40,26-100,FALSE,Consumer
1049,Lynks,2016,2015-2024,Active,Surviving,Egypt,FALSE,40,26-100,FALSE,Apparel and Cosmetics
1047,Thunkable,2016,2015-2024,Active,Surviving,USA,TRUE,40,26-100,FALSE,B2B
1047,Thunkable,2016,2015-2024,Active,Surviving,USA,TRUE,40,26-100,FALSE,Marketing
1044,Apollo.io,2016,2015-2024,Active,Surviving,USA,TRUE,800,500+,FALSE,B2B
1044,Apollo.io,2016,2015-2024,Active,Surviving,USA,TRUE,800,500+,FALSE,Marketing
1043,Salt Security,2016,2015-2024,Active,Surviving,USA,TRUE,200,101-500,FALSE,B2B
1043,Salt Security,2016,2015-2024,Active,Surviving,USA,TRUE,200,101-500,FALSE,Security
1041,Pave,2016,2015-2024,Active,Surviving,Canada,FALSE,6,6-10,FALSE,B2B
1041,Pave,2016,2015-2024,Active,Surviving,Canada,FALSE,6,6-10,FALSE,Analytics
1038,Luciq (formerly Instabug),2016,2015-2024,Active,Surviving,USA,TRUE,250,101-500,FALSE,B2B
1038,Luciq (formerly Instabug),2016,2015-2024,Active,Surviving,USA,TRUE,250,101-500,FALSE,"Engineering, Product and Design"
1037,Function of Beauty,2016,2015-2024,Active,Surviving,USA,TRUE,300,101-500,FALSE,Consumer
1037,Function of Beauty,2016,2015-2024,Active,Surviving,USA,TRUE,300,101-500,FALSE,Apparel and Cosmetics
1034,Superside,2016,2015-2024,Active,Surviving,Norway,FALSE,750,500+,FALSE,B2B
1034,Superside,2016,2015-2024,Active,Surviving,Norway,FALSE,750,500+,FALSE,Productivity
1033,Netomi,2016,2015-2024,Active,Surviving,USA,TRUE,3,1-5,FALSE,B2B
1033,Netomi,2016,2015-2024,Active,Surviving,USA,TRUE,3,1-5,FALSE,Marketing
1032,Castle,2016,2015-2024,Active,Surviving,USA,TRUE,20,11-25,FALSE,B2B
1032,Castle,2016,2015-2024,Active,Surviving,USA,TRUE,20,11-25,FALSE,Security
1030,Opentrons,2016,2015-2024,Active,Surviving,USA,TRUE,300,101-500,FALSE,Healthcare
1030,Opentrons,2016,2015-2024,Active,Surviving,USA,TRUE,300,101-500,FALSE,Diagnostics
1028,MailTime,2016,2015-2024,Active,Surviving,Hong Kong,FALSE,18,11-25,FALSE,B2B
1028,MailTime,2016,2015-2024,Active,Surviving,Hong Kong,FALSE,18,11-25,FALSE,Productivity
1020,Revl,2016,2015-2024,Active,Surviving,USA,TRUE,22,11-25,FALSE,B2B
1020,Revl,2016,2015-2024,Active,Surviving,USA,TRUE,22,11-25,FALSE,Marketing
1018,PocketSuite,2016,2015-2024,Active,Surviving,USA,TRUE,30,26-100,FALSE,B2B
1018,PocketSuite,2016,2015-2024,Active,Surviving,USA,TRUE,30,26-100,FALSE,Productivity
1016,Meter Feeder,2016,2015-2024,Active,Surviving,USA,TRUE,4,1-5,FALSE,Fintech
1016,Meter Feeder,2016,2015-2024,Active,Surviving,USA,TRUE,4,1-5,FALSE,Payments
1010,Gigwell,2016,2015-2024,Active,Surviving,USA,TRUE,12,11-25,FALSE,B2B
1010,Gigwell,2016,2015-2024,Active,Surviving,USA,TRUE,12,11-25,FALSE,Productivity
1009,Copia,2016,2015-2024,Active,Surviving,USA,TRUE,20,11-25,FALSE,B2B
1009,Copia,2016,2015-2024,Active,Surviving,USA,TRUE,20,11-25,FALSE,Office Management
1007,Deako,2016,2015-2024,Active,Surviving,USA,TRUE,11,11-25,FALSE,Consumer
1007,Deako,2016,2015-2024,Active,Surviving,USA,TRUE,11,11-25,FALSE,Home and Personal
979,Stilt,2016,2015-2024,Acquired,Successful,USA,TRUE,35,26-100,FALSE,Fintech
979,Stilt,2016,2015-2024,Acquired,Successful,USA,TRUE,35,26-100,FALSE,Credit and Lending
1099,Kip Health,2016,2015-2024,Acquired,Successful,USA,TRUE,2,1-5,FALSE,Healthcare
1099,Kip Health,2016,2015-2024,Acquired,Successful,USA,TRUE,2,1-5,FALSE,Healthcare IT
1089,Hingeto,2016,2015-2024,Acquired,Successful,USA,TRUE,15,11-25,FALSE,Consumer
1089,Hingeto,2016,2015-2024,Acquired,Successful,USA,TRUE,15,11-25,FALSE,Apparel and Cosmetics
1088,flexEngage,2016,2015-2024,Acquired,Successful,USA,TRUE,25,11-25,FALSE,B2B
1088,flexEngage,2016,2015-2024,Acquired,Successful,USA,TRUE,25,11-25,FALSE,Retail
1086,Bonsai,2016,2015-2024,Acquired,Successful,USA,TRUE,25,11-25,FALSE,B2B
1086,Bonsai,2016,2015-2024,Acquired,Successful,USA,TRUE,25,11-25,FALSE,Finance and Accounting
1084,Nova,2016,2015-2024,Acquired,Successful,USA,TRUE,11,11-25,FALSE,B2B
1084,Nova,2016,2015-2024,Acquired,Successful,USA,TRUE,11,11-25,FALSE,Sales
1074,UroDev Medical,2016,2015-2024,Acquired,Successful,USA,TRUE,4,1-5,FALSE,Healthcare
1074,UroDev Medical,2016,2015-2024,Acquired,Successful,USA,TRUE,4,1-5,FALSE,Medical Devices
1057,Redspread,2016,2015-2024,Acquired,Successful,USA,TRUE,0,NA,FALSE,B2B
1057,Redspread,2016,2015-2024,Acquired,Successful,USA,TRUE,0,NA,FALSE,Infrastructure
1054,Landed,2016,2015-2024,Acquired,Successful,USA,TRUE,2,1-5,FALSE,Fintech
1054,Landed,2016,2015-2024,Acquired,Successful,USA,TRUE,2,1-5,FALSE,Credit and Lending
1050,Emburse,2016,2015-2024,Acquired,Successful,USA,TRUE,NA,NA,FALSE,Fintech
1050,Emburse,2016,2015-2024,Acquired,Successful,USA,TRUE,NA,NA,FALSE,Banking and Exchange
1048,Plato,2016,2015-2024,Acquired,Successful,USA,TRUE,26,26-100,FALSE,B2B
1048,Plato,2016,2015-2024,Acquired,Successful,USA,TRUE,26,26-100,FALSE,Productivity
1025,Goodybag,2016,2015-2024,Acquired,Successful,USA,TRUE,11,11-25,FALSE,B2B
1025,Goodybag,2016,2015-2024,Acquired,Successful,USA,TRUE,11,11-25,FALSE,Office Management
1019,Pulpix,2016,2015-2024,Acquired,Successful,USA,TRUE,15,11-25,FALSE,B2B
1019,Pulpix,2016,2015-2024,Acquired,Successful,USA,TRUE,15,11-25,FALSE,Marketing
1017,MineralSoft,2016,2015-2024,Acquired,Successful,USA,TRUE,35,26-100,FALSE,Industrials
1017,MineralSoft,2016,2015-2024,Acquired,Successful,USA,TRUE,35,26-100,FALSE,Energy
1014,Luminist Labs,2016,2015-2024,Acquired,Successful,USA,TRUE,2,1-5,FALSE,Healthcare
1014,Luminist Labs,2016,2015-2024,Acquired,Successful,USA,TRUE,2,1-5,FALSE,Diagnostics
1013,LendEDU,2016,2015-2024,Acquired,Successful,USA,TRUE,10,6-10,FALSE,Education
1004,Able Health,2016,2015-2024,Acquired,Successful,USA,TRUE,11,11-25,FALSE,Healthcare
1004,Able Health,2016,2015-2024,Acquired,Successful,USA,TRUE,11,11-25,FALSE,Healthcare IT
1000,Loop Genomics,2016,2015-2024,Acquired,Successful,USA,TRUE,7,6-10,FALSE,Healthcare
1000,Loop Genomics,2016,2015-2024,Acquired,Successful,USA,TRUE,7,6-10,FALSE,Diagnostics
998,Algoriz,2016,2015-2024,Inactive,Failed,USA,TRUE,4,1-5,FALSE,Fintech
998,Algoriz,2016,2015-2024,Inactive,Failed,USA,TRUE,4,1-5,FALSE,Asset Management
986,AlphaFlow,2016,2015-2024,Inactive,Failed,USA,TRUE,26,26-100,FALSE,Fintech
986,AlphaFlow,2016,2015-2024,Inactive,Failed,USA,TRUE,26,26-100,FALSE,Asset Management
983,VINEBOX (Usual Beverage Co.),2016,2015-2024,Inactive,Failed,USA,TRUE,11,11-25,FALSE,Consumer
983,VINEBOX (Usual Beverage Co.),2016,2015-2024,Inactive,Failed,USA,TRUE,11,11-25,FALSE,Food and Beverage
980,Magic Instruments,2016,2015-2024,Inactive,Failed,USA,TRUE,2,1-5,FALSE,Consumer
980,Magic Instruments,2016,2015-2024,Inactive,Failed,USA,TRUE,2,1-5,FALSE,Consumer Electronics
976,Compgun,2016,2015-2024,Inactive,Failed,USA,TRUE,11,11-25,FALSE,B2B
976,Compgun,2016,2015-2024,Inactive,Failed,USA,TRUE,11,11-25,FALSE,Human Resources
1095,PhysioHealth,2016,2015-2024,Inactive,Failed,USA,TRUE,2,1-5,FALSE,Healthcare
1095,PhysioHealth,2016,2015-2024,Inactive,Failed,USA,TRUE,2,1-5,FALSE,Healthcare Services
1087,Modal,2016,2015-2024,Inactive,Failed,USA,TRUE,18,11-25,FALSE,B2B
1087,Modal,2016,2015-2024,Inactive,Failed,USA,TRUE,18,11-25,FALSE,Retail
1085,Streamup,2016,2015-2024,Inactive,Failed,USA,TRUE,2,1-5,FALSE,Consumer
1085,Streamup,2016,2015-2024,Inactive,Failed,USA,TRUE,2,1-5,FALSE,Social
1083,StrongIntro,2016,2015-2024,Inactive,Failed,USA,TRUE,2,1-5,FALSE,B2B
1083,StrongIntro,2016,2015-2024,Inactive,Failed,USA,TRUE,2,1-5,FALSE,Recruiting and Talent
1077,Index,2016,2015-2024,Inactive,Failed,USA,TRUE,5,1-5,FALSE,B2B
1077,Index,2016,2015-2024,Inactive,Failed,USA,TRUE,5,1-5,FALSE,Sales
1075,Unnyhog,2016,2015-2024,Inactive,Failed,USA,TRUE,1,1-5,FALSE,Consumer
1075,Unnyhog,2016,2015-2024,Inactive,Failed,USA,TRUE,1,1-5,FALSE,Gaming
1073,Pathmind,2016,2015-2024,Inactive,Failed,USA,TRUE,15,11-25,FALSE,B2B
1073,Pathmind,2016,2015-2024,Inactive,Failed,USA,TRUE,15,11-25,FALSE,"Engineering, Product and Design"
1072,Silver,2016,2015-2024,Inactive,Failed,USA,TRUE,0,NA,FALSE,Consumer
1072,Silver,2016,2015-2024,Inactive,Failed,USA,TRUE,0,NA,FALSE,Consumer Electronics
1070,Restocks,2016,2015-2024,Inactive,Failed,USA,TRUE,2,1-5,FALSE,Consumer
1070,Restocks,2016,2015-2024,Inactive,Failed,USA,TRUE,2,1-5,FALSE,Apparel and Cosmetics
1069,Real Artists,2016,2015-2024,Inactive,Failed,,FALSE,2,1-5,FALSE,B2B
1069,Real Artists,2016,2015-2024,Inactive,Failed,,FALSE,2,1-5,FALSE,"Engineering, Product and Design"
1066,Kisan Network,2016,2015-2024,Inactive,Failed,India,FALSE,75,26-100,FALSE,Industrials
1066,Kisan Network,2016,2015-2024,Inactive,Failed,India,FALSE,75,26-100,FALSE,Agriculture
1064,Georgette Packaging,2016,2015-2024,Inactive,Failed,Canada,FALSE,15,11-25,FALSE,B2B
1064,Georgette Packaging,2016,2015-2024,Inactive,Failed,Canada,FALSE,15,11-25,FALSE,Supply Chain and Logistics
1062,Cover,2016,2015-2024,Inactive,Failed,USA,TRUE,50,26-100,FALSE,Fintech
1062,Cover,2016,2015-2024,Inactive,Failed,USA,TRUE,50,26-100,FALSE,Insurance
1061,Envyl,2016,2015-2024,Inactive,Failed,USA,TRUE,2,1-5,FALSE,Consumer
1061,Envyl,2016,2015-2024,Inactive,Failed,USA,TRUE,2,1-5,FALSE,Home and Personal
1060,Elucify,2016,2015-2024,Inactive,Failed,USA,TRUE,11,11-25,FALSE,B2B
1060,Elucify,2016,2015-2024,Inactive,Failed,USA,TRUE,11,11-25,FALSE,Sales
1059,TRAC,2016,2015-2024,Inactive,Failed,USA,TRUE,2,1-5,FALSE,Healthcare
1059,TRAC,2016,2015-2024,Inactive,Failed,USA,TRUE,2,1-5,FALSE,Consumer Health and Wellness
1046,Anchor Health,2016,2015-2024,Inactive,Failed,USA,TRUE,2,1-5,FALSE,Healthcare
1046,Anchor Health,2016,2015-2024,Inactive,Failed,USA,TRUE,2,1-5,FALSE,Healthcare IT
1045,Poppy,2016,2015-2024,Inactive,Failed,USA,TRUE,2,1-5,FALSE,Consumer
1045,Poppy,2016,2015-2024,Inactive,Failed,USA,TRUE,2,1-5,FALSE,Home and Personal
1040,Patchwork Security,2016,2015-2024,Inactive,Failed,USA,TRUE,2,1-5,FALSE,B2B
1040,Patchwork Security,2016,2015-2024,Inactive,Failed,USA,TRUE,2,1-5,FALSE,Security
1039,Interstate Analytics,2016,2015-2024,Inactive,Failed,USA,TRUE,2,1-5,FALSE,B2B
1039,Interstate Analytics,2016,2015-2024,Inactive,Failed,USA,TRUE,2,1-5,FALSE,Analytics
1035,ConstructVR,2016,2015-2024,Inactive,Failed,USA,TRUE,2,1-5,FALSE,Consumer
1035,ConstructVR,2016,2015-2024,Inactive,Failed,USA,TRUE,2,1-5,FALSE,Virtual and Augmented Reality
1031,Castle,2016,2015-2024,Inactive,Failed,USA,TRUE,11,11-25,FALSE,Real Estate and Construction
1031,Castle,2016,2015-2024,Inactive,Failed,USA,TRUE,11,11-25,FALSE,Housing and Real Estate
1029,Monthli,2016,2015-2024,Inactive,Failed,USA,TRUE,4,1-5,FALSE,Real Estate and Construction
1029,Monthli,2016,2015-2024,Inactive,Failed,USA,TRUE,4,1-5,FALSE,Housing and Real Estate
1027,Start Closing,2016,2015-2024,Inactive,Failed,USA,TRUE,2,1-5,FALSE,Real Estate and Construction
1027,Start Closing,2016,2015-2024,Inactive,Failed,USA,TRUE,2,1-5,FALSE,Construction
1026,Open Motors,2016,2015-2024,Inactive,Failed,USA,TRUE,11,11-25,FALSE,Industrials
1026,Open Motors,2016,2015-2024,Inactive,Failed,USA,TRUE,11,11-25,FALSE,Automotive
1024,Enflux,2016,2015-2024,Inactive,Failed,USA,TRUE,2,1-5,FALSE,Healthcare
1024,Enflux,2016,2015-2024,Inactive,Failed,USA,TRUE,2,1-5,FALSE,Consumer Health and Wellness
1023,Unima,2016,2015-2024,Inactive,Failed,Mexico,FALSE,26,26-100,FALSE,Healthcare
1023,Unima,2016,2015-2024,Inactive,Failed,Mexico,FALSE,26,26-100,FALSE,Diagnostics
1022,Bus.com,2016,2015-2024,Inactive,Failed,Canada,FALSE,90,26-100,FALSE,B2B
1012,Inevitable Tech,2016,2015-2024,Inactive,Failed,USA,TRUE,80,26-100,FALSE,Industrials
1012,Inevitable Tech,2016,2015-2024,Inactive,Failed,USA,TRUE,80,26-100,FALSE,Agriculture
1011,InnoVein,2016,2015-2024,Inactive,Failed,USA,TRUE,5,1-5,FALSE,Healthcare
1011,InnoVein,2016,2015-2024,Inactive,Failed,USA,TRUE,5,1-5,FALSE,Medical Devices
1008,DoseDr,2016,2015-2024,Inactive,Failed,USA,TRUE,2,1-5,FALSE,Healthcare
1008,DoseDr,2016,2015-2024,Inactive,Failed,USA,TRUE,2,1-5,FALSE,Consumer Health and Wellness
1006,Chillabit,2016,2015-2024,Inactive,Failed,USA,TRUE,3,1-5,FALSE,Consumer
1006,Chillabit,2016,2015-2024,Inactive,Failed,USA,TRUE,3,1-5,FALSE,Social
1003,WorldCover,2016,2015-2024,Inactive,Failed,USA,TRUE,20,11-25,FALSE,Fintech
1003,WorldCover,2016,2015-2024,Inactive,Failed,USA,TRUE,20,11-25,FALSE,Insurance
1002,UpLabs,2016,2015-2024,Inactive,Failed,USA,TRUE,1,1-5,FALSE,B2B
1002,UpLabs,2016,2015-2024,Inactive,Failed,USA,TRUE,1,1-5,FALSE,"Engineering, Product and Design"
1001,Toymail,2016,2015-2024,Inactive,Failed,USA,TRUE,2,1-5,FALSE,Consumer
1001,Toymail,2016,2015-2024,Inactive,Failed,USA,TRUE,2,1-5,FALSE,Consumer Electronics
1556,Brex,2017,2015-2024,Active,Surviving,USA,TRUE,1000,500+,TRUE,Fintech
1556,Brex,2017,2015-2024,Active,Surviving,USA,TRUE,1000,500+,TRUE,Banking and Exchange
1480,Clipboard,2017,2015-2024,Active,Surviving,USA,TRUE,1000,500+,TRUE,Consumer
1543,Faire,2017,2015-2024,Active,Surviving,USA,TRUE,900,500+,TRUE,B2B
1543,Faire,2017,2015-2024,Active,Surviving,USA,TRUE,900,500+,TRUE,Retail
1451,Rippling,2017,2015-2024,Active,Surviving,USA,TRUE,2500,500+,TRUE,B2B
1451,Rippling,2017,2015-2024,Active,Surviving,USA,TRUE,2500,500+,TRUE,Human Resources
1581,Sigma Genetics,2017,2015-2024,Active,Surviving,USA,TRUE,2,1-5,FALSE,Healthcare
1581,Sigma Genetics,2017,2015-2024,Active,Surviving,USA,TRUE,2,1-5,FALSE,Therapeutics
1575,ACLU,2017,2015-2024,Active,Surviving,USA,TRUE,501,500+,FALSE,Unspecified
1564,Retool,2017,2015-2024,Active,Surviving,USA,TRUE,300,101-500,FALSE,B2B
1564,Retool,2017,2015-2024,Active,Surviving,USA,TRUE,300,101-500,FALSE,Productivity
1560,Helix Nanotechnologies,2017,2015-2024,Active,Surviving,USA,TRUE,22,11-25,FALSE,Healthcare
1560,Helix Nanotechnologies,2017,2015-2024,Active,Surviving,USA,TRUE,22,11-25,FALSE,Drug Discovery and Delivery
1557,Mirror AI,2017,2015-2024,Active,Surviving,USA,TRUE,7,6-10,FALSE,Consumer
1557,Mirror AI,2017,2015-2024,Active,Surviving,USA,TRUE,7,6-10,FALSE,Social
1555,Dost Education,2017,2015-2024,Active,Surviving,India,FALSE,30,26-100,FALSE,Education
1554,"Lively, Inc.",2017,2015-2024,Active,Surviving,USA,TRUE,195,101-500,FALSE,Healthcare
1554,"Lively, Inc.",2017,2015-2024,Active,Surviving,USA,TRUE,195,101-500,FALSE,Healthcare IT
1552,The Centre for Effective Altruism,2017,2015-2024,Active,Surviving,United Kingdom,FALSE,15,11-25,FALSE,Unspecified
1551,Indee Labs,2017,2015-2024,Active,Surviving,USA,TRUE,5,1-5,FALSE,Healthcare
1551,Indee Labs,2017,2015-2024,Active,Surviving,USA,TRUE,5,1-5,FALSE,Drug Discovery and Delivery
1540,OneFin,2017,2015-2024,Active,Surviving,India,FALSE,50,26-100,FALSE,Fintech
1540,OneFin,2017,2015-2024,Active,Surviving,India,FALSE,50,26-100,FALSE,Credit and Lending
1535,"Wifi Dabba, Inc.",2017,2015-2024,Active,Surviving,India,FALSE,21,11-25,FALSE,Consumer
1532,Delee,2017,2015-2024,Active,Surviving,Mexico,FALSE,18,11-25,FALSE,Healthcare
1532,Delee,2017,2015-2024,Active,Surviving,Mexico,FALSE,18,11-25,FALSE,Diagnostics
1530,NanoNets,2017,2015-2024,Active,Surviving,USA,TRUE,102,101-500,FALSE,B2B
1530,NanoNets,2017,2015-2024,Active,Surviving,USA,TRUE,102,101-500,FALSE,Productivity
1528,BIOS Health,2017,2015-2024,Active,Surviving,United Kingdom,FALSE,45,26-100,FALSE,Healthcare
1527,Nomba,2017,2015-2024,Active,Surviving,Nigeria,FALSE,200,101-500,FALSE,Fintech
1527,Nomba,2017,2015-2024,Active,Surviving,Nigeria,FALSE,200,101-500,FALSE,Payments
1524,AON3D,2017,2015-2024,Active,Surviving,Canada,FALSE,40,26-100,FALSE,Industrials
1524,AON3D,2017,2015-2024,Active,Surviving,Canada,FALSE,40,26-100,FALSE,Manufacturing and Robotics
1522,BuyPower,2017,2015-2024,Active,Surviving,Nigeria,FALSE,115,101-500,FALSE,Industrials
1522,BuyPower,2017,2015-2024,Active,Surviving,Nigeria,FALSE,115,101-500,FALSE,Climate
1521,Apozy,2017,2015-2024,Active,Surviving,USA,TRUE,9,6-10,FALSE,B2B
1521,Apozy,2017,2015-2024,Active,Surviving,USA,TRUE,9,6-10,FALSE,Security
1520,Reliance Health,2017,2015-2024,Active,Surviving,Nigeria,FALSE,384,101-500,FALSE,Healthcare
1520,Reliance Health,2017,2015-2024,Active,Surviving,Nigeria,FALSE,384,101-500,FALSE,Healthcare Services
1519,Hogaru,2017,2015-2024,Active,Surviving,Colombia,FALSE,746,500+,FALSE,Consumer
1519,Hogaru,2017,2015-2024,Active,Surviving,Colombia,FALSE,746,500+,FALSE,Home and Personal
1517,Plane,2017,2015-2024,Active,Surviving,USA,TRUE,30,26-100,FALSE,B2B
1517,Plane,2017,2015-2024,Active,Surviving,USA,TRUE,30,26-100,FALSE,Human Resources
1515,Bitrise,2017,2015-2024,Active,Surviving,Hungary,FALSE,243,101-500,FALSE,B2B
1515,Bitrise,2017,2015-2024,Active,Surviving,Hungary,FALSE,243,101-500,FALSE,Infrastructure
1513,Solugen,2017,2015-2024,Active,Surviving,USA,TRUE,200,101-500,FALSE,Healthcare
1513,Solugen,2017,2015-2024,Active,Surviving,USA,TRUE,200,101-500,FALSE,Industrial Bio
1512,Bulk MRO Industrial Supply,2017,2015-2024,Active,Surviving,USA,TRUE,170,101-500,FALSE,B2B
1512,Bulk MRO Industrial Supply,2017,2015-2024,Active,Surviving,USA,TRUE,170,101-500,FALSE,Supply Chain and Logistics
1510,FastJVM,2017,2015-2024,Active,Surviving,USA,TRUE,3,1-5,FALSE,B2B
1510,FastJVM,2017,2015-2024,Active,Surviving,USA,TRUE,3,1-5,FALSE,Marketing
1509,AlemHealth,2017,2015-2024,Active,Surviving,Singapore,FALSE,25,11-25,FALSE,Healthcare
1509,AlemHealth,2017,2015-2024,Active,Surviving,Singapore,FALSE,25,11-25,FALSE,Healthcare Services
1507,Request Network,2017,2015-2024,Active,Surviving,France,FALSE,12,11-25,FALSE,Fintech
1507,Request Network,2017,2015-2024,Active,Surviving,France,FALSE,12,11-25,FALSE,Payments
1506,Collectly,2017,2015-2024,Active,Surviving,USA,TRUE,106,101-500,FALSE,Healthcare
1506,Collectly,2017,2015-2024,Active,Surviving,USA,TRUE,106,101-500,FALSE,Healthcare IT
1503,Aella,2017,2015-2024,Active,Surviving,Nigeria,FALSE,60,26-100,FALSE,Fintech
1503,Aella,2017,2015-2024,Active,Surviving,Nigeria,FALSE,60,26-100,FALSE,Credit and Lending
1502,Tolemi,2017,2015-2024,Active,Surviving,USA,TRUE,20,11-25,FALSE,Real Estate and Construction
1502,Tolemi,2017,2015-2024,Active,Surviving,USA,TRUE,20,11-25,FALSE,Housing and Real Estate
1500,Wright Electric,2017,2015-2024,Active,Surviving,USA,TRUE,4,1-5,FALSE,Industrials
1500,Wright Electric,2017,2015-2024,Active,Surviving,USA,TRUE,4,1-5,FALSE,Aviation and Space
1498,"Veryfi, Inc.",2017,2015-2024,Active,Surviving,USA,TRUE,70,26-100,FALSE,B2B
1496,Mednet,2017,2015-2024,Active,Surviving,USA,TRUE,35,26-100,FALSE,Healthcare
1496,Mednet,2017,2015-2024,Active,Surviving,USA,TRUE,35,26-100,FALSE,Healthcare IT
1490,Snappr,2017,2015-2024,Active,Surviving,USA,TRUE,250,101-500,FALSE,B2B
1488,Token Transit,2017,2015-2024,Active,Surviving,USA,TRUE,12,11-25,FALSE,Government
1487,Ambient.ai,2017,2015-2024,Active,Surviving,USA,TRUE,95,26-100,FALSE,B2B
1487,Ambient.ai,2017,2015-2024,Active,Surviving,USA,TRUE,95,26-100,FALSE,Security
1484,RankScience,2017,2015-2024,Active,Surviving,USA,TRUE,16,11-25,FALSE,B2B
1484,RankScience,2017,2015-2024,Active,Surviving,USA,TRUE,16,11-25,FALSE,Marketing
1475,The Essential,2017,2015-2024,Active,Surviving,USA,TRUE,11,11-25,FALSE,Consumer
1473,Upcall,2017,2015-2024,Active,Surviving,USA,TRUE,6,6-10,FALSE,B2B
1473,Upcall,2017,2015-2024,Active,Surviving,USA,TRUE,6,6-10,FALSE,Sales
1468,Nuvola,2017,2015-2024,Active,Surviving,USA,TRUE,4,1-5,FALSE,Industrials
1468,Nuvola,2017,2015-2024,Active,Surviving,USA,TRUE,4,1-5,FALSE,Energy
1464,Ledger Investing,2017,2015-2024,Active,Surviving,United States,TRUE,85,26-100,FALSE,Fintech
1464,Ledger Investing,2017,2015-2024,Active,Surviving,United States,TRUE,85,26-100,FALSE,Insurance
1463,REZI,2017,2015-2024,Active,Surviving,USA,TRUE,31,26-100,FALSE,Real Estate and Construction
1463,REZI,2017,2015-2024,Active,Surviving,USA,TRUE,31,26-100,FALSE,Housing and Real Estate
1462,Extern,2017,2015-2024,Active,Surviving,USA,TRUE,30,26-100,FALSE,Consumer
1462,Extern,2017,2015-2024,Active,Surviving,USA,TRUE,30,26-100,FALSE,Job and Career Services
1461,MDalgorithms Inc.,2017,2015-2024,Active,Surviving,USA,TRUE,40,26-100,FALSE,Healthcare
1461,MDalgorithms Inc.,2017,2015-2024,Active,Surviving,USA,TRUE,40,26-100,FALSE,Consumer Health and Wellness
1458,BloomAPI,2017,2015-2024,Active,Surviving,USA,TRUE,7,6-10,FALSE,Healthcare
1458,BloomAPI,2017,2015-2024,Active,Surviving,USA,TRUE,7,6-10,FALSE,Healthcare IT
1455,Sleep Reset,2017,2015-2024,Active,Surviving,USA,TRUE,8,6-10,FALSE,Healthcare
1455,Sleep Reset,2017,2015-2024,Active,Surviving,USA,TRUE,8,6-10,FALSE,Healthcare Services
1448,Sinovia Technologies,2017,2015-2024,Active,Surviving,USA,TRUE,7,6-10,FALSE,Industrials
1448,Sinovia Technologies,2017,2015-2024,Active,Surviving,USA,TRUE,7,6-10,FALSE,Manufacturing and Robotics
1444,Bountiful,2017,2015-2024,Active,Surviving,USA,TRUE,4,1-5,FALSE,Industrials
1444,Bountiful,2017,2015-2024,Active,Surviving,USA,TRUE,4,1-5,FALSE,Agriculture
1443,Speak,2017,2015-2024,Active,Surviving,USA,TRUE,40,26-100,FALSE,Consumer
1443,Speak,2017,2015-2024,Active,Surviving,USA,TRUE,40,26-100,FALSE,Social
1442,Tizeti,2017,2015-2024,Active,Surviving,Nigeria,FALSE,0,NA,FALSE,Consumer
1442,Tizeti,2017,2015-2024,Active,Surviving,Nigeria,FALSE,0,NA,FALSE,Home and Personal
1438,Voiceops,2017,2015-2024,Active,Surviving,USA,TRUE,10,6-10,FALSE,B2B
1438,Voiceops,2017,2015-2024,Active,Surviving,USA,TRUE,10,6-10,FALSE,Sales
1573,Humi,2017,2015-2024,Acquired,Successful,Canada,FALSE,141,101-500,FALSE,B2B
1573,Humi,2017,2015-2024,Acquired,Successful,Canada,FALSE,141,101-500,FALSE,Human Resources
1563,ScopeAI,2017,2015-2024,Acquired,Successful,USA,TRUE,4,1-5,FALSE,B2B
1563,ScopeAI,2017,2015-2024,Acquired,Successful,USA,TRUE,4,1-5,FALSE,Operations
1559,Peer5,2017,2015-2024,Acquired,Successful,USA,TRUE,11,11-25,FALSE,B2B
1559,Peer5,2017,2015-2024,Acquired,Successful,USA,TRUE,11,11-25,FALSE,Infrastructure
1549,KidPass,2017,2015-2024,Acquired,Successful,USA,TRUE,21,11-25,FALSE,Education
1541,UpKeep,2017,2015-2024,Acquired,Successful,USA,TRUE,150,101-500,FALSE,B2B
1541,UpKeep,2017,2015-2024,Acquired,Successful,USA,TRUE,150,101-500,FALSE,Office Management
1539,Playment,2017,2015-2024,Acquired,Successful,India,FALSE,50,26-100,FALSE,B2B
1539,Playment,2017,2015-2024,Acquired,Successful,India,FALSE,50,26-100,FALSE,"Engineering, Product and Design"
1536,Terark,2017,2015-2024,Acquired,Successful,China,FALSE,2,1-5,FALSE,B2B
1536,Terark,2017,2015-2024,Acquired,Successful,China,FALSE,2,1-5,FALSE,Infrastructure
1529,ZipX,2017,2015-2024,Acquired,Successful,USA,TRUE,1,1-5,FALSE,Consumer
1529,ZipX,2017,2015-2024,Acquired,Successful,USA,TRUE,1,1-5,FALSE,Food and Beverage
1526,Bulletin,2017,2015-2024,Acquired,Successful,USA,TRUE,15,11-25,FALSE,B2B
1526,Bulletin,2017,2015-2024,Acquired,Successful,USA,TRUE,15,11-25,FALSE,Retail
1525,Breaker,2017,2015-2024,Acquired,Successful,USA,TRUE,1,1-5,FALSE,Consumer
1525,Breaker,2017,2015-2024,Acquired,Successful,USA,TRUE,1,1-5,FALSE,Content
1516,Tetra,2017,2015-2024,Acquired,Successful,USA,TRUE,2,1-5,FALSE,B2B
1516,Tetra,2017,2015-2024,Acquired,Successful,USA,TRUE,2,1-5,FALSE,Productivity
1514,WaystoCap,2017,2015-2024,Acquired,Successful,Morocco,FALSE,38,26-100,FALSE,B2B
1514,WaystoCap,2017,2015-2024,Acquired,Successful,Morocco,FALSE,38,26-100,FALSE,Office Management
1511,Supr Daily,2017,2015-2024,Acquired,Successful,India,FALSE,NA,NA,FALSE,Consumer
1511,Supr Daily,2017,2015-2024,Acquired,Successful,India,FALSE,NA,NA,FALSE,Food and Beverage
1505,Hivy,2017,2015-2024,Acquired,Successful,USA,TRUE,0,NA,FALSE,B2B
1505,Hivy,2017,2015-2024,Acquired,Successful,USA,TRUE,0,NA,FALSE,Office Management
1489,Penny,2017,2015-2024,Acquired,Successful,USA,TRUE,2,1-5,FALSE,Fintech
1489,Penny,2017,2015-2024,Acquired,Successful,USA,TRUE,2,1-5,FALSE,Consumer Finance
1486,Armory,2017,2015-2024,Acquired,Successful,USA,TRUE,90,26-100,FALSE,B2B
1486,Armory,2017,2015-2024,Acquired,Successful,USA,TRUE,90,26-100,FALSE,Infrastructure
1482,Sandbox Banking,2017,2015-2024,Acquired,Successful,USA,TRUE,33,26-100,FALSE,Fintech
1482,Sandbox Banking,2017,2015-2024,Acquired,Successful,USA,TRUE,33,26-100,FALSE,Banking and Exchange
1479,Wavy,2017,2015-2024,Acquired,Successful,USA,TRUE,0,NA,FALSE,Consumer
1479,Wavy,2017,2015-2024,Acquired,Successful,USA,TRUE,0,NA,FALSE,Virtual and Augmented Reality
1478,Fiix,2017,2015-2024,Acquired,Successful,Canada,FALSE,2,1-5,FALSE,Consumer
1478,Fiix,2017,2015-2024,Acquired,Successful,Canada,FALSE,2,1-5,FALSE,Transportation Services
1466,Scaphold.io,2017,2015-2024,Acquired,Successful,USA,TRUE,2,1-5,FALSE,B2B
1466,Scaphold.io,2017,2015-2024,Acquired,Successful,USA,TRUE,2,1-5,FALSE,"Engineering, Product and Design"
1459,Soomgo,2017,2015-2024,Acquired,Successful,South Korea,FALSE,125,101-500,FALSE,Consumer
1459,Soomgo,2017,2015-2024,Acquired,Successful,South Korea,FALSE,125,101-500,FALSE,Home and Personal
1457,Volansi,2017,2015-2024,Acquired,Successful,USA,TRUE,85,26-100,FALSE,Industrials
1457,Volansi,2017,2015-2024,Acquired,Successful,USA,TRUE,85,26-100,FALSE,Drones
1456,Shipamax,2017,2015-2024,Acquired,Successful,United Kingdom,FALSE,32,26-100,FALSE,B2B
1456,Shipamax,2017,2015-2024,Acquired,Successful,United Kingdom,FALSE,32,26-100,FALSE,Supply Chain and Logistics
1454,Arthena,2017,2015-2024,Acquired,Successful,USA,TRUE,12,11-25,FALSE,Fintech
1454,Arthena,2017,2015-2024,Acquired,Successful,USA,TRUE,12,11-25,FALSE,Asset Management
1452,lvl5,2017,2015-2024,Acquired,Successful,USA,TRUE,6,6-10,FALSE,Industrials
1452,lvl5,2017,2015-2024,Acquired,Successful,USA,TRUE,6,6-10,FALSE,Automotive
1450,Loop Support,2017,2015-2024,Acquired,Successful,USA,TRUE,7,6-10,FALSE,B2B
1450,Loop Support,2017,2015-2024,Acquired,Successful,USA,TRUE,7,6-10,FALSE,Recruiting and Talent
1446,Scribe,2017,2015-2024,Acquired,Successful,India,FALSE,15,11-25,FALSE,B2B
1446,Scribe,2017,2015-2024,Acquired,Successful,India,FALSE,15,11-25,FALSE,Sales
1441,Clear Genetics,2017,2015-2024,Acquired,Successful,USA,TRUE,8,6-10,FALSE,Healthcare
1441,Clear Genetics,2017,2015-2024,Acquired,Successful,USA,TRUE,8,6-10,FALSE,Consumer Health and Wellness
1553,No Lean Season,2017,2015-2024,Inactive,Failed,,FALSE,NA,NA,FALSE,Unspecified
1550,Anasen,2017,2015-2024,Inactive,Failed,France,FALSE,15,11-25,FALSE,B2B
1550,Anasen,2017,2015-2024,Inactive,Failed,France,FALSE,15,11-25,FALSE,Analytics
1547,Niles,2017,2015-2024,Inactive,Failed,USA,TRUE,2,1-5,FALSE,B2B
1547,Niles,2017,2015-2024,Inactive,Failed,USA,TRUE,2,1-5,FALSE,Productivity
1542,SourceBeacon,2017,2015-2024,Inactive,Failed,,FALSE,5,1-5,FALSE,Consumer
1542,SourceBeacon,2017,2015-2024,Inactive,Failed,,FALSE,5,1-5,FALSE,Home and Personal
1538,Voodoo Manufacturing,2017,2015-2024,Inactive,Failed,USA,TRUE,19,11-25,FALSE,Industrials
1538,Voodoo Manufacturing,2017,2015-2024,Inactive,Failed,USA,TRUE,19,11-25,FALSE,Manufacturing and Robotics
1534,Bicycle AI,2017,2015-2024,Inactive,Failed,India,FALSE,11,11-25,FALSE,B2B
1534,Bicycle AI,2017,2015-2024,Inactive,Failed,India,FALSE,11,11-25,FALSE,Operations
1533,Marketfox,2017,2015-2024,Inactive,Failed,USA,TRUE,2,1-5,FALSE,B2B
1533,Marketfox,2017,2015-2024,Inactive,Failed,USA,TRUE,2,1-5,FALSE,Marketing
1523,Smart Alto,2017,2015-2024,Inactive,Failed,USA,TRUE,8,6-10,FALSE,Real Estate and Construction
1523,Smart Alto,2017,2015-2024,Inactive,Failed,USA,TRUE,8,6-10,FALSE,Housing and Real Estate
1518,FloydHub,2017,2015-2024,Inactive,Failed,USA,TRUE,4,1-5,FALSE,B2B
1518,FloydHub,2017,2015-2024,Inactive,Failed,USA,TRUE,4,1-5,FALSE,"Engineering, Product and Design"
1508,Neema,2017,2015-2024,Inactive,Failed,Israel,FALSE,2,1-5,FALSE,Fintech
1508,Neema,2017,2015-2024,Inactive,Failed,Israel,FALSE,2,1-5,FALSE,Consumer Finance
1504,Arylla,2017,2015-2024,Inactive,Failed,Canada,FALSE,6,6-10,FALSE,Industrials
1504,Arylla,2017,2015-2024,Inactive,Failed,Canada,FALSE,6,6-10,FALSE,Manufacturing and Robotics
1497,Firsthand,2017,2015-2024,Inactive,Failed,,FALSE,2,1-5,FALSE,B2B
1497,Firsthand,2017,2015-2024,Inactive,Failed,,FALSE,2,1-5,FALSE,Retail
1495,Rally Tennis,2017,2015-2024,Inactive,Failed,USA,TRUE,3,1-5,FALSE,Consumer
1493,Sycamore,2017,2015-2024,Inactive,Failed,,FALSE,2,1-5,FALSE,B2B
1493,Sycamore,2017,2015-2024,Inactive,Failed,,FALSE,2,1-5,FALSE,Recruiting and Talent
1492,Fibo,2017,2015-2024,Inactive,Failed,USA,TRUE,15,11-25,FALSE,B2B
1492,Fibo,2017,2015-2024,Inactive,Failed,USA,TRUE,15,11-25,FALSE,Productivity
1491,InnaMed,2017,2015-2024,Inactive,Failed,USA,TRUE,7,6-10,FALSE,Healthcare
1491,InnaMed,2017,2015-2024,Inactive,Failed,USA,TRUE,7,6-10,FALSE,Diagnostics
1485,Volt Health,2017,2015-2024,Inactive,Failed,USA,TRUE,1,1-5,FALSE,Healthcare
1485,Volt Health,2017,2015-2024,Inactive,Failed,USA,TRUE,1,1-5,FALSE,Medical Devices
1483,Entry,2017,2015-2024,Inactive,Failed,USA,TRUE,7,6-10,FALSE,B2B
1483,Entry,2017,2015-2024,Inactive,Failed,USA,TRUE,7,6-10,FALSE,Productivity
1481,Origin,2017,2015-2024,Inactive,Failed,USA,TRUE,2,1-5,FALSE,B2B
1481,Origin,2017,2015-2024,Inactive,Failed,USA,TRUE,2,1-5,FALSE,Office Management
1477,VanGo,2017,2015-2024,Inactive,Failed,USA,TRUE,8,6-10,FALSE,Consumer
1477,VanGo,2017,2015-2024,Inactive,Failed,USA,TRUE,8,6-10,FALSE,Home and Personal
1476,Sudden Coffee,2017,2015-2024,Inactive,Failed,USA,TRUE,2,1-5,FALSE,Consumer
1476,Sudden Coffee,2017,2015-2024,Inactive,Failed,USA,TRUE,2,1-5,FALSE,Food and Beverage
1474,Tress,2017,2015-2024,Inactive,Failed,Ghana,FALSE,2,1-5,FALSE,Consumer
1474,Tress,2017,2015-2024,Inactive,Failed,Ghana,FALSE,2,1-5,FALSE,Social
1472,Beek,2017,2015-2024,Inactive,Failed,Mexico,FALSE,32,26-100,FALSE,Consumer
1472,Beek,2017,2015-2024,Inactive,Failed,Mexico,FALSE,32,26-100,FALSE,Content
1471,Zinc Platform,2017,2015-2024,Inactive,Failed,USA,TRUE,11,11-25,FALSE,Fintech
1471,Zinc Platform,2017,2015-2024,Inactive,Failed,USA,TRUE,11,11-25,FALSE,Insurance
1467,Cartcam,2017,2015-2024,Inactive,Failed,,FALSE,1,1-5,FALSE,Consumer
1467,Cartcam,2017,2015-2024,Inactive,Failed,,FALSE,1,1-5,FALSE,Home and Personal
1465,Pulse,2017,2015-2024,Inactive,Failed,India,FALSE,30,26-100,FALSE,Healthcare
1465,Pulse,2017,2015-2024,Inactive,Failed,India,FALSE,30,26-100,FALSE,Consumer Health and Wellness
1460,LitHit,2017,2015-2024,Inactive,Failed,,FALSE,2,1-5,FALSE,Consumer
1460,LitHit,2017,2015-2024,Inactive,Failed,,FALSE,2,1-5,FALSE,Consumer Electronics
1453,Pit.AI,2017,2015-2024,Inactive,Failed,USA,TRUE,2,1-5,FALSE,Fintech
1453,Pit.AI,2017,2015-2024,Inactive,Failed,USA,TRUE,2,1-5,FALSE,Asset Management
1449,Riley,2017,2015-2024,Inactive,Failed,USA,TRUE,2,1-5,FALSE,Real Estate and Construction
1449,Riley,2017,2015-2024,Inactive,Failed,USA,TRUE,2,1-5,FALSE,Housing and Real Estate
1447,Pearl,2017,2015-2024,Inactive,Failed,USA,TRUE,0,NA,FALSE,B2B
1447,Pearl,2017,2015-2024,Inactive,Failed,USA,TRUE,0,NA,FALSE,Office Management
1445,Cowlar,2017,2015-2024,Inactive,Failed,USA,TRUE,2,1-5,FALSE,Industrials
1445,Cowlar,2017,2015-2024,Inactive,Failed,USA,TRUE,2,1-5,FALSE,Agriculture
1440,boxouse,2017,2015-2024,Inactive,Failed,USA,TRUE,2,1-5,FALSE,Real Estate and Construction
1440,boxouse,2017,2015-2024,Inactive,Failed,USA,TRUE,2,1-5,FALSE,Housing and Real Estate
1439,Trade,2017,2015-2024,Inactive,Failed,USA,TRUE,3,1-5,FALSE,Industrials
1439,Trade,2017,2015-2024,Inactive,Failed,USA,TRUE,3,1-5,FALSE,Agriculture
809,EquipmentShare,2015,2015-2024,Public,Successful,USA,TRUE,5400,500+,TRUE,Real Estate and Construction
809,EquipmentShare,2015,2015-2024,Public,Successful,USA,TRUE,5400,500+,TRUE,Construction
810,GitLab,2015,2015-2024,Public,Successful,USA,TRUE,2000,500+,TRUE,B2B
810,GitLab,2015,2015-2024,Public,Successful,USA,TRUE,2000,500+,TRUE,"Engineering, Product and Design"
805,Lucira Health,2015,2015-2024,Public,Successful,USA,TRUE,43,26-100,FALSE,Healthcare
805,Lucira Health,2015,2015-2024,Public,Successful,USA,TRUE,43,26-100,FALSE,Diagnostics
767,GrubMarket,2015,2015-2024,Active,Surviving,USA,TRUE,4548,500+,TRUE,B2B
767,GrubMarket,2015,2015-2024,Active,Surviving,USA,TRUE,4548,500+,TRUE,Supply Chain and Logistics
827,Razorpay,2015,2015-2024,Active,Surviving,India,FALSE,2700,500+,TRUE,Fintech
827,Razorpay,2015,2015-2024,Active,Surviving,India,FALSE,2700,500+,TRUE,Payments
857,Shasqi,2015,2015-2024,Active,Surviving,USA,TRUE,28,26-100,FALSE,Healthcare
857,Shasqi,2015,2015-2024,Active,Surviving,USA,TRUE,28,26-100,FALSE,Drug Discovery and Delivery
856,Mashgin,2015,2015-2024,Active,Surviving,USA,TRUE,75,26-100,FALSE,B2B
856,Mashgin,2015,2015-2024,Active,Surviving,USA,TRUE,75,26-100,FALSE,Retail
851,NimbleRx,2015,2015-2024,Active,Surviving,USA,TRUE,130,101-500,FALSE,Healthcare
851,NimbleRx,2015,2015-2024,Active,Surviving,USA,TRUE,130,101-500,FALSE,Consumer Health and Wellness
849,Replika,2015,2015-2024,Active,Surviving,USA,TRUE,28,26-100,FALSE,Consumer
849,Replika,2015,2015-2024,Active,Surviving,USA,TRUE,28,26-100,FALSE,Content
848,Tara AI,2015,2015-2024,Active,Surviving,USA,TRUE,13,11-25,FALSE,B2B
848,Tara AI,2015,2015-2024,Active,Surviving,USA,TRUE,13,11-25,FALSE,Productivity
847,Flip,2015,2015-2024,Active,Surviving,USA,TRUE,NA,NA,FALSE,Consumer
847,Flip,2015,2015-2024,Active,Surviving,USA,TRUE,NA,NA,FALSE,Apparel and Cosmetics
840,X-Zell,2015,2015-2024,Active,Surviving,Singapore,FALSE,19,11-25,FALSE,Healthcare
840,X-Zell,2015,2015-2024,Active,Surviving,Singapore,FALSE,19,11-25,FALSE,Diagnostics
834,Zenflow,2015,2015-2024,Active,Surviving,USA,TRUE,18,11-25,FALSE,Healthcare
834,Zenflow,2015,2015-2024,Active,Surviving,USA,TRUE,18,11-25,FALSE,Medical Devices
833,Tab,2015,2015-2024,Active,Surviving,United Kingdom,FALSE,9,6-10,FALSE,Consumer
833,Tab,2015,2015-2024,Active,Surviving,United Kingdom,FALSE,9,6-10,FALSE,"Travel, Leisure and Tourism"
817,Meadow,2015,2015-2024,Active,Surviving,USA,TRUE,14,11-25,FALSE,B2B
817,Meadow,2015,2015-2024,Active,Surviving,USA,TRUE,14,11-25,FALSE,Retail
815,Level Frames,2015,2015-2024,Active,Surviving,USA,TRUE,5,1-5,FALSE,Consumer
815,Level Frames,2015,2015-2024,Active,Surviving,USA,TRUE,5,1-5,FALSE,Home and Personal
813,Industrial Microbes,2015,2015-2024,Active,Surviving,USA,TRUE,12,11-25,FALSE,Healthcare
813,Industrial Microbes,2015,2015-2024,Active,Surviving,USA,TRUE,12,11-25,FALSE,Industrial Bio
811,Giveffect,2015,2015-2024,Active,Surviving,USA,TRUE,NA,NA,FALSE,B2B
811,Giveffect,2015,2015-2024,Active,Surviving,USA,TRUE,NA,NA,FALSE,Finance and Accounting
808,eBrandvalue,2015,2015-2024,Active,Surviving,USA,TRUE,10,6-10,FALSE,B2B
808,eBrandvalue,2015,2015-2024,Active,Surviving,USA,TRUE,10,6-10,FALSE,Marketing
807,Quantierra,2015,2015-2024,Active,Surviving,USA,TRUE,5,1-5,FALSE,Real Estate and Construction
807,Quantierra,2015,2015-2024,Active,Surviving,USA,TRUE,5,1-5,FALSE,Housing and Real Estate
802,Cleanly,2015,2015-2024,Active,Surviving,USA,TRUE,40,26-100,FALSE,Consumer
802,Cleanly,2015,2015-2024,Active,Surviving,USA,TRUE,40,26-100,FALSE,Home and Personal
797,Resolve,2015,2015-2024,Active,Surviving,USA,TRUE,10,6-10,FALSE,Real Estate and Construction
797,Resolve,2015,2015-2024,Active,Surviving,USA,TRUE,10,6-10,FALSE,Construction
791,Makrwatch,2015,2015-2024,Active,Surviving,USA,TRUE,19,11-25,FALSE,B2B
791,Makrwatch,2015,2015-2024,Active,Surviving,USA,TRUE,19,11-25,FALSE,Marketing
790,TeamNote,2015,2015-2024,Active,Surviving,Hong Kong,FALSE,11,11-25,FALSE,B2B
790,TeamNote,2015,2015-2024,Active,Surviving,Hong Kong,FALSE,11,11-25,FALSE,Productivity
789,Tempo,2015,2015-2024,Active,Surviving,USA,TRUE,158,101-500,FALSE,Healthcare
789,Tempo,2015,2015-2024,Active,Surviving,USA,TRUE,158,101-500,FALSE,Consumer Health and Wellness
787,SIRUM,2015,2015-2024,Active,Surviving,USA,TRUE,15,11-25,FALSE,Unspecified
786,Sails Co.,2015,2015-2024,Active,Surviving,USA,TRUE,4,1-5,FALSE,B2B
786,Sails Co.,2015,2015-2024,Active,Surviving,USA,TRUE,4,1-5,FALSE,"Engineering, Product and Design"
782,ReadMe,2015,2015-2024,Active,Surviving,USA,TRUE,52,26-100,FALSE,B2B
782,ReadMe,2015,2015-2024,Active,Surviving,USA,TRUE,52,26-100,FALSE,"Engineering, Product and Design"
781,BuildScience,2015,2015-2024,Active,Surviving,USA,TRUE,1,1-5,FALSE,Real Estate and Construction
781,BuildScience,2015,2015-2024,Active,Surviving,USA,TRUE,1,1-5,FALSE,Housing and Real Estate
774,Platzi,2015,2015-2024,Active,Surviving,USA,TRUE,300,101-500,FALSE,Education
773,Labdoor,2015,2015-2024,Active,Surviving,USA,TRUE,11,11-25,FALSE,Consumer
773,Labdoor,2015,2015-2024,Active,Surviving,USA,TRUE,11,11-25,FALSE,Food and Beverage
764,GiveMeTap,2015,2015-2024,Active,Surviving,United Kingdom,FALSE,1,1-5,FALSE,Consumer
764,GiveMeTap,2015,2015-2024,Active,Surviving,United Kingdom,FALSE,1,1-5,FALSE,Home and Personal
763,Bankjoy,2015,2015-2024,Active,Surviving,USA,TRUE,60,26-100,FALSE,Fintech
763,Bankjoy,2015,2015-2024,Active,Surviving,USA,TRUE,60,26-100,FALSE,Banking and Exchange
762,Zeitview,2015,2015-2024,Active,Surviving,USA,TRUE,200,101-500,FALSE,Industrials
762,Zeitview,2015,2015-2024,Active,Surviving,USA,TRUE,200,101-500,FALSE,Drones
761,The Human Utility,2015,2015-2024,Active,Surviving,USA,TRUE,2,1-5,FALSE,Unspecified
760,Democracy Earth,2015,2015-2024,Active,Surviving,Spain,FALSE,2,1-5,FALSE,Unspecified
756,Numerion Labs,2015,2015-2024,Active,Surviving,USA,TRUE,67,26-100,FALSE,Healthcare
756,Numerion Labs,2015,2015-2024,Active,Surviving,USA,TRUE,67,26-100,FALSE,Drug Discovery and Delivery
755,Bright,2015,2015-2024,Active,Surviving,Mexico,FALSE,100,26-100,FALSE,Industrials
755,Bright,2015,2015-2024,Active,Surviving,Mexico,FALSE,100,26-100,FALSE,Energy
751,Magic,2015,2015-2024,Active,Surviving,USA,TRUE,350,101-500,FALSE,B2B
749,Mezmo,2015,2015-2024,Active,Surviving,USA,TRUE,172,101-500,FALSE,B2B
749,Mezmo,2015,2015-2024,Active,Surviving,USA,TRUE,172,101-500,FALSE,Infrastructure
748,Akido Labs,2015,2015-2024,Active,Surviving,USA,TRUE,1000,500+,FALSE,Healthcare
748,Akido Labs,2015,2015-2024,Active,Surviving,USA,TRUE,1000,500+,FALSE,Healthcare IT
740,Qventus,2015,2015-2024,Active,Surviving,USA,TRUE,230,101-500,FALSE,Healthcare
740,Qventus,2015,2015-2024,Active,Surviving,USA,TRUE,230,101-500,FALSE,Healthcare IT
1434,DemocracyOS,2015,2015-2024,Active,Surviving,Argentina,FALSE,1,1-5,FALSE,Government
855,Lumi,2015,2015-2024,Acquired,Successful,USA,TRUE,67,26-100,FALSE,B2B
855,Lumi,2015,2015-2024,Acquired,Successful,USA,TRUE,67,26-100,FALSE,Supply Chain and Logistics
853,Spire Health,2015,2015-2024,Acquired,Successful,USA,TRUE,52,26-100,FALSE,Healthcare
853,Spire Health,2015,2015-2024,Acquired,Successful,USA,TRUE,52,26-100,FALSE,Consumer Health and Wellness
846,Chariot,2015,2015-2024,Acquired,Successful,USA,TRUE,501,500+,FALSE,Consumer
846,Chariot,2015,2015-2024,Acquired,Successful,USA,TRUE,501,500+,FALSE,Transportation Services
842,Raven Tech,2015,2015-2024,Acquired,Successful,China,FALSE,11,11-25,FALSE,B2B
842,Raven Tech,2015,2015-2024,Acquired,Successful,China,FALSE,11,11-25,FALSE,Infrastructure
837,Vanhawks,2015,2015-2024,Acquired,Successful,Canada,FALSE,11,11-25,FALSE,Consumer
837,Vanhawks,2015,2015-2024,Acquired,Successful,Canada,FALSE,11,11-25,FALSE,Consumer Electronics
836,Valor Water Analytics,2015,2015-2024,Acquired,Successful,USA,TRUE,2,1-5,FALSE,Industrials
836,Valor Water Analytics,2015,2015-2024,Acquired,Successful,USA,TRUE,2,1-5,FALSE,Climate
830,SigOpt,2015,2015-2024,Acquired,Successful,USA,TRUE,23,11-25,FALSE,B2B
830,SigOpt,2015,2015-2024,Acquired,Successful,USA,TRUE,23,11-25,FALSE,"Engineering, Product and Design"
829,Seed,2015,2015-2024,Acquired,Successful,USA,TRUE,11,11-25,FALSE,Fintech
829,Seed,2015,2015-2024,Acquired,Successful,USA,TRUE,11,11-25,FALSE,Banking and Exchange
825,Pretty Instant,2015,2015-2024,Acquired,Successful,USA,TRUE,3,1-5,FALSE,Consumer
825,Pretty Instant,2015,2015-2024,Acquired,Successful,USA,TRUE,3,1-5,FALSE,Home and Personal
824,Popular Pays,2015,2015-2024,Acquired,Successful,USA,TRUE,37,26-100,FALSE,B2B
824,Popular Pays,2015,2015-2024,Acquired,Successful,USA,TRUE,37,26-100,FALSE,Marketing
820,Outbound,2015,2015-2024,Acquired,Successful,USA,TRUE,2,1-5,FALSE,B2B
820,Outbound,2015,2015-2024,Acquired,Successful,USA,TRUE,2,1-5,FALSE,Marketing
818,Moltin,2015,2015-2024,Acquired,Successful,USA,TRUE,32,26-100,FALSE,B2B
818,Moltin,2015,2015-2024,Acquired,Successful,USA,TRUE,32,26-100,FALSE,Retail
814,NexTravel,2015,2015-2024,Acquired,Successful,USA,TRUE,17,11-25,FALSE,B2B
814,NexTravel,2015,2015-2024,Acquired,Successful,USA,TRUE,17,11-25,FALSE,Finance and Accounting
801,WayUp,2015,2015-2024,Acquired,Successful,USA,TRUE,50,26-100,FALSE,Consumer
801,WayUp,2015,2015-2024,Acquired,Successful,USA,TRUE,50,26-100,FALSE,Job and Career Services
800,Bonfire,2015,2015-2024,Acquired,Successful,Canada,FALSE,95,26-100,FALSE,B2B
800,Bonfire,2015,2015-2024,Acquired,Successful,Canada,FALSE,95,26-100,FALSE,Finance and Accounting
799,Yhat,2015,2015-2024,Acquired,Successful,USA,TRUE,17,11-25,FALSE,B2B
799,Yhat,2015,2015-2024,Acquired,Successful,USA,TRUE,17,11-25,FALSE,"Engineering, Product and Design"
798,YesGraph,2015,2015-2024,Acquired,Successful,USA,TRUE,2,1-5,FALSE,B2B
798,YesGraph,2015,2015-2024,Acquired,Successful,USA,TRUE,2,1-5,FALSE,Marketing
796,Vest,2015,2015-2024,Acquired,Successful,USA,TRUE,50,26-100,FALSE,Fintech
796,Vest,2015,2015-2024,Acquired,Successful,USA,TRUE,50,26-100,FALSE,Asset Management
793,Remix,2015,2015-2024,Acquired,Successful,USA,TRUE,65,26-100,FALSE,Government
792,Mobydish,2015,2015-2024,Acquired,Successful,USA,TRUE,10,6-10,FALSE,B2B
792,Mobydish,2015,2015-2024,Acquired,Successful,USA,TRUE,10,6-10,FALSE,Retail
788,Smarking,2015,2015-2024,Acquired,Successful,USA,TRUE,17,11-25,FALSE,B2B
788,Smarking,2015,2015-2024,Acquired,Successful,USA,TRUE,17,11-25,FALSE,Analytics
785,Shift Labs,2015,2015-2024,Acquired,Successful,USA,TRUE,6,6-10,FALSE,Healthcare
785,Shift Labs,2015,2015-2024,Acquired,Successful,USA,TRUE,6,6-10,FALSE,Medical Devices
780,Paperspace,2015,2015-2024,Acquired,Successful,USA,TRUE,50,26-100,FALSE,B2B
780,Paperspace,2015,2015-2024,Acquired,Successful,USA,TRUE,50,26-100,FALSE,"Engineering, Product and Design"
778,Pachyderm,2015,2015-2024,Acquired,Successful,USA,TRUE,60,26-100,FALSE,B2B
778,Pachyderm,2015,2015-2024,Acquired,Successful,USA,TRUE,60,26-100,FALSE,Infrastructure
777,Open Listings,2015,2015-2024,Acquired,Successful,USA,TRUE,48,26-100,FALSE,Real Estate and Construction
777,Open Listings,2015,2015-2024,Acquired,Successful,USA,TRUE,48,26-100,FALSE,Housing and Real Estate
769,HigherMe,2015,2015-2024,Acquired,Successful,Canada,FALSE,45,26-100,FALSE,B2B
769,HigherMe,2015,2015-2024,Acquired,Successful,Canada,FALSE,45,26-100,FALSE,Recruiting and Talent
768,WorkLife,2015,2015-2024,Acquired,Successful,USA,TRUE,2,1-5,FALSE,B2B
768,WorkLife,2015,2015-2024,Acquired,Successful,USA,TRUE,2,1-5,FALSE,Productivity
759,CyberFend,2015,2015-2024,Acquired,Successful,USA,TRUE,2,1-5,FALSE,B2B
759,CyberFend,2015,2015-2024,Acquired,Successful,USA,TRUE,2,1-5,FALSE,Security
753,Bluesmart,2015,2015-2024,Acquired,Successful,USA,TRUE,51,26-100,FALSE,Consumer
753,Bluesmart,2015,2015-2024,Acquired,Successful,USA,TRUE,51,26-100,FALSE,Consumer Electronics
752,Bizzy,2015,2015-2024,Acquired,Successful,USA,TRUE,2,1-5,FALSE,B2B
752,Bizzy,2015,2015-2024,Acquired,Successful,USA,TRUE,2,1-5,FALSE,Retail
750,Smyte,2015,2015-2024,Acquired,Successful,USA,TRUE,11,11-25,FALSE,B2B
750,Smyte,2015,2015-2024,Acquired,Successful,USA,TRUE,11,11-25,FALSE,Security
746,Tech in Asia,2015,2015-2024,Acquired,Successful,Singapore,FALSE,70,26-100,FALSE,Consumer
746,Tech in Asia,2015,2015-2024,Acquired,Successful,Singapore,FALSE,70,26-100,FALSE,Content
744,Pomello,2015,2015-2024,Acquired,Successful,USA,TRUE,8,6-10,FALSE,B2B
744,Pomello,2015,2015-2024,Acquired,Successful,USA,TRUE,8,6-10,FALSE,Recruiting and Talent
743,Final,2015,2015-2024,Acquired,Successful,USA,TRUE,11,11-25,FALSE,Fintech
743,Final,2015,2015-2024,Acquired,Successful,USA,TRUE,11,11-25,FALSE,Payments
739,Notable Labs,2015,2015-2024,Public,Successful,USA,TRUE,40,26-100,TRUE,Healthcare
739,Notable Labs,2015,2015-2024,Public,Successful,USA,TRUE,40,26-100,TRUE,Diagnostics
854,ThinAir,2015,2015-2024,Inactive,Failed,USA,TRUE,11,11-25,FALSE,B2B
854,ThinAir,2015,2015-2024,Inactive,Failed,USA,TRUE,11,11-25,FALSE,Security
852,Nomiku,2015,2015-2024,Inactive,Failed,USA,TRUE,11,11-25,FALSE,Consumer
852,Nomiku,2015,2015-2024,Inactive,Failed,USA,TRUE,11,11-25,FALSE,Home and Personal
850,Automate Ads,2015,2015-2024,Inactive,Failed,USA,TRUE,2,1-5,FALSE,B2B
850,Automate Ads,2015,2015-2024,Inactive,Failed,USA,TRUE,2,1-5,FALSE,Marketing
845,Lully,2015,2015-2024,Inactive,Failed,USA,TRUE,5,1-5,FALSE,Healthcare
845,Lully,2015,2015-2024,Inactive,Failed,USA,TRUE,5,1-5,FALSE,Consumer Health and Wellness
843,Bagaveev Corporation,2015,2015-2024,Inactive,Failed,USA,TRUE,2,1-5,FALSE,Industrials
843,Bagaveev Corporation,2015,2015-2024,Inactive,Failed,USA,TRUE,2,1-5,FALSE,Aviation and Space
839,Wink Health,2015,2015-2024,Inactive,Failed,USA,TRUE,2,1-5,FALSE,Healthcare
839,Wink Health,2015,2015-2024,Inactive,Failed,USA,TRUE,2,1-5,FALSE,Consumer Health and Wellness
838,VetPronto,2015,2015-2024,Inactive,Failed,USA,TRUE,51,26-100,FALSE,Healthcare
838,VetPronto,2015,2015-2024,Inactive,Failed,USA,TRUE,51,26-100,FALSE,Consumer Health and Wellness
835,Transcriptic,2015,2015-2024,Inactive,Failed,USA,TRUE,13,11-25,FALSE,Healthcare
835,Transcriptic,2015,2015-2024,Inactive,Failed,USA,TRUE,13,11-25,FALSE,Healthcare Services
832,Standard Cyborg,2015,2015-2024,Inactive,Failed,USA,TRUE,9,6-10,FALSE,Healthcare
832,Standard Cyborg,2015,2015-2024,Inactive,Failed,USA,TRUE,9,6-10,FALSE,Medical Devices
831,Spoil,2015,2015-2024,Inactive,Failed,USA,TRUE,2,1-5,FALSE,Consumer
831,Spoil,2015,2015-2024,Inactive,Failed,USA,TRUE,2,1-5,FALSE,Home and Personal
828,Rescue Forensics,2015,2015-2024,Inactive,Failed,USA,TRUE,0,NA,FALSE,Government
826,Priime,2015,2015-2024,Inactive,Failed,USA,TRUE,3,1-5,FALSE,Consumer
826,Priime,2015,2015-2024,Inactive,Failed,USA,TRUE,3,1-5,FALSE,Social
823,Pigeonly,2015,2015-2024,Inactive,Failed,USA,TRUE,40,26-100,FALSE,Consumer
823,Pigeonly,2015,2015-2024,Inactive,Failed,USA,TRUE,40,26-100,FALSE,Social
822,Dabble,2015,2015-2024,Inactive,Failed,Canada,FALSE,3,1-5,FALSE,B2B
822,Dabble,2015,2015-2024,Inactive,Failed,Canada,FALSE,3,1-5,FALSE,Marketing
821,Cinder,2015,2015-2024,Inactive,Failed,USA,TRUE,2,1-5,FALSE,Consumer
821,Cinder,2015,2015-2024,Inactive,Failed,USA,TRUE,2,1-5,FALSE,Consumer Electronics
819,Nextop,2015,2015-2024,Inactive,Failed,,FALSE,2,1-5,FALSE,B2B
819,Nextop,2015,2015-2024,Inactive,Failed,,FALSE,2,1-5,FALSE,Infrastructure
812,Glassjar,2015,2015-2024,Inactive,Failed,USA,TRUE,2,1-5,FALSE,Fintech
812,Glassjar,2015,2015-2024,Inactive,Failed,USA,TRUE,2,1-5,FALSE,Consumer Finance
804,Dealyze,2015,2015-2024,Inactive,Failed,USA,TRUE,6,6-10,FALSE,B2B
804,Dealyze,2015,2015-2024,Inactive,Failed,USA,TRUE,6,6-10,FALSE,Retail
795,Underground Cellar,2015,2015-2024,Inactive,Failed,USA,TRUE,26,26-100,FALSE,Consumer
795,Underground Cellar,2015,2015-2024,Inactive,Failed,USA,TRUE,26,26-100,FALSE,Food and Beverage
794,Rare Door,2015,2015-2024,Inactive,Failed,USA,TRUE,2,1-5,FALSE,Consumer
794,Rare Door,2015,2015-2024,Inactive,Failed,USA,TRUE,2,1-5,FALSE,Home and Personal
784,Shift Messenger,2015,2015-2024,Inactive,Failed,USA,TRUE,2,1-5,FALSE,B2B
784,Shift Messenger,2015,2015-2024,Inactive,Failed,USA,TRUE,2,1-5,FALSE,Productivity
783,ReSchedule Med,2015,2015-2024,Inactive,Failed,USA,TRUE,0,NA,FALSE,Healthcare
783,ReSchedule Med,2015,2015-2024,Inactive,Failed,USA,TRUE,0,NA,FALSE,Healthcare IT
779,Pakible,2015,2015-2024,Inactive,Failed,USA,TRUE,3,1-5,FALSE,B2B
779,Pakible,2015,2015-2024,Inactive,Failed,USA,TRUE,3,1-5,FALSE,Supply Chain and Logistics
775,Omniref,2015,2015-2024,Inactive,Failed,USA,TRUE,2,1-5,FALSE,B2B
775,Omniref,2015,2015-2024,Inactive,Failed,USA,TRUE,2,1-5,FALSE,"Engineering, Product and Design"
772,Kickpay,2015,2015-2024,Inactive,Failed,USA,TRUE,2,1-5,FALSE,B2B
772,Kickpay,2015,2015-2024,Inactive,Failed,USA,TRUE,2,1-5,FALSE,Finance and Accounting
770,Instavest,2015,2015-2024,Inactive,Failed,USA,TRUE,2,1-5,FALSE,Fintech
770,Instavest,2015,2015-2024,Inactive,Failed,USA,TRUE,2,1-5,FALSE,Asset Management
766,GroupAhead,2015,2015-2024,Inactive,Failed,USA,TRUE,2,1-5,FALSE,Consumer
766,GroupAhead,2015,2015-2024,Inactive,Failed,USA,TRUE,2,1-5,FALSE,Social
765,SparkGift,2015,2015-2024,Inactive,Failed,USA,TRUE,2,1-5,FALSE,Fintech
765,SparkGift,2015,2015-2024,Inactive,Failed,USA,TRUE,2,1-5,FALSE,Consumer Finance
758,Cribspot,2015,2015-2024,Inactive,Failed,USA,TRUE,2,1-5,FALSE,Real Estate and Construction
758,Cribspot,2015,2015-2024,Inactive,Failed,USA,TRUE,2,1-5,FALSE,Housing and Real Estate
754,Booktrope,2015,2015-2024,Inactive,Failed,USA,TRUE,51,26-100,FALSE,B2B
754,Booktrope,2015,2015-2024,Inactive,Failed,USA,TRUE,51,26-100,FALSE,Marketing
747,20n,2015,2015-2024,Inactive,Failed,USA,TRUE,2,1-5,FALSE,Healthcare
747,20n,2015,2015-2024,Inactive,Failed,USA,TRUE,2,1-5,FALSE,Industrial Bio
742,3dot,2015,2015-2024,Inactive,Failed,Slovenia,FALSE,2,1-5,FALSE,Consumer
742,3dot,2015,2015-2024,Inactive,Failed,Slovenia,FALSE,2,1-5,FALSE,Social
1166,Direct Match,2015,2015-2024,Inactive,Failed,USA,TRUE,11,11-25,FALSE,Fintech
1166,Direct Match,2015,2015-2024,Inactive,Failed,USA,TRUE,11,11-25,FALSE,Banking and Exchange
944,Go1,2015,2015-2024,Active,Surviving,USA,TRUE,650,500+,TRUE,B2B
944,Go1,2015,2015-2024,Active,Surviving,USA,TRUE,650,500+,TRUE,Human Resources
870,OpenInvest,2015,2015-2024,Acquired,Successful,USA,TRUE,110,101-500,TRUE,Fintech
934,Scentbird,2015,2015-2024,Active,Surviving,USA,TRUE,165,101-500,TRUE,Consumer
934,Scentbird,2015,2015-2024,Active,Surviving,USA,TRUE,165,101-500,TRUE,Apparel and Cosmetics
967,Human Interest,2015,2015-2024,Active,Surviving,USA,TRUE,765,500+,FALSE,B2B
967,Human Interest,2015,2015-2024,Active,Surviving,USA,TRUE,765,500+,FALSE,Human Resources
966,Flirtey (SkyDrop),2015,2015-2024,Active,Surviving,USA,TRUE,11,11-25,FALSE,Industrials
966,Flirtey (SkyDrop),2015,2015-2024,Active,Surviving,USA,TRUE,11,11-25,FALSE,Drones
964,Eight Sleep,2015,2015-2024,Active,Surviving,USA,TRUE,100,26-100,FALSE,Consumer
964,Eight Sleep,2015,2015-2024,Active,Surviving,USA,TRUE,100,26-100,FALSE,Home and Personal
963,Instawork,2015,2015-2024,Active,Surviving,USA,TRUE,500,101-500,FALSE,B2B
963,Instawork,2015,2015-2024,Active,Surviving,USA,TRUE,500,101-500,FALSE,Recruiting and Talent
962,Cofactor Genomics,2015,2015-2024,Active,Surviving,USA,TRUE,13,11-25,FALSE,Healthcare
962,Cofactor Genomics,2015,2015-2024,Active,Surviving,USA,TRUE,13,11-25,FALSE,Diagnostics
960,Bitmovin,2015,2015-2024,Active,Surviving,USA,TRUE,145,101-500,FALSE,B2B
960,Bitmovin,2015,2015-2024,Active,Surviving,USA,TRUE,145,101-500,FALSE,Infrastructure
952,TetraScience,2015,2015-2024,Active,Surviving,USA,TRUE,100,26-100,FALSE,Healthcare
952,TetraScience,2015,2015-2024,Active,Surviving,USA,TRUE,100,26-100,FALSE,Healthcare IT
949,The Ticket Fairy,2015,2015-2024,Active,Surviving,USA,TRUE,30,26-100,FALSE,Consumer
949,The Ticket Fairy,2015,2015-2024,Active,Surviving,USA,TRUE,30,26-100,FALSE,"Travel, Leisure and Tourism"
943,Font Awesome,2015,2015-2024,Active,Surviving,USA,TRUE,17,11-25,FALSE,B2B
943,Font Awesome,2015,2015-2024,Active,Surviving,USA,TRUE,17,11-25,FALSE,"Engineering, Product and Design"
941,"80,000 Hours",2015,2015-2024,Active,Surviving,United Kingdom,FALSE,13,11-25,FALSE,Unspecified
938,Xendit,2015,2015-2024,Active,Surviving,Indonesia,FALSE,700,500+,FALSE,Fintech
938,Xendit,2015,2015-2024,Active,Surviving,Indonesia,FALSE,700,500+,FALSE,Payments
937,Shred Video,2015,2015-2024,Active,Surviving,USA,TRUE,2,1-5,FALSE,Consumer
937,Shred Video,2015,2015-2024,Active,Surviving,USA,TRUE,2,1-5,FALSE,Content
936,Shape (ShapeScale),2015,2015-2024,Active,Surviving,USA,TRUE,7,6-10,FALSE,Consumer
936,Shape (ShapeScale),2015,2015-2024,Active,Surviving,USA,TRUE,7,6-10,FALSE,Consumer Electronics
932,RedCarpetUp,2015,2015-2024,Active,Surviving,India,FALSE,100,26-100,FALSE,Fintech
932,RedCarpetUp,2015,2015-2024,Active,Surviving,India,FALSE,100,26-100,FALSE,Consumer Finance
931,Plate IQ,2015,2015-2024,Active,Surviving,London,FALSE,200,101-500,FALSE,Fintech
931,Plate IQ,2015,2015-2024,Active,Surviving,London,FALSE,200,101-500,FALSE,Payments
928,PickTrace,2015,2015-2024,Active,Surviving,USA,TRUE,65,26-100,FALSE,Industrials
928,PickTrace,2015,2015-2024,Active,Surviving,USA,TRUE,65,26-100,FALSE,Agriculture
925,Fountain,2015,2015-2024,Active,Surviving,USA,TRUE,200,101-500,FALSE,B2B
925,Fountain,2015,2015-2024,Active,Surviving,USA,TRUE,200,101-500,FALSE,Recruiting and Talent
923,Microhealth,2015,2015-2024,Active,Surviving,USA,TRUE,10,6-10,FALSE,Healthcare
923,Microhealth,2015,2015-2024,Active,Surviving,USA,TRUE,10,6-10,FALSE,Consumer Health and Wellness
922,Zeplin,2015,2015-2024,Active,Surviving,USA,TRUE,140,101-500,FALSE,B2B
922,Zeplin,2015,2015-2024,Active,Surviving,USA,TRUE,140,101-500,FALSE,"Engineering, Product and Design"
921,Markhor,2015,2015-2024,Active,Surviving,USA,TRUE,5,1-5,FALSE,Consumer
921,Markhor,2015,2015-2024,Active,Surviving,USA,TRUE,5,1-5,FALSE,Apparel and Cosmetics
915,Circle Medical,2015,2015-2024,Active,Surviving,,FALSE,235,101-500,FALSE,Healthcare
915,Circle Medical,2015,2015-2024,Active,Surviving,,FALSE,235,101-500,FALSE,Consumer Health and Wellness
914,GiveCampus,2015,2015-2024,Active,Surviving,USA,TRUE,130,101-500,FALSE,Education
913,Drip Capital,2015,2015-2024,Active,Surviving,India,FALSE,280,101-500,FALSE,Fintech
910,Chaldal,2015,2015-2024,Active,Surviving,Bangladesh,FALSE,2886,500+,FALSE,Consumer
910,Chaldal,2015,2015-2024,Active,Surviving,Bangladesh,FALSE,2886,500+,FALSE,Food and Beverage
908,Bodyport,2015,2015-2024,Active,Surviving,USA,TRUE,19,11-25,FALSE,Healthcare
908,Bodyport,2015,2015-2024,Active,Surviving,USA,TRUE,19,11-25,FALSE,Consumer Health and Wellness
902,Verge Genomics,2015,2015-2024,Active,Surviving,USA,TRUE,50,26-100,FALSE,Healthcare
902,Verge Genomics,2015,2015-2024,Active,Surviving,USA,TRUE,50,26-100,FALSE,Drug Discovery and Delivery
901,Thrive Agritech,2015,2015-2024,Active,Surviving,USA,TRUE,8,6-10,FALSE,Industrials
901,Thrive Agritech,2015,2015-2024,Active,Surviving,USA,TRUE,8,6-10,FALSE,Agriculture
900,Tesorio,2015,2015-2024,Active,Surviving,USA,TRUE,53,26-100,FALSE,B2B
900,Tesorio,2015,2015-2024,Active,Surviving,USA,TRUE,53,26-100,FALSE,Finance and Accounting
898,Reach,2015,2015-2024,Active,Surviving,USA,TRUE,45,26-100,FALSE,Industrials
898,Reach,2015,2015-2024,Active,Surviving,USA,TRUE,45,26-100,FALSE,Energy
896,SunFarmer,2015,2015-2024,Active,Surviving,Nepal,FALSE,15,11-25,FALSE,Industrials
896,SunFarmer,2015,2015-2024,Active,Surviving,Nepal,FALSE,15,11-25,FALSE,Climate
889,Confident LIMS,2015,2015-2024,Active,Surviving,USA,TRUE,17,11-25,FALSE,B2B
889,Confident LIMS,2015,2015-2024,Active,Surviving,USA,TRUE,17,11-25,FALSE,Operations
888,Branch8,2015,2015-2024,Active,Surviving,Hong Kong,FALSE,15,11-25,FALSE,B2B
888,Branch8,2015,2015-2024,Active,Surviving,Hong Kong,FALSE,15,11-25,FALSE,Retail
884,Heroic Labs,2015,2015-2024,Active,Surviving,United Kingdom,FALSE,21,11-25,FALSE,Consumer
884,Heroic Labs,2015,2015-2024,Active,Surviving,United Kingdom,FALSE,21,11-25,FALSE,Gaming
878,SnapMagic,2015,2015-2024,Active,Surviving,USA,TRUE,23,11-25,FALSE,B2B
878,SnapMagic,2015,2015-2024,Active,Surviving,USA,TRUE,23,11-25,FALSE,"Engineering, Product and Design"
876,Scope AR,2015,2015-2024,Active,Surviving,USA,TRUE,50,26-100,FALSE,Consumer
876,Scope AR,2015,2015-2024,Active,Surviving,USA,TRUE,50,26-100,FALSE,Virtual and Augmented Reality
873,PartnerStack,2015,2015-2024,Active,Surviving,Canada,FALSE,200,101-500,FALSE,B2B
873,PartnerStack,2015,2015-2024,Active,Surviving,Canada,FALSE,200,101-500,FALSE,Marketing
872,Assembly,2015,2015-2024,Active,Surviving,USA,TRUE,12,11-25,FALSE,B2B
872,Assembly,2015,2015-2024,Active,Surviving,USA,TRUE,12,11-25,FALSE,Supply Chain and Logistics
871,Gemnote,2015,2015-2024,Active,Surviving,USA,TRUE,40,26-100,FALSE,B2B
871,Gemnote,2015,2015-2024,Active,Surviving,USA,TRUE,40,26-100,FALSE,Office Management
869,New Story,2015,2015-2024,Active,Surviving,USA,TRUE,20,11-25,FALSE,Real Estate and Construction
866,Ironclad,2015,2015-2024,Active,Surviving,USA,TRUE,700,500+,FALSE,B2B
866,Ironclad,2015,2015-2024,Active,Surviving,USA,TRUE,700,500+,FALSE,Legal
865,Leaders In Tech,2015,2015-2024,Active,Surviving,USA,TRUE,1,1-5,FALSE,Unspecified
864,teaBOT,2015,2015-2024,Active,Surviving,Canada,FALSE,2,1-5,FALSE,B2B
864,teaBOT,2015,2015-2024,Active,Surviving,Canada,FALSE,2,1-5,FALSE,Human Resources
862,Teleport,2015,2015-2024,Active,Surviving,USA,TRUE,255,101-500,FALSE,B2B
862,Teleport,2015,2015-2024,Active,Surviving,USA,TRUE,255,101-500,FALSE,Infrastructure
861,Lugg,2015,2015-2024,Active,Surviving,USA,TRUE,50,26-100,FALSE,Consumer
861,Lugg,2015,2015-2024,Active,Surviving,USA,TRUE,50,26-100,FALSE,Home and Personal
971,Gigster,2015,2015-2024,Acquired,Successful,USA,TRUE,51,26-100,FALSE,B2B
971,Gigster,2015,2015-2024,Acquired,Successful,USA,TRUE,51,26-100,FALSE,"Engineering, Product and Design"
969,Tenant Turner,2015,2015-2024,Acquired,Successful,USA,TRUE,15,11-25,FALSE,Real Estate and Construction
969,Tenant Turner,2015,2015-2024,Acquired,Successful,USA,TRUE,15,11-25,FALSE,Housing and Real Estate
959,PlateJoy,2015,2015-2024,Acquired,Successful,USA,TRUE,11,11-25,FALSE,Consumer
959,PlateJoy,2015,2015-2024,Acquired,Successful,USA,TRUE,11,11-25,FALSE,Food and Beverage
956,Nebia,2015,2015-2024,Acquired,Successful,USA,TRUE,16,11-25,FALSE,Consumer
956,Nebia,2015,2015-2024,Acquired,Successful,USA,TRUE,16,11-25,FALSE,Home and Personal
954,Auro Robotics,2015,2015-2024,Acquired,Successful,USA,TRUE,0,NA,FALSE,Industrials
954,Auro Robotics,2015,2015-2024,Acquired,Successful,USA,TRUE,0,NA,FALSE,Automotive
953,Mimir,2015,2015-2024,Acquired,Successful,USA,TRUE,8,6-10,FALSE,Education
948,Blitz Esports,2015,2015-2024,Acquired,Successful,USA,TRUE,11,11-25,FALSE,Consumer
948,Blitz Esports,2015,2015-2024,Acquired,Successful,USA,TRUE,11,11-25,FALSE,Content
946,HER,2015,2015-2024,Acquired,Successful,USA,TRUE,10,6-10,FALSE,Consumer
946,HER,2015,2015-2024,Acquired,Successful,USA,TRUE,10,6-10,FALSE,Social
939,Xfers,2015,2015-2024,Acquired,Successful,Singapore,FALSE,51,26-100,FALSE,Fintech
939,Xfers,2015,2015-2024,Acquired,Successful,Singapore,FALSE,51,26-100,FALSE,Payments
930,Interviewed,2015,2015-2024,Acquired,Successful,USA,TRUE,0,NA,FALSE,B2B
930,Interviewed,2015,2015-2024,Acquired,Successful,USA,TRUE,0,NA,FALSE,Recruiting and Talent
927,Paribus,2015,2015-2024,Acquired,Successful,USA,TRUE,NA,NA,FALSE,Fintech
926,Oolu,2015,2015-2024,Acquired,Successful,Senegal,FALSE,230,101-500,FALSE,Industrials
926,Oolu,2015,2015-2024,Acquired,Successful,Senegal,FALSE,230,101-500,FALSE,Energy
916,zPREDICTA,2015,2015-2024,Acquired,Successful,USA,TRUE,2,1-5,FALSE,Healthcare
916,zPREDICTA,2015,2015-2024,Acquired,Successful,USA,TRUE,2,1-5,FALSE,Drug Discovery and Delivery
912,Sphere Secure Workspace,2015,2015-2024,Acquired,Successful,United Kingdom,FALSE,2,1-5,FALSE,B2B
912,Sphere Secure Workspace,2015,2015-2024,Acquired,Successful,United Kingdom,FALSE,2,1-5,FALSE,Security
911,Cloudstitch,2015,2015-2024,Acquired,Successful,USA,TRUE,4,1-5,FALSE,B2B
911,Cloudstitch,2015,2015-2024,Acquired,Successful,USA,TRUE,4,1-5,FALSE,Productivity
909,Appcanary,2015,2015-2024,Acquired,Successful,Canada,FALSE,2,1-5,FALSE,B2B
909,Appcanary,2015,2015-2024,Acquired,Successful,Canada,FALSE,2,1-5,FALSE,Security
907,Bluecrew,2015,2015-2024,Acquired,Successful,USA,TRUE,100,26-100,FALSE,B2B
907,Bluecrew,2015,2015-2024,Acquired,Successful,USA,TRUE,100,26-100,FALSE,Recruiting and Talent
905,Willing,2015,2015-2024,Acquired,Successful,USA,TRUE,10,6-10,FALSE,Consumer
905,Willing,2015,2015-2024,Acquired,Successful,USA,TRUE,10,6-10,FALSE,Home and Personal
894,Foxpass,2015,2015-2024,Acquired,Successful,USA,TRUE,10,6-10,FALSE,B2B
894,Foxpass,2015,2015-2024,Acquired,Successful,USA,TRUE,10,6-10,FALSE,Security
893,Eden,2015,2015-2024,Acquired,Successful,USA,TRUE,45,26-100,FALSE,B2B
893,Eden,2015,2015-2024,Acquired,Successful,USA,TRUE,45,26-100,FALSE,Human Resources
891,Cymmetria,2015,2015-2024,Acquired,Successful,Israel,FALSE,11,11-25,FALSE,B2B
891,Cymmetria,2015,2015-2024,Acquired,Successful,Israel,FALSE,11,11-25,FALSE,Security
890,Convox,2015,2015-2024,Acquired,Successful,USA,TRUE,3,1-5,FALSE,B2B
890,Convox,2015,2015-2024,Acquired,Successful,USA,TRUE,3,1-5,FALSE,Infrastructure
879,SourceDNA,2015,2015-2024,Acquired,Successful,USA,TRUE,6,6-10,FALSE,B2B
879,SourceDNA,2015,2015-2024,Acquired,Successful,USA,TRUE,6,6-10,FALSE,"Engineering, Product and Design"
877,Second Measure,2015,2015-2024,Acquired,Successful,USA,TRUE,62,26-100,FALSE,B2B
877,Second Measure,2015,2015-2024,Acquired,Successful,USA,TRUE,62,26-100,FALSE,Analytics
868,L.,2015,2015-2024,Acquired,Successful,USA,TRUE,NA,NA,FALSE,Consumer
868,L.,2015,2015-2024,Acquired,Successful,USA,TRUE,NA,NA,FALSE,Home and Personal
867,Jopwell,2015,2015-2024,Acquired,Successful,USA,TRUE,50,26-100,FALSE,B2B
867,Jopwell,2015,2015-2024,Acquired,Successful,USA,TRUE,50,26-100,FALSE,Recruiting and Talent
860,Triplebyte,2015,2015-2024,Acquired,Successful,USA,TRUE,70,26-100,FALSE,B2B
860,Triplebyte,2015,2015-2024,Acquired,Successful,USA,TRUE,70,26-100,FALSE,Recruiting and Talent
970,VOIQ,2015,2015-2024,Inactive,Failed,USA,TRUE,8,6-10,FALSE,B2B
970,VOIQ,2015,2015-2024,Inactive,Failed,USA,TRUE,8,6-10,FALSE,Sales
968,Halolife,2015,2015-2024,Inactive,Failed,USA,TRUE,2,1-5,FALSE,Consumer
968,Halolife,2015,2015-2024,Inactive,Failed,USA,TRUE,2,1-5,FALSE,Home and Personal
965,Vive,2015,2015-2024,Inactive,Failed,USA,TRUE,11,11-25,FALSE,Consumer
965,Vive,2015,2015-2024,Inactive,Failed,USA,TRUE,11,11-25,FALSE,Apparel and Cosmetics
958,StyleBee,2015,2015-2024,Inactive,Failed,USA,TRUE,11,11-25,FALSE,Consumer
958,StyleBee,2015,2015-2024,Inactive,Failed,USA,TRUE,11,11-25,FALSE,Home and Personal
955,Klarismo,2015,2015-2024,Inactive,Failed,USA,TRUE,1,1-5,FALSE,Healthcare
955,Klarismo,2015,2015-2024,Inactive,Failed,USA,TRUE,1,1-5,FALSE,Diagnostics
951,Wheelys Café,2015,2015-2024,Inactive,Failed,Sweden,FALSE,11,11-25,FALSE,Consumer
951,Wheelys Café,2015,2015-2024,Inactive,Failed,Sweden,FALSE,11,11-25,FALSE,Food and Beverage
950,Fetch,2015,2015-2024,Inactive,Failed,USA,TRUE,24,11-25,FALSE,Consumer
950,Fetch,2015,2015-2024,Inactive,Failed,USA,TRUE,24,11-25,FALSE,Transportation Services
947,Maderight,2015,2015-2024,Inactive,Failed,USA,TRUE,51,26-100,FALSE,B2B
947,Maderight,2015,2015-2024,Inactive,Failed,USA,TRUE,51,26-100,FALSE,Supply Chain and Logistics
945,Saida,2015,2015-2024,Inactive,Failed,Kenya,FALSE,4,1-5,FALSE,Fintech
945,Saida,2015,2015-2024,Inactive,Failed,Kenya,FALSE,4,1-5,FALSE,Credit and Lending
940,Traversal Networks,2015,2015-2024,Inactive,Failed,USA,TRUE,1,1-5,FALSE,B2B
940,Traversal Networks,2015,2015-2024,Inactive,Failed,USA,TRUE,1,1-5,FALSE,Security
935,Seva Coffee,2015,2015-2024,Inactive,Failed,USA,TRUE,2,1-5,FALSE,Consumer
935,Seva Coffee,2015,2015-2024,Inactive,Failed,USA,TRUE,2,1-5,FALSE,Home and Personal
933,Reduced Energy Microsystems,2015,2015-2024,Inactive,Failed,USA,TRUE,2,1-5,FALSE,Industrials
933,Reduced Energy Microsystems,2015,2015-2024,Inactive,Failed,USA,TRUE,2,1-5,FALSE,Manufacturing and Robotics
929,Prayas Analytics,2015,2015-2024,Inactive,Failed,USA,TRUE,2,1-5,FALSE,B2B
929,Prayas Analytics,2015,2015-2024,Inactive,Failed,USA,TRUE,2,1-5,FALSE,Retail
924,Ohm,2015,2015-2024,Inactive,Failed,USA,TRUE,0,NA,FALSE,Industrials
924,Ohm,2015,2015-2024,Inactive,Failed,USA,TRUE,0,NA,FALSE,Climate
920,Locent,2015,2015-2024,Inactive,Failed,USA,TRUE,11,11-25,FALSE,B2B
920,Locent,2015,2015-2024,Inactive,Failed,USA,TRUE,11,11-25,FALSE,Marketing
918,Leada,2015,2015-2024,Inactive,Failed,USA,TRUE,1,1-5,FALSE,Education
917,jEugene,2015,2015-2024,Inactive,Failed,USA,TRUE,2,1-5,FALSE,B2B
917,jEugene,2015,2015-2024,Inactive,Failed,USA,TRUE,2,1-5,FALSE,Legal
906,Bistrobot,2015,2015-2024,Inactive,Failed,USA,TRUE,2,1-5,FALSE,B2B
906,Bistrobot,2015,2015-2024,Inactive,Failed,USA,TRUE,2,1-5,FALSE,Retail
904,Apollo Health,2015,2015-2024,Inactive,Failed,,FALSE,0,NA,FALSE,Consumer
904,Apollo Health,2015,2015-2024,Inactive,Failed,,FALSE,0,NA,FALSE,"Travel, Leisure and Tourism"
903,Afrostream,2015,2015-2024,Inactive,Failed,France,FALSE,11,11-25,FALSE,Consumer
903,Afrostream,2015,2015-2024,Inactive,Failed,France,FALSE,11,11-25,FALSE,Content
897,Stitch Health,2015,2015-2024,Inactive,Failed,USA,TRUE,2,1-5,FALSE,Healthcare
897,Stitch Health,2015,2015-2024,Inactive,Failed,USA,TRUE,2,1-5,FALSE,Healthcare IT
892,Shotput,2015,2015-2024,Inactive,Failed,USA,TRUE,2,1-5,FALSE,B2B
892,Shotput,2015,2015-2024,Inactive,Failed,USA,TRUE,2,1-5,FALSE,Supply Chain and Logistics
887,CareLedger,2015,2015-2024,Inactive,Failed,USA,TRUE,0,NA,FALSE,Healthcare
887,CareLedger,2015,2015-2024,Inactive,Failed,USA,TRUE,0,NA,FALSE,Healthcare Services
886,Call9,2015,2015-2024,Inactive,Failed,USA,TRUE,51,26-100,FALSE,Healthcare
886,Call9,2015,2015-2024,Inactive,Failed,USA,TRUE,51,26-100,FALSE,Healthcare Services
885,Airmada,2015,2015-2024,Inactive,Failed,USA,TRUE,2,1-5,FALSE,Industrials
885,Airmada,2015,2015-2024,Inactive,Failed,USA,TRUE,2,1-5,FALSE,Drones
882,Hickory,2015,2015-2024,Inactive,Failed,USA,TRUE,11,11-25,FALSE,B2B
882,Hickory,2015,2015-2024,Inactive,Failed,USA,TRUE,11,11-25,FALSE,Human Resources
881,Vernox,2015,2015-2024,Inactive,Failed,USA,TRUE,2,1-5,FALSE,Real Estate and Construction
881,Vernox,2015,2015-2024,Inactive,Failed,USA,TRUE,2,1-5,FALSE,Construction
875,ROSS Intelligence,2015,2015-2024,Inactive,Failed,USA,TRUE,30,26-100,FALSE,B2B
875,ROSS Intelligence,2015,2015-2024,Inactive,Failed,USA,TRUE,30,26-100,FALSE,Legal
874,Roomblocker,2015,2015-2024,Inactive,Failed,USA,TRUE,2,1-5,FALSE,Consumer
874,Roomblocker,2015,2015-2024,Inactive,Failed,USA,TRUE,2,1-5,FALSE,"Travel, Leisure and Tourism"
863,Serica,2015,2015-2024,Inactive,Failed,USA,TRUE,2,1-5,FALSE,Fintech
863,Serica,2015,2015-2024,Inactive,Failed,USA,TRUE,2,1-5,FALSE,Banking and Exchange
1266,Meesho,2016,2015-2024,Public,Successful,India,FALSE,1450,500+,TRUE,B2B
1266,Meesho,2016,2015-2024,Public,Successful,India,FALSE,1450,500+,TRUE,Retail
1433,Bird,2016,2015-2024,Active,Surviving,Netherlands,FALSE,500,101-500,TRUE,B2B
1433,Bird,2016,2015-2024,Active,Surviving,Netherlands,FALSE,500,101-500,TRUE,"Engineering, Product and Design"
1270,The Athletic,2016,2015-2024,Acquired,Successful,USA,TRUE,600,500+,TRUE,Consumer
1270,The Athletic,2016,2015-2024,Acquired,Successful,USA,TRUE,600,500+,TRUE,Content
1352,Proxy,2016,2015-2024,Acquired,Successful,USA,TRUE,20,11-25,TRUE,Consumer
1352,Proxy,2016,2015-2024,Acquired,Successful,USA,TRUE,20,11-25,TRUE,Consumer Electronics
1294,Scale AI,2016,2015-2024,Active,Surviving,USA,TRUE,500,101-500,TRUE,B2B
1294,Scale AI,2016,2015-2024,Active,Surviving,USA,TRUE,500,101-500,TRUE,"Engineering, Product and Design"
1347,Expo,2016,2015-2024,Active,Surviving,USA,TRUE,40,26-100,FALSE,B2B
1347,Expo,2016,2015-2024,Active,Surviving,USA,TRUE,40,26-100,FALSE,Infrastructure
1344,Elemeno Health,2016,2015-2024,Active,Surviving,USA,TRUE,25,11-25,FALSE,Healthcare
1344,Elemeno Health,2016,2015-2024,Active,Surviving,USA,TRUE,25,11-25,FALSE,Healthcare IT
1343,Suiteness,2016,2015-2024,Active,Surviving,USA,TRUE,7,6-10,FALSE,Consumer
1343,Suiteness,2016,2015-2024,Active,Surviving,USA,TRUE,7,6-10,FALSE,"Travel, Leisure and Tourism"
1340,Jumpcut,2016,2015-2024,Active,Surviving,USA,TRUE,11,11-25,FALSE,Education
1339,Quero Education,2016,2015-2024,Active,Surviving,Brazil,FALSE,200,101-500,FALSE,Education
1300,ApolloShield,2016,2015-2024,Active,Surviving,Israel,FALSE,NA,NA,FALSE,Industrials
1300,ApolloShield,2016,2015-2024,Active,Surviving,Israel,FALSE,NA,NA,FALSE,Defense
1299,People.ai,2016,2015-2024,Active,Surviving,USA,TRUE,300,101-500,FALSE,B2B
1299,People.ai,2016,2015-2024,Active,Surviving,USA,TRUE,300,101-500,FALSE,Sales
1298,Yoshi Mobility,2016,2015-2024,Active,Surviving,USA,TRUE,125,101-500,FALSE,Consumer
1298,Yoshi Mobility,2016,2015-2024,Active,Surviving,USA,TRUE,125,101-500,FALSE,Transportation Services
1297,OMG Digital,2016,2015-2024,Active,Surviving,Ghana,FALSE,2,1-5,FALSE,Consumer
1297,OMG Digital,2016,2015-2024,Active,Surviving,Ghana,FALSE,2,1-5,FALSE,Content
1287,Circa,2016,2015-2024,Active,Surviving,USA,TRUE,21,11-25,FALSE,B2B
1287,Circa,2016,2015-2024,Active,Surviving,USA,TRUE,21,11-25,FALSE,Marketing
1286,Ready Education,2016,2015-2024,Active,Surviving,Canada,FALSE,54,26-100,FALSE,Consumer
1286,Ready Education,2016,2015-2024,Active,Surviving,Canada,FALSE,54,26-100,FALSE,Social
1284,Flutterwave,2016,2015-2024,Active,Surviving,Nigeria,FALSE,500,101-500,FALSE,Fintech
1284,Flutterwave,2016,2015-2024,Active,Surviving,Nigeria,FALSE,500,101-500,FALSE,Payments
1280,Emote,2016,2015-2024,Active,Surviving,USA,TRUE,6,6-10,FALSE,Consumer
1280,Emote,2016,2015-2024,Active,Surviving,USA,TRUE,6,6-10,FALSE,Virtual and Augmented Reality
1277,SmartPath,2016,2015-2024,Active,Surviving,USA,TRUE,16,11-25,FALSE,Fintech
1277,SmartPath,2016,2015-2024,Active,Surviving,USA,TRUE,16,11-25,FALSE,Consumer Finance
1276,Curtsy,2016,2015-2024,Active,Surviving,USA,TRUE,15,11-25,FALSE,Consumer
1276,Curtsy,2016,2015-2024,Active,Surviving,USA,TRUE,15,11-25,FALSE,Apparel and Cosmetics
1275,Validere,2016,2015-2024,Active,Surviving,Canada,FALSE,110,101-500,FALSE,Industrials
1275,Validere,2016,2015-2024,Active,Surviving,Canada,FALSE,110,101-500,FALSE,Energy
1274,Airfordable,2016,2015-2024,Active,Surviving,USA,TRUE,7,6-10,FALSE,Fintech
1274,Airfordable,2016,2015-2024,Active,Surviving,USA,TRUE,7,6-10,FALSE,Credit and Lending
1272,Athelas,2016,2015-2024,Active,Surviving,USA,TRUE,1000,500+,FALSE,Healthcare
1271,Miso,2016,2015-2024,Active,Surviving,South Korea,FALSE,100,26-100,FALSE,Consumer
1271,Miso,2016,2015-2024,Active,Surviving,South Korea,FALSE,100,26-100,FALSE,Home and Personal
1269,Squire Technologies,2016,2015-2024,Active,Surviving,USA,TRUE,150,101-500,FALSE,Consumer
1269,Squire Technologies,2016,2015-2024,Active,Surviving,USA,TRUE,150,101-500,FALSE,Home and Personal
1264,GoGoGrandparent,2016,2015-2024,Active,Surviving,USA,TRUE,50,26-100,FALSE,Consumer
1264,GoGoGrandparent,2016,2015-2024,Active,Surviving,USA,TRUE,50,26-100,FALSE,Home and Personal
1252,HiOperator,2016,2015-2024,Active,Surviving,USA,TRUE,200,101-500,FALSE,B2B
1252,HiOperator,2016,2015-2024,Active,Surviving,USA,TRUE,200,101-500,FALSE,Operations
1251,Synvivia,2016,2015-2024,Active,Surviving,USA,TRUE,4,1-5,FALSE,Healthcare
1251,Synvivia,2016,2015-2024,Active,Surviving,USA,TRUE,4,1-5,FALSE,Industrial Bio
1249,Legalist,2016,2015-2024,Active,Surviving,USA,TRUE,40,26-100,FALSE,Fintech
1249,Legalist,2016,2015-2024,Active,Surviving,USA,TRUE,40,26-100,FALSE,Credit and Lending
1246,New Incentives,2016,2015-2024,Active,Surviving,USA,TRUE,51,26-100,FALSE,Unspecified
1233,Multiply Labs,2016,2015-2024,Active,Surviving,USA,TRUE,36,26-100,FALSE,Industrials
1233,Multiply Labs,2016,2015-2024,Active,Surviving,USA,TRUE,36,26-100,FALSE,Manufacturing and Robotics
1232,Women Who Code,2016,2015-2024,Active,Surviving,USA,TRUE,25,11-25,FALSE,Unspecified
1229,The Flex Company,2016,2015-2024,Active,Surviving,USA,TRUE,28,26-100,FALSE,Consumer
1229,The Flex Company,2016,2015-2024,Active,Surviving,USA,TRUE,28,26-100,FALSE,Home and Personal
1226,OneChronos,2016,2015-2024,Active,Surviving,USA,TRUE,35,26-100,FALSE,Fintech
1226,OneChronos,2016,2015-2024,Active,Surviving,USA,TRUE,35,26-100,FALSE,Banking and Exchange
1225,Nova Credit,2016,2015-2024,Active,Surviving,USA,TRUE,100,26-100,FALSE,Fintech
1225,Nova Credit,2016,2015-2024,Active,Surviving,USA,TRUE,100,26-100,FALSE,Credit and Lending
1224,Instrumentl,2016,2015-2024,Active,Surviving,USA,TRUE,60,26-100,FALSE,B2B
1213,RocketLit,2016,2015-2024,Active,Surviving,USA,TRUE,11,11-25,FALSE,Education
1210,Livement,2016,2015-2024,Active,Surviving,Mexico,FALSE,45,26-100,FALSE,B2B
1206,Rose Rocket,2016,2015-2024,Active,Surviving,Canada,FALSE,165,101-500,FALSE,B2B
1206,Rose Rocket,2016,2015-2024,Active,Surviving,Canada,FALSE,165,101-500,FALSE,Supply Chain and Logistics
1205,Vote.org,2016,2015-2024,Active,Surviving,USA,TRUE,NA,NA,FALSE,Consumer
1202,Upgraded,2016,2015-2024,Active,Surviving,USA,TRUE,13,11-25,FALSE,Consumer
1202,Upgraded,2016,2015-2024,Active,Surviving,USA,TRUE,13,11-25,FALSE,Consumer Electronics
1201,Raptor Maps,2016,2015-2024,Active,Surviving,USA,TRUE,75,26-100,FALSE,Industrials
1201,Raptor Maps,2016,2015-2024,Active,Surviving,USA,TRUE,75,26-100,FALSE,Climate
1200,Joy,2016,2015-2024,Active,Surviving,USA,TRUE,100,26-100,FALSE,Consumer
1200,Joy,2016,2015-2024,Active,Surviving,USA,TRUE,100,26-100,FALSE,Home and Personal
1184,Vetcove,2016,2015-2024,Active,Surviving,USA,TRUE,83,26-100,FALSE,B2B
1184,Vetcove,2016,2015-2024,Active,Surviving,USA,TRUE,83,26-100,FALSE,Supply Chain and Logistics
1183,NuCypher (aka Threshold Network),2016,2015-2024,Active,Surviving,USA,TRUE,10,6-10,FALSE,B2B
1181,Prime Lightworks,2016,2015-2024,Active,Surviving,USA,TRUE,1,1-5,FALSE,Industrials
1181,Prime Lightworks,2016,2015-2024,Active,Surviving,USA,TRUE,1,1-5,FALSE,Aviation and Space
1436,RunKit,2016,2015-2024,Acquired,Successful,USA,TRUE,2,1-5,FALSE,B2B
1436,RunKit,2016,2015-2024,Acquired,Successful,USA,TRUE,2,1-5,FALSE,"Engineering, Product and Design"
1431,Starcity,2016,2015-2024,Acquired,Successful,USA,TRUE,0,NA,FALSE,Real Estate and Construction
1431,Starcity,2016,2015-2024,Acquired,Successful,USA,TRUE,0,NA,FALSE,Housing and Real Estate
1341,Innov8,2016,2015-2024,Acquired,Successful,India,FALSE,100,26-100,FALSE,Real Estate and Construction
1341,Innov8,2016,2015-2024,Acquired,Successful,India,FALSE,100,26-100,FALSE,Housing and Real Estate
1289,Polymail,2016,2015-2024,Acquired,Successful,USA,TRUE,2,1-5,FALSE,B2B
1289,Polymail,2016,2015-2024,Acquired,Successful,USA,TRUE,2,1-5,FALSE,Productivity
1288,Saleswhale,2016,2015-2024,Acquired,Successful,Singapore,FALSE,23,11-25,FALSE,B2B
1288,Saleswhale,2016,2015-2024,Acquired,Successful,Singapore,FALSE,23,11-25,FALSE,Sales
1285,CrowdAI,2016,2015-2024,Acquired,Successful,USA,TRUE,32,26-100,FALSE,B2B
1265,Bulldozair,2016,2015-2024,Acquired,Successful,France,FALSE,8,6-10,FALSE,Real Estate and Construction
1265,Bulldozair,2016,2015-2024,Acquired,Successful,France,FALSE,8,6-10,FALSE,Construction
1247,NeoWize,2016,2015-2024,Acquired,Successful,Israel,FALSE,3,1-5,FALSE,B2B
1247,NeoWize,2016,2015-2024,Acquired,Successful,Israel,FALSE,3,1-5,FALSE,Retail
1245,Vidcode,2016,2015-2024,Acquired,Successful,USA,TRUE,5,1-5,FALSE,Education
1244,Symple,2016,2015-2024,Acquired,Successful,USA,TRUE,11,11-25,FALSE,B2B
1244,Symple,2016,2015-2024,Acquired,Successful,USA,TRUE,11,11-25,FALSE,Finance and Accounting
1241,Pursuit,2016,2015-2024,Acquired,Successful,USA,TRUE,2,1-5,FALSE,Consumer
1241,Pursuit,2016,2015-2024,Acquired,Successful,USA,TRUE,2,1-5,FALSE,Gaming
1239,Burrow,2016,2015-2024,Acquired,Successful,USA,TRUE,60,26-100,FALSE,Consumer
1239,Burrow,2016,2015-2024,Acquired,Successful,USA,TRUE,60,26-100,FALSE,Home and Personal
1237,garten,2016,2015-2024,Acquired,Successful,USA,TRUE,201,101-500,FALSE,B2B
1237,garten,2016,2015-2024,Acquired,Successful,USA,TRUE,201,101-500,FALSE,Productivity
1234,Fabric,2016,2015-2024,Acquired,Successful,USA,TRUE,2,1-5,FALSE,Consumer
1234,Fabric,2016,2015-2024,Acquired,Successful,USA,TRUE,2,1-5,FALSE,Social
1230,Techmate,2016,2015-2024,Acquired,Successful,USA,TRUE,11,11-25,FALSE,Consumer
1230,Techmate,2016,2015-2024,Acquired,Successful,USA,TRUE,11,11-25,FALSE,Home and Personal
1222,Opsolutely,2016,2015-2024,Acquired,Successful,USA,TRUE,2,1-5,FALSE,B2B
1222,Opsolutely,2016,2015-2024,Acquired,Successful,USA,TRUE,2,1-5,FALSE,"Engineering, Product and Design"
1221,Iris Automation,2016,2015-2024,Acquired,Successful,USA,TRUE,NA,NA,FALSE,Industrials
1221,Iris Automation,2016,2015-2024,Acquired,Successful,USA,TRUE,NA,NA,FALSE,Drones
1211,SimpleCitizen,2016,2015-2024,Acquired,Successful,USA,TRUE,23,11-25,FALSE,Consumer
1211,SimpleCitizen,2016,2015-2024,Acquired,Successful,USA,TRUE,23,11-25,FALSE,Home and Personal
1188,CareRev,2016,2015-2024,Acquired,Successful,USA,TRUE,275,101-500,FALSE,Healthcare
1188,CareRev,2016,2015-2024,Acquired,Successful,USA,TRUE,275,101-500,FALSE,Healthcare Services
1187,WorkRamp,2016,2015-2024,Acquired,Successful,USA,TRUE,106,101-500,FALSE,B2B
1187,WorkRamp,2016,2015-2024,Acquired,Successful,USA,TRUE,106,101-500,FALSE,Human Resources
1182,Seneca Systems,2016,2015-2024,Acquired,Successful,USA,TRUE,11,11-25,FALSE,Government
1437,SkyLights,2016,2015-2024,Inactive,Failed,USA,TRUE,5,1-5,FALSE,Consumer
1437,SkyLights,2016,2015-2024,Inactive,Failed,USA,TRUE,5,1-5,FALSE,Virtual and Augmented Reality
1432,UtilityScore (formerly Pando),2016,2015-2024,Inactive,Failed,USA,TRUE,6,6-10,FALSE,Consumer
1432,UtilityScore (formerly Pando),2016,2015-2024,Inactive,Failed,USA,TRUE,6,6-10,FALSE,Home and Personal
1304,Reebeez,2016,2015-2024,Inactive,Failed,USA,TRUE,2,1-5,FALSE,Industrials
1304,Reebeez,2016,2015-2024,Inactive,Failed,USA,TRUE,2,1-5,FALSE,Drones
1303,Lendsnap,2016,2015-2024,Inactive,Failed,USA,TRUE,0,NA,FALSE,Fintech
1303,Lendsnap,2016,2015-2024,Inactive,Failed,USA,TRUE,0,NA,FALSE,Banking and Exchange
1301,Ubiq,2016,2015-2024,Inactive,Failed,USA,TRUE,6,6-10,FALSE,B2B
1301,Ubiq,2016,2015-2024,Inactive,Failed,USA,TRUE,6,6-10,FALSE,Productivity
1283,Abundance Labs,2016,2015-2024,Inactive,Failed,USA,TRUE,12,11-25,FALSE,Consumer
1283,Abundance Labs,2016,2015-2024,Inactive,Failed,USA,TRUE,12,11-25,FALSE,Home and Personal
1282,GTRACK Technologies,2016,2015-2024,Inactive,Failed,USA,TRUE,2,1-5,FALSE,Industrials
1282,GTRACK Technologies,2016,2015-2024,Inactive,Failed,USA,TRUE,2,1-5,FALSE,Energy
1279,Xberts,2016,2015-2024,Inactive,Failed,USA,TRUE,50,26-100,FALSE,Consumer
1278,Scanate/Fellow,2016,2015-2024,Inactive,Failed,USA,TRUE,2,1-5,FALSE,B2B
1278,Scanate/Fellow,2016,2015-2024,Inactive,Failed,USA,TRUE,2,1-5,FALSE,Finance and Accounting
1273,Starsky Robotics,2016,2015-2024,Inactive,Failed,USA,TRUE,11,11-25,FALSE,Industrials
1273,Starsky Robotics,2016,2015-2024,Inactive,Failed,USA,TRUE,11,11-25,FALSE,Automotive
1268,Seerslab,2016,2015-2024,Inactive,Failed,USA,TRUE,39,26-100,FALSE,Consumer
1268,Seerslab,2016,2015-2024,Inactive,Failed,USA,TRUE,39,26-100,FALSE,Social
1267,Drivezy,2016,2015-2024,Inactive,Failed,India,FALSE,201,101-500,FALSE,Consumer
1267,Drivezy,2016,2015-2024,Inactive,Failed,India,FALSE,201,101-500,FALSE,"Travel, Leisure and Tourism"
1250,Airo Health,2016,2015-2024,Inactive,Failed,USA,TRUE,2,1-5,FALSE,Healthcare
1250,Airo Health,2016,2015-2024,Inactive,Failed,USA,TRUE,2,1-5,FALSE,Consumer Health and Wellness
1248,Sage Care,2016,2015-2024,Inactive,Failed,Canada,FALSE,0,NA,FALSE,Healthcare
1248,Sage Care,2016,2015-2024,Inactive,Failed,Canada,FALSE,0,NA,FALSE,Healthcare Services
1243,Kenota (formerly ExVivo Labs),2016,2015-2024,Inactive,Failed,Canada,FALSE,35,26-100,FALSE,Healthcare
1243,Kenota (formerly ExVivo Labs),2016,2015-2024,Inactive,Failed,Canada,FALSE,35,26-100,FALSE,Diagnostics
1242,Coub,2016,2015-2024,Inactive,Failed,Russia,FALSE,11,11-25,FALSE,Consumer
1242,Coub,2016,2015-2024,Inactive,Failed,Russia,FALSE,11,11-25,FALSE,Social
1240,Robby Technologies,2016,2015-2024,Inactive,Failed,USA,TRUE,11,11-25,FALSE,Industrials
1240,Robby Technologies,2016,2015-2024,Inactive,Failed,USA,TRUE,11,11-25,FALSE,Manufacturing and Robotics
1238,Mosaix.ai,2016,2015-2024,Inactive,Failed,USA,TRUE,20,11-25,FALSE,Consumer
1238,Mosaix.ai,2016,2015-2024,Inactive,Failed,USA,TRUE,20,11-25,FALSE,Transportation Services
1236,Clip Health,2016,2015-2024,Inactive,Failed,USA,TRUE,10,6-10,FALSE,Healthcare
1235,Shield Bio,2016,2015-2024,Inactive,Failed,USA,TRUE,28,26-100,FALSE,Healthcare
1235,Shield Bio,2016,2015-2024,Inactive,Failed,USA,TRUE,28,26-100,FALSE,Diagnostics
1231,CoinTent,2016,2015-2024,Inactive,Failed,USA,TRUE,2,1-5,FALSE,B2B
1231,CoinTent,2016,2015-2024,Inactive,Failed,USA,TRUE,2,1-5,FALSE,Marketing
1228,Haywheel,2016,2015-2024,Inactive,Failed,USA,TRUE,2,1-5,FALSE,B2B
1228,Haywheel,2016,2015-2024,Inactive,Failed,USA,TRUE,2,1-5,FALSE,Retail
1227,Looklive,2016,2015-2024,Inactive,Failed,USA,TRUE,11,11-25,FALSE,Consumer
1227,Looklive,2016,2015-2024,Inactive,Failed,USA,TRUE,11,11-25,FALSE,Apparel and Cosmetics
1223,Metapacket,2016,2015-2024,Inactive,Failed,USA,TRUE,2,1-5,FALSE,B2B
1223,Metapacket,2016,2015-2024,Inactive,Failed,USA,TRUE,2,1-5,FALSE,Security
1220,Sway Finance,2016,2015-2024,Inactive,Failed,USA,TRUE,2,1-5,FALSE,B2B
1220,Sway Finance,2016,2015-2024,Inactive,Failed,USA,TRUE,2,1-5,FALSE,Finance and Accounting
1219,Hush,2016,2015-2024,Inactive,Failed,USA,TRUE,2,1-5,FALSE,Consumer
1219,Hush,2016,2015-2024,Inactive,Failed,USA,TRUE,2,1-5,FALSE,Apparel and Cosmetics
1218,Whyd,2016,2015-2024,Inactive,Failed,USA,TRUE,2,1-5,FALSE,Consumer
1218,Whyd,2016,2015-2024,Inactive,Failed,USA,TRUE,2,1-5,FALSE,Consumer Electronics
1209,RigPlenish,2016,2015-2024,Inactive,Failed,USA,TRUE,2,1-5,FALSE,Healthcare
1209,RigPlenish,2016,2015-2024,Inactive,Failed,USA,TRUE,2,1-5,FALSE,Healthcare IT
1208,Farmstead,2016,2015-2024,Inactive,Failed,USA,TRUE,10,6-10,FALSE,Consumer
1208,Farmstead,2016,2015-2024,Inactive,Failed,USA,TRUE,10,6-10,FALSE,Food and Beverage
1203,Hellobill,2016,2015-2024,Inactive,Failed,,FALSE,2,1-5,FALSE,B2B
1203,Hellobill,2016,2015-2024,Inactive,Failed,,FALSE,2,1-5,FALSE,Finance and Accounting
1191,PatientBank,2016,2015-2024,Inactive,Failed,USA,TRUE,2,1-5,FALSE,Healthcare
1191,PatientBank,2016,2015-2024,Inactive,Failed,USA,TRUE,2,1-5,FALSE,Healthcare IT
1189,Sixa,2016,2015-2024,Inactive,Failed,USA,TRUE,11,11-25,FALSE,B2B
1189,Sixa,2016,2015-2024,Inactive,Failed,USA,TRUE,11,11-25,FALSE,"Engineering, Product and Design"
1186,Selfycart,2016,2015-2024,Inactive,Failed,USA,TRUE,2,1-5,FALSE,B2B
1186,Selfycart,2016,2015-2024,Inactive,Failed,USA,TRUE,2,1-5,FALSE,Retail
1185,SmartSite,2016,2015-2024,Inactive,Failed,United Kingdom,FALSE,2,1-5,FALSE,Real Estate and Construction
1185,SmartSite,2016,2015-2024,Inactive,Failed,United Kingdom,FALSE,2,1-5,FALSE,Construction
1180,Mindori,2016,2015-2024,Inactive,Failed,USA,TRUE,1,1-5,FALSE,B2B
1180,Mindori,2016,2015-2024,Inactive,Failed,USA,TRUE,1,1-5,FALSE,Retail
30131,Asha Health,2024,2015-2024,Active,Surviving,USA,TRUE,9,6-10,FALSE,Healthcare
30130,Apolink,2024,2015-2024,Active,Surviving,USA,TRUE,7,6-10,FALSE,Industrials
30130,Apolink,2024,2015-2024,Active,Surviving,USA,TRUE,7,6-10,FALSE,Aviation and Space
30129,HumanLayer,2024,2015-2024,Active,Surviving,USA,TRUE,3,1-5,FALSE,B2B
30129,HumanLayer,2024,2015-2024,Active,Surviving,USA,TRUE,3,1-5,FALSE,"Engineering, Product and Design"
30127,Loombotic,2024,2015-2024,Active,Surviving,,FALSE,11,11-25,FALSE,Industrials
30127,Loombotic,2024,2015-2024,Active,Surviving,,FALSE,11,11-25,FALSE,Manufacturing and Robotics
30126,Roundabout Technologies,2024,2015-2024,Active,Surviving,USA,TRUE,4,1-5,FALSE,Government
30125,Synth,2024,2015-2024,Active,Surviving,USA,TRUE,2,1-5,FALSE,B2B
30125,Synth,2024,2015-2024,Active,Surviving,USA,TRUE,2,1-5,FALSE,Infrastructure
30124,Careforce,2024,2015-2024,Active,Surviving,USA,TRUE,9,6-10,FALSE,Healthcare
30124,Careforce,2024,2015-2024,Active,Surviving,USA,TRUE,9,6-10,FALSE,Healthcare IT
30119,Canvas,2024,2015-2024,Active,Surviving,USA,TRUE,3,1-5,FALSE,B2B
30118,Ember,2024,2015-2024,Active,Surviving,USA,TRUE,10,6-10,FALSE,Healthcare
30117,Relvy AI,2024,2015-2024,Active,Surviving,USA,TRUE,3,1-5,FALSE,B2B
30117,Relvy AI,2024,2015-2024,Active,Surviving,USA,TRUE,3,1-5,FALSE,"Engineering, Product and Design"
30116,Friday,2024,2015-2024,Active,Surviving,USA,TRUE,5,1-5,FALSE,Consumer
30115,SRE.ai,2024,2015-2024,Active,Surviving,USA,TRUE,5,1-5,FALSE,B2B
30115,SRE.ai,2024,2015-2024,Active,Surviving,USA,TRUE,5,1-5,FALSE,Infrastructure
30114,Ryvn,2024,2015-2024,Active,Surviving,USA,TRUE,5,1-5,FALSE,B2B
30114,Ryvn,2024,2015-2024,Active,Surviving,USA,TRUE,5,1-5,FALSE,Infrastructure
30113,Melder,2024,2015-2024,Active,Surviving,USA,TRUE,2,1-5,FALSE,B2B
30113,Melder,2024,2015-2024,Active,Surviving,USA,TRUE,2,1-5,FALSE,Productivity
30112,Vaya,2024,2015-2024,Active,Surviving,USA,TRUE,2,1-5,FALSE,Consumer
30112,Vaya,2024,2015-2024,Active,Surviving,USA,TRUE,2,1-5,FALSE,"Travel, Leisure and Tourism"
30111,x1,2024,2015-2024,Active,Surviving,USA,TRUE,5,1-5,FALSE,Consumer
30110,Forerunner AI,2024,2015-2024,Active,Surviving,USA,TRUE,2,1-5,FALSE,Industrials
30110,Forerunner AI,2024,2015-2024,Active,Surviving,USA,TRUE,2,1-5,FALSE,Aviation and Space
30109,FutureClinic,2024,2015-2024,Active,Surviving,USA,TRUE,4,1-5,FALSE,Healthcare
30108,Struct,2024,2015-2024,Active,Surviving,USA,TRUE,2,1-5,FALSE,B2B
30108,Struct,2024,2015-2024,Active,Surviving,USA,TRUE,2,1-5,FALSE,"Engineering, Product and Design"
30107,Surge,2024,2015-2024,Active,Surviving,USA,TRUE,3,1-5,FALSE,B2B
30107,Surge,2024,2015-2024,Active,Surviving,USA,TRUE,3,1-5,FALSE,"Engineering, Product and Design"
30106,Sunset,2024,2015-2024,Active,Surviving,,FALSE,5,1-5,FALSE,Fintech
30106,Sunset,2024,2015-2024,Active,Surviving,,FALSE,5,1-5,FALSE,Consumer Finance
30105,ArchiLabs,2024,2015-2024,Active,Surviving,USA,TRUE,2,1-5,FALSE,Real Estate and Construction
30105,ArchiLabs,2024,2015-2024,Active,Surviving,USA,TRUE,2,1-5,FALSE,Construction
30104,Revi,2024,2015-2024,Active,Surviving,NA,FALSE,2,1-5,FALSE,B2B
30104,Revi,2024,2015-2024,Active,Surviving,NA,FALSE,2,1-5,FALSE,Sales
30103,Metreecs,2024,2015-2024,Active,Surviving,,FALSE,6,6-10,FALSE,B2B
30103,Metreecs,2024,2015-2024,Active,Surviving,,FALSE,6,6-10,FALSE,Retail
30102,Diffusion Studio,2024,2015-2024,Active,Surviving,USA,TRUE,3,1-5,FALSE,Consumer
30102,Diffusion Studio,2024,2015-2024,Active,Surviving,USA,TRUE,3,1-5,FALSE,Content
30101,Kilvin,2024,2015-2024,Active,Surviving,USA,TRUE,3,1-5,FALSE,B2B
30101,Kilvin,2024,2015-2024,Active,Surviving,USA,TRUE,3,1-5,FALSE,"Engineering, Product and Design"
30100,Alex,2024,2015-2024,Active,Surviving,USA,TRUE,3,1-5,FALSE,B2B
30100,Alex,2024,2015-2024,Active,Surviving,USA,TRUE,3,1-5,FALSE,"Engineering, Product and Design"
30097,Innate,2024,2015-2024,Active,Surviving,USA,TRUE,5,1-5,FALSE,Consumer
30097,Innate,2024,2015-2024,Active,Surviving,USA,TRUE,5,1-5,FALSE,Consumer Electronics
30096,Capy,2024,2015-2024,Active,Surviving,USA,TRUE,6,6-10,FALSE,B2B
30096,Capy,2024,2015-2024,Active,Surviving,USA,TRUE,6,6-10,FALSE,"Engineering, Product and Design"
30095,Consus,2024,2015-2024,Active,Surviving,USA,TRUE,1,1-5,FALSE,Industrials
30095,Consus,2024,2015-2024,Active,Surviving,USA,TRUE,1,1-5,FALSE,Aviation and Space
30091,CollectWise,2024,2015-2024,Active,Surviving,USA,TRUE,8,6-10,FALSE,Fintech
30090,Origami,2024,2015-2024,Active,Surviving,USA,TRUE,10,6-10,FALSE,B2B
30090,Origami,2024,2015-2024,Active,Surviving,USA,TRUE,10,6-10,FALSE,Sales
30089,Fresco,2024,2015-2024,Active,Surviving,USA,TRUE,2,1-5,FALSE,Real Estate and Construction
30089,Fresco,2024,2015-2024,Active,Surviving,USA,TRUE,2,1-5,FALSE,Construction
30088,PermitPortal,2024,2015-2024,Active,Surviving,USA,TRUE,2,1-5,FALSE,Real Estate and Construction
30087,Gecko Security,2024,2015-2024,Active,Surviving,USA,TRUE,2,1-5,FALSE,B2B
30087,Gecko Security,2024,2015-2024,Active,Surviving,USA,TRUE,2,1-5,FALSE,Security
30083,Curo,2024,2015-2024,Active,Surviving,USA,TRUE,6,6-10,FALSE,Industrials
30083,Curo,2024,2015-2024,Active,Surviving,USA,TRUE,6,6-10,FALSE,Automotive
30080,Dexter,2024,2015-2024,Active,Surviving,Germany,FALSE,3,1-5,FALSE,B2B
30080,Dexter,2024,2015-2024,Active,Surviving,Germany,FALSE,3,1-5,FALSE,Finance and Accounting
30079,Moonshine,2024,2015-2024,Active,Surviving,USA,TRUE,2,1-5,FALSE,B2B
30077,AutoComputer,2024,2015-2024,Active,Surviving,USA,TRUE,2,1-5,FALSE,B2B
30076,Crustdata,2024,2015-2024,Active,Surviving,,FALSE,20,11-25,FALSE,B2B
30076,Crustdata,2024,2015-2024,Active,Surviving,,FALSE,20,11-25,FALSE,Sales
30075,Tiny,2024,2015-2024,Active,Surviving,Singapore,FALSE,3,1-5,FALSE,B2B
30074,vly.ai,2024,2015-2024,Active,Surviving,USA,TRUE,3,1-5,FALSE,B2B
30074,vly.ai,2024,2015-2024,Active,Surviving,USA,TRUE,3,1-5,FALSE,"Engineering, Product and Design"
30073,Pearson Labs,2024,2015-2024,Active,Surviving,USA,TRUE,2,1-5,FALSE,B2B
30073,Pearson Labs,2024,2015-2024,Active,Surviving,USA,TRUE,2,1-5,FALSE,Legal
30068,Stewdio,2024,2015-2024,Active,Surviving,USA,TRUE,2,1-5,FALSE,Consumer
30067,Beglaubigt.de,2024,2015-2024,Active,Surviving,,FALSE,15,11-25,FALSE,B2B
30067,Beglaubigt.de,2024,2015-2024,Active,Surviving,,FALSE,15,11-25,FALSE,Legal
30066,Unusual,2024,2015-2024,Active,Surviving,USA,TRUE,2,1-5,FALSE,B2B
30066,Unusual,2024,2015-2024,Active,Surviving,USA,TRUE,2,1-5,FALSE,Marketing
30065,Charm,2024,2015-2024,Active,Surviving,USA,TRUE,1,1-5,FALSE,Consumer
30065,Charm,2024,2015-2024,Active,Surviving,USA,TRUE,1,1-5,FALSE,Social
30064,HYBRD,2024,2015-2024,Active,Surviving,USA,TRUE,5,1-5,FALSE,Consumer
30063,Codebuff,2024,2015-2024,Active,Surviving,USA,TRUE,2,1-5,FALSE,B2B
30063,Codebuff,2024,2015-2024,Active,Surviving,USA,TRUE,2,1-5,FALSE,"Engineering, Product and Design"
30062,Karmen,2024,2015-2024,Active,Surviving,USA,TRUE,2,1-5,FALSE,Real Estate and Construction
30062,Karmen,2024,2015-2024,Active,Surviving,USA,TRUE,2,1-5,FALSE,Construction
30060,Lingo.dev,2024,2015-2024,Active,Surviving,USA,TRUE,7,6-10,FALSE,B2B
30060,Lingo.dev,2024,2015-2024,Active,Surviving,USA,TRUE,7,6-10,FALSE,"Engineering, Product and Design"
30059,Sphinx,2024,2015-2024,Active,Surviving,USA,TRUE,14,11-25,FALSE,Fintech
30057,Luthor,2024,2015-2024,Active,Surviving,USA,TRUE,3,1-5,FALSE,B2B
30056,Keye,2024,2015-2024,Active,Surviving,USA,TRUE,3,1-5,FALSE,Fintech
30055,RiskCube,2024,2015-2024,Active,Surviving,USA,TRUE,3,1-5,FALSE,Fintech
30055,RiskCube,2024,2015-2024,Active,Surviving,USA,TRUE,3,1-5,FALSE,Insurance
30054,CTGT,2024,2015-2024,Active,Surviving,USA,TRUE,6,6-10,FALSE,B2B
30054,CTGT,2024,2015-2024,Active,Surviving,USA,TRUE,6,6-10,FALSE,Infrastructure
30053,RevisionDojo,2024,2015-2024,Active,Surviving,,FALSE,10,6-10,FALSE,Education
30052,ISSEN,2024,2015-2024,Active,Surviving,USA,TRUE,1,1-5,FALSE,Consumer
30051,attimet,2024,2015-2024,Active,Surviving,USA,TRUE,3,1-5,FALSE,Fintech
30050,Smooth,2024,2015-2024,Active,Surviving,,FALSE,2,1-5,FALSE,B2B
30050,Smooth,2024,2015-2024,Active,Surviving,,FALSE,2,1-5,FALSE,"Engineering, Product and Design"
30049,Reticular,2024,2015-2024,Active,Surviving,USA,TRUE,2,1-5,FALSE,Healthcare
30049,Reticular,2024,2015-2024,Active,Surviving,USA,TRUE,2,1-5,FALSE,Drug Discovery and Delivery
30048,Matcha,2024,2015-2024,Active,Surviving,USA,TRUE,2,1-5,FALSE,Healthcare
30047,Endstack,2024,2015-2024,Active,Surviving,USA,TRUE,2,1-5,FALSE,B2B
30046,Cekura,2024,2015-2024,Active,Surviving,USA,TRUE,15,11-25,FALSE,B2B
30046,Cekura,2024,2015-2024,Active,Surviving,USA,TRUE,15,11-25,FALSE,"Engineering, Product and Design"
30045,Archil,2024,2015-2024,Active,Surviving,USA,TRUE,11,11-25,FALSE,B2B
30045,Archil,2024,2015-2024,Active,Surviving,USA,TRUE,11,11-25,FALSE,Infrastructure
30044,Sandra AI,2024,2015-2024,Active,Surviving,USA,TRUE,3,1-5,FALSE,B2B
30043,Vespper,2024,2015-2024,Active,Surviving,NA,FALSE,2,1-5,FALSE,B2B
30043,Vespper,2024,2015-2024,Active,Surviving,NA,FALSE,2,1-5,FALSE,Productivity
30042,VortexifyAI,2024,2015-2024,Active,Surviving,USA,TRUE,3,1-5,FALSE,B2B
30042,VortexifyAI,2024,2015-2024,Active,Surviving,USA,TRUE,3,1-5,FALSE,Supply Chain and Logistics
30041,Revyl,2024,2015-2024,Active,Surviving,USA,TRUE,7,6-10,FALSE,B2B
30041,Revyl,2024,2015-2024,Active,Surviving,USA,TRUE,7,6-10,FALSE,Infrastructure
30039,Raycaster,2024,2015-2024,Active,Surviving,USA,TRUE,3,1-5,FALSE,B2B
30039,Raycaster,2024,2015-2024,Active,Surviving,USA,TRUE,3,1-5,FALSE,Productivity
30038,Lightscreen AI,2024,2015-2024,Active,Surviving,USA,TRUE,2,1-5,FALSE,B2B
30038,Lightscreen AI,2024,2015-2024,Active,Surviving,USA,TRUE,2,1-5,FALSE,Recruiting and Talent
30037,Afternoon.co,2024,2015-2024,Active,Surviving,USA,TRUE,4,1-5,FALSE,B2B
30037,Afternoon.co,2024,2015-2024,Active,Surviving,USA,TRUE,4,1-5,FALSE,Finance and Accounting
30036,Rulebase,2024,2015-2024,Active,Surviving,,FALSE,2,1-5,FALSE,B2B
30036,Rulebase,2024,2015-2024,Active,Surviving,,FALSE,2,1-5,FALSE,Operations
30034,HealthSpark,2024,2015-2024,Active,Surviving,USA,TRUE,1,1-5,FALSE,Healthcare
30033,OpenFunnel,2024,2015-2024,Active,Surviving,USA,TRUE,4,1-5,FALSE,B2B
30033,OpenFunnel,2024,2015-2024,Active,Surviving,USA,TRUE,4,1-5,FALSE,Sales
30032,Darkgrade,2024,2015-2024,Active,Surviving,USA,TRUE,1,1-5,FALSE,B2B
30032,Darkgrade,2024,2015-2024,Active,Surviving,USA,TRUE,1,1-5,FALSE,Infrastructure
30031,Getcho,2024,2015-2024,Active,Surviving,USA,TRUE,3,1-5,FALSE,B2B
30031,Getcho,2024,2015-2024,Active,Surviving,USA,TRUE,3,1-5,FALSE,Supply Chain and Logistics
30030,Candle,2024,2015-2024,Active,Surviving,USA,TRUE,2,1-5,FALSE,Consumer
30029,Moonset Health,2024,2015-2024,Active,Surviving,USA,TRUE,4,1-5,FALSE,B2B
30029,Moonset Health,2024,2015-2024,Active,Surviving,USA,TRUE,4,1-5,FALSE,Sales
30027,Durate,2024,2015-2024,Active,Surviving,USA,TRUE,2,1-5,FALSE,Healthcare
30027,Durate,2024,2015-2024,Active,Surviving,USA,TRUE,2,1-5,FALSE,Healthcare IT
30024,Crouton,2024,2015-2024,Active,Surviving,USA,TRUE,1,1-5,FALSE,B2B
30024,Crouton,2024,2015-2024,Active,Surviving,USA,TRUE,1,1-5,FALSE,Operations
30023,Streamable,2024,2015-2024,Active,Surviving,USA,TRUE,4,1-5,FALSE,Consumer
30022,Symphony,2024,2015-2024,Active,Surviving,USA,TRUE,5,1-5,FALSE,B2B
30021,telli,2024,2015-2024,Active,Surviving,Germany,FALSE,16,11-25,FALSE,B2B
30019,Avora,2024,2015-2024,Active,Surviving,USA,TRUE,4,1-5,FALSE,Healthcare
30018,Galini,2024,2015-2024,Active,Surviving,USA,TRUE,2,1-5,FALSE,B2B
30017,Riveter,2024,2015-2024,Active,Surviving,USA,TRUE,2,1-5,FALSE,B2B
30017,Riveter,2024,2015-2024,Active,Surviving,USA,TRUE,2,1-5,FALSE,"Engineering, Product and Design"
30014,Clarus,2024,2015-2024,Active,Surviving,USA,TRUE,2,1-5,FALSE,B2B
30014,Clarus,2024,2015-2024,Active,Surviving,USA,TRUE,2,1-5,FALSE,"Engineering, Product and Design"
29577,Variant,2024,2015-2024,Active,Surviving,USA,TRUE,5,1-5,FALSE,B2B
29577,Variant,2024,2015-2024,Active,Surviving,USA,TRUE,5,1-5,FALSE,"Engineering, Product and Design"
30099,Gander,2024,2015-2024,Acquired,Successful,USA,TRUE,7,6-10,FALSE,B2B
30099,Gander,2024,2015-2024,Acquired,Successful,USA,TRUE,7,6-10,FALSE,Operations
30040,supercontrast,2024,2015-2024,Inactive,Failed,USA,TRUE,2,1-5,FALSE,B2B
30040,supercontrast,2024,2015-2024,Inactive,Failed,USA,TRUE,2,1-5,FALSE,"Engineering, Product and Design"
30028,Gait,2024,2015-2024,Inactive,Failed,USA,TRUE,2,1-5,FALSE,B2B
30016,Zeroframe,2024,2015-2024,Inactive,Failed,USA,TRUE,2,1-5,FALSE,B2B
439,Coinbase,2012,2005-2014,Public,Successful,USA,TRUE,6112,500+,TRUE,Fintech
439,Coinbase,2012,2005-2014,Public,Successful,USA,TRUE,6112,500+,TRUE,Banking and Exchange
468,Instacart,2012,2005-2014,Public,Successful,USA,TRUE,3000,500+,TRUE,Consumer
468,Instacart,2012,2005-2014,Public,Successful,USA,TRUE,3000,500+,TRUE,Food and Beverage
445,Benchling,2012,2005-2014,Active,Surviving,USA,TRUE,750,500+,TRUE,B2B
429,Lever,2012,2005-2014,Acquired,Successful,USA,TRUE,225,101-500,TRUE,B2B
429,Lever,2012,2005-2014,Acquired,Successful,USA,TRUE,225,101-500,TRUE,Recruiting and Talent
412,Clever,2012,2005-2014,Acquired,Successful,USA,TRUE,210,101-500,TRUE,Education
414,SmartAsset,2012,2005-2014,Active,Surviving,USA,TRUE,210,101-500,TRUE,Fintech
414,SmartAsset,2012,2005-2014,Active,Surviving,USA,TRUE,210,101-500,TRUE,Consumer Finance
442,Zapier,2012,2005-2014,Active,Surviving,USA,TRUE,700,500+,TRUE,B2B
442,Zapier,2012,2005-2014,Active,Surviving,USA,TRUE,700,500+,TRUE,Productivity
469,9gag,2012,2005-2014,Active,Surviving,Hong Kong,FALSE,36,26-100,FALSE,Consumer
469,9gag,2012,2005-2014,Active,Surviving,Hong Kong,FALSE,36,26-100,FALSE,Social
467,Svbtle,2012,2005-2014,Active,Surviving,USA,TRUE,2,1-5,FALSE,Consumer
467,Svbtle,2012,2005-2014,Active,Surviving,USA,TRUE,2,1-5,FALSE,Content
464,Plivo,2012,2005-2014,Active,Surviving,USA,TRUE,320,101-500,FALSE,B2B
461,Double Robotics,2012,2005-2014,Active,Surviving,USA,TRUE,11,11-25,FALSE,B2B
461,Double Robotics,2012,2005-2014,Active,Surviving,USA,TRUE,11,11-25,FALSE,Productivity
460,Vastrm,2012,2005-2014,Active,Surviving,USA,TRUE,2,1-5,FALSE,Consumer
460,Vastrm,2012,2005-2014,Active,Surviving,USA,TRUE,2,1-5,FALSE,Apparel and Cosmetics
446,Flightfox,2012,2005-2014,Active,Surviving,USA,TRUE,25,11-25,FALSE,B2B
446,Flightfox,2012,2005-2014,Active,Surviving,USA,TRUE,25,11-25,FALSE,Operations
444,BackerKit,2012,2005-2014,Active,Surviving,USA,TRUE,42,26-100,FALSE,B2B
444,BackerKit,2012,2005-2014,Active,Surviving,USA,TRUE,42,26-100,FALSE,Sales
440,Submittable,2012,2005-2014,Active,Surviving,USA,TRUE,302,101-500,FALSE,B2B
438,NewsBlur,2012,2005-2014,Active,Surviving,USA,TRUE,1,1-5,FALSE,Consumer
438,NewsBlur,2012,2005-2014,Active,Surviving,USA,TRUE,1,1-5,FALSE,Content
432,OctaveWealth,2012,2005-2014,Active,Surviving,USA,TRUE,2,1-5,FALSE,B2B
432,OctaveWealth,2012,2005-2014,Active,Surviving,USA,TRUE,2,1-5,FALSE,Human Resources
428,Upwave,2012,2005-2014,Active,Surviving,USA,TRUE,50,26-100,FALSE,B2B
428,Upwave,2012,2005-2014,Active,Surviving,USA,TRUE,50,26-100,FALSE,Operations
417,Eligible,2012,2005-2014,Active,Surviving,USA,TRUE,NA,NA,FALSE,Healthcare
417,Eligible,2012,2005-2014,Active,Surviving,USA,TRUE,NA,NA,FALSE,Healthcare IT
415,FundersClub,2012,2005-2014,Active,Surviving,USA,TRUE,5,1-5,FALSE,Fintech
415,FundersClub,2012,2005-2014,Active,Surviving,USA,TRUE,5,1-5,FALSE,Asset Management
409,Zentail,2012,2005-2014,Active,Surviving,USA,TRUE,30,26-100,FALSE,B2B
409,Zentail,2012,2005-2014,Active,Surviving,USA,TRUE,30,26-100,FALSE,Supply Chain and Logistics
407,Mattermost,2012,2005-2014,Active,Surviving,USA,TRUE,120,101-500,FALSE,B2B
407,Mattermost,2012,2005-2014,Active,Surviving,USA,TRUE,120,101-500,FALSE,Productivity
405,HealthSherpa,2012,2005-2014,Active,Surviving,USA,TRUE,220,101-500,FALSE,Healthcare
405,HealthSherpa,2012,2005-2014,Active,Surviving,USA,TRUE,220,101-500,FALSE,Healthcare Services
403,Human Dx,2012,2005-2014,Active,Surviving,USA,TRUE,11,11-25,FALSE,Healthcare
403,Human Dx,2012,2005-2014,Active,Surviving,USA,TRUE,11,11-25,FALSE,Healthcare IT
402,Mth Sense,2012,2005-2014,Active,Surviving,USA,TRUE,11,11-25,FALSE,B2B
402,Mth Sense,2012,2005-2014,Active,Surviving,USA,TRUE,11,11-25,FALSE,Marketing
395,Rainforest,2012,2005-2014,Active,Surviving,USA,TRUE,40,26-100,FALSE,B2B
395,Rainforest,2012,2005-2014,Active,Surviving,USA,TRUE,40,26-100,FALSE,"Engineering, Product and Design"
1360,ClassDojo,2012,2005-2014,Active,Surviving,USA,TRUE,100,26-100,FALSE,Education
462,Study Edge,2012,2005-2014,Acquired,Successful,USA,TRUE,50,26-100,FALSE,Education
455,Virool,2012,2005-2014,Acquired,Successful,USA,TRUE,51,26-100,FALSE,B2B
455,Virool,2012,2005-2014,Acquired,Successful,USA,TRUE,51,26-100,FALSE,Marketing
443,VoiceGem,2012,2005-2014,Acquired,Successful,USA,TRUE,2,1-5,FALSE,B2B
443,VoiceGem,2012,2005-2014,Acquired,Successful,USA,TRUE,2,1-5,FALSE,Recruiting and Talent
441,Mattermark,2012,2005-2014,Acquired,Successful,USA,TRUE,11,11-25,FALSE,B2B
441,Mattermark,2012,2005-2014,Acquired,Successful,USA,TRUE,11,11-25,FALSE,Sales
434,Natero,2012,2005-2014,Acquired,Successful,USA,TRUE,11,11-25,FALSE,B2B
434,Natero,2012,2005-2014,Acquired,Successful,USA,TRUE,11,11-25,FALSE,Operations
433,BufferBox,2012,2005-2014,Acquired,Successful,Canada,FALSE,2,1-5,FALSE,Consumer
433,BufferBox,2012,2005-2014,Acquired,Successful,Canada,FALSE,2,1-5,FALSE,Home and Personal
423,Easel,2012,2005-2014,Acquired,Successful,USA,TRUE,2,1-5,FALSE,B2B
423,Easel,2012,2005-2014,Acquired,Successful,USA,TRUE,2,1-5,FALSE,"Engineering, Product and Design"
413,Vayable,2012,2005-2014,Acquired,Successful,USA,TRUE,2,1-5,FALSE,Consumer
413,Vayable,2012,2005-2014,Acquired,Successful,USA,TRUE,2,1-5,FALSE,"Travel, Leisure and Tourism"
410,Soylent,2012,2005-2014,Acquired,Successful,USA,TRUE,51,26-100,FALSE,Consumer
410,Soylent,2012,2005-2014,Acquired,Successful,USA,TRUE,51,26-100,FALSE,Food and Beverage
401,Streem,2012,2005-2014,Acquired,Successful,USA,TRUE,4,1-5,FALSE,Consumer
401,Streem,2012,2005-2014,Acquired,Successful,USA,TRUE,4,1-5,FALSE,Content
398,OmniVirt,2012,2005-2014,Acquired,Successful,USA,TRUE,15,11-25,FALSE,B2B
398,OmniVirt,2012,2005-2014,Acquired,Successful,USA,TRUE,15,11-25,FALSE,Marketing
397,Fullstack Academy,2012,2005-2014,Acquired,Successful,USA,TRUE,220,101-500,FALSE,Education
394,Statwing,2012,2005-2014,Acquired,Successful,USA,TRUE,2,1-5,FALSE,B2B
394,Statwing,2012,2005-2014,Acquired,Successful,USA,TRUE,2,1-5,FALSE,Analytics
393,Kamcord,2012,2005-2014,Acquired,Successful,USA,TRUE,11,11-25,FALSE,Consumer
393,Kamcord,2012,2005-2014,Acquired,Successful,USA,TRUE,11,11-25,FALSE,Gaming
390,ZeroMailer,2012,2005-2014,Acquired,Successful,,FALSE,2,1-5,FALSE,B2B
390,ZeroMailer,2012,2005-2014,Acquired,Successful,,FALSE,2,1-5,FALSE,Productivity
389,Boosted,2012,2005-2014,Acquired,Successful,USA,TRUE,51,26-100,FALSE,Consumer
389,Boosted,2012,2005-2014,Acquired,Successful,USA,TRUE,51,26-100,FALSE,Consumer Electronics
388,Knowmia,2012,2005-2014,Acquired,Successful,USA,TRUE,11,11-25,FALSE,Education
387,Pixate,2012,2005-2014,Acquired,Successful,USA,TRUE,10,6-10,FALSE,B2B
387,Pixate,2012,2005-2014,Acquired,Successful,USA,TRUE,10,6-10,FALSE,Infrastructure
466,Light Table/Eve,2012,2005-2014,Inactive,Failed,USA,TRUE,5,1-5,FALSE,B2B
466,Light Table/Eve,2012,2005-2014,Inactive,Failed,USA,TRUE,5,1-5,FALSE,"Engineering, Product and Design"
465,Thread,2012,2005-2014,Inactive,Failed,United Kingdom,FALSE,92,26-100,FALSE,Consumer
465,Thread,2012,2005-2014,Inactive,Failed,United Kingdom,FALSE,92,26-100,FALSE,Home and Personal
463,GetGoing,2012,2005-2014,Inactive,Failed,USA,TRUE,11,11-25,FALSE,Consumer
463,GetGoing,2012,2005-2014,Inactive,Failed,USA,TRUE,11,11-25,FALSE,"Travel, Leisure and Tourism"
459,Scoutzie,2012,2005-2014,Inactive,Failed,USA,TRUE,2,1-5,FALSE,B2B
459,Scoutzie,2012,2005-2014,Inactive,Failed,USA,TRUE,2,1-5,FALSE,"Engineering, Product and Design"
458,Assorted Bits,2012,2005-2014,Inactive,Failed,,FALSE,0,NA,FALSE,B2B
458,Assorted Bits,2012,2005-2014,Inactive,Failed,,FALSE,0,NA,FALSE,Productivity
457,Viacycle,2012,2005-2014,Inactive,Failed,USA,TRUE,2,1-5,FALSE,Consumer
457,Viacycle,2012,2005-2014,Inactive,Failed,USA,TRUE,2,1-5,FALSE,Transportation Services
456,Parallel Universe,2012,2005-2014,Inactive,Failed,,FALSE,2,1-5,FALSE,B2B
456,Parallel Universe,2012,2005-2014,Inactive,Failed,,FALSE,2,1-5,FALSE,Infrastructure
454,Celery,2012,2005-2014,Inactive,Failed,USA,TRUE,11,11-25,FALSE,B2B
454,Celery,2012,2005-2014,Inactive,Failed,USA,TRUE,11,11-25,FALSE,Retail
453,Everyday.me,2012,2005-2014,Inactive,Failed,,FALSE,11,11-25,FALSE,Consumer
453,Everyday.me,2012,2005-2014,Inactive,Failed,,FALSE,11,11-25,FALSE,Social
452,MicroEval,2012,2005-2014,Inactive,Failed,USA,TRUE,2,1-5,FALSE,B2B
452,MicroEval,2012,2005-2014,Inactive,Failed,USA,TRUE,2,1-5,FALSE,Human Resources
451,Credictive,2012,2005-2014,Inactive,Failed,,FALSE,0,NA,FALSE,B2B
451,Credictive,2012,2005-2014,Inactive,Failed,,FALSE,0,NA,FALSE,"Engineering, Product and Design"
450,RegistryLove,2012,2005-2014,Inactive,Failed,USA,TRUE,11,11-25,FALSE,Consumer
450,RegistryLove,2012,2005-2014,Inactive,Failed,USA,TRUE,11,11-25,FALSE,Home and Personal
449,GoScale,2012,2005-2014,Inactive,Failed,United Kingdom,FALSE,2,1-5,FALSE,B2B
449,GoScale,2012,2005-2014,Inactive,Failed,United Kingdom,FALSE,2,1-5,FALSE,Infrastructure
448,Tastemaker,2012,2005-2014,Inactive,Failed,USA,TRUE,11,11-25,FALSE,Consumer
448,Tastemaker,2012,2005-2014,Inactive,Failed,USA,TRUE,11,11-25,FALSE,Home and Personal
447,Coco Controller,2012,2005-2014,Inactive,Failed,,FALSE,0,NA,FALSE,Consumer
447,Coco Controller,2012,2005-2014,Inactive,Failed,,FALSE,0,NA,FALSE,Consumer Electronics
437,Partnered,2012,2005-2014,Inactive,Failed,USA,TRUE,11,11-25,FALSE,B2B
437,Partnered,2012,2005-2014,Inactive,Failed,USA,TRUE,11,11-25,FALSE,Sales
435,Profig,2012,2005-2014,Inactive,Failed,USA,TRUE,2,1-5,FALSE,B2B
435,Profig,2012,2005-2014,Inactive,Failed,USA,TRUE,2,1-5,FALSE,Operations
431,Keychain Logistics,2012,2005-2014,Inactive,Failed,USA,TRUE,2,1-5,FALSE,B2B
431,Keychain Logistics,2012,2005-2014,Inactive,Failed,USA,TRUE,2,1-5,FALSE,Supply Chain and Logistics
430,ReelSurfer,2012,2005-2014,Inactive,Failed,USA,TRUE,2,1-5,FALSE,Consumer
430,ReelSurfer,2012,2005-2014,Inactive,Failed,USA,TRUE,2,1-5,FALSE,Social
427,Dreamforge,2012,2005-2014,Inactive,Failed,USA,TRUE,2,1-5,FALSE,B2B
427,Dreamforge,2012,2005-2014,Inactive,Failed,USA,TRUE,2,1-5,FALSE,"Engineering, Product and Design"
426,Collections,2012,2005-2014,Inactive,Failed,USA,TRUE,2,1-5,FALSE,Consumer
426,Collections,2012,2005-2014,Inactive,Failed,USA,TRUE,2,1-5,FALSE,Home and Personal
425,FileStack,2012,2005-2014,Inactive,Failed,USA,TRUE,50,26-100,FALSE,B2B
425,FileStack,2012,2005-2014,Inactive,Failed,USA,TRUE,50,26-100,FALSE,Productivity
424,Hipset,2012,2005-2014,Inactive,Failed,,FALSE,0,NA,FALSE,Consumer
424,Hipset,2012,2005-2014,Inactive,Failed,,FALSE,0,NA,FALSE,Content
422,Kippt,2012,2005-2014,Inactive,Failed,USA,TRUE,2,1-5,FALSE,B2B
422,Kippt,2012,2005-2014,Inactive,Failed,USA,TRUE,2,1-5,FALSE,Productivity
421,Hiptype,2012,2005-2014,Inactive,Failed,USA,TRUE,2,1-5,FALSE,B2B
421,Hiptype,2012,2005-2014,Inactive,Failed,USA,TRUE,2,1-5,FALSE,Analytics
420,Markupwand,2012,2005-2014,Inactive,Failed,India,FALSE,3,1-5,FALSE,B2B
420,Markupwand,2012,2005-2014,Inactive,Failed,India,FALSE,3,1-5,FALSE,"Engineering, Product and Design"
419,BrainTripping,2012,2005-2014,Inactive,Failed,,FALSE,1,1-5,FALSE,Consumer
418,Crohnology (by Healthy Labs),2012,2005-2014,Inactive,Failed,USA,TRUE,1,1-5,FALSE,Healthcare
418,Crohnology (by Healthy Labs),2012,2005-2014,Inactive,Failed,USA,TRUE,1,1-5,FALSE,Consumer Health and Wellness
416,Grid,2012,2005-2014,Inactive,Failed,USA,TRUE,0,NA,FALSE,Consumer
411,DataNitro,2012,2005-2014,Inactive,Failed,USA,TRUE,11,11-25,FALSE,B2B
411,DataNitro,2012,2005-2014,Inactive,Failed,USA,TRUE,11,11-25,FALSE,"Engineering, Product and Design"
408,Airshared,2012,2005-2014,Inactive,Failed,,FALSE,0,NA,FALSE,Consumer
408,Airshared,2012,2005-2014,Inactive,Failed,,FALSE,0,NA,FALSE,Home and Personal
406,Framebase,2012,2005-2014,Inactive,Failed,USA,TRUE,2,1-5,FALSE,Consumer
406,Framebase,2012,2005-2014,Inactive,Failed,USA,TRUE,2,1-5,FALSE,Content
404,Testmunk,2012,2005-2014,Inactive,Failed,USA,TRUE,2,1-5,FALSE,B2B
404,Testmunk,2012,2005-2014,Inactive,Failed,USA,TRUE,2,1-5,FALSE,"Engineering, Product and Design"
399,Arc,2012,2005-2014,Inactive,Failed,USA,TRUE,2,1-5,FALSE,Industrials
399,Arc,2012,2005-2014,Inactive,Failed,USA,TRUE,2,1-5,FALSE,Drones
396,Imgfave,2012,2005-2014,Inactive,Failed,USA,TRUE,2,1-5,FALSE,Consumer
396,Imgfave,2012,2005-2014,Inactive,Failed,USA,TRUE,2,1-5,FALSE,Content
392,LeanMarket,2012,2005-2014,Inactive,Failed,USA,TRUE,2,1-5,FALSE,B2B
392,LeanMarket,2012,2005-2014,Inactive,Failed,USA,TRUE,2,1-5,FALSE,Marketing
391,Canopy Labs,2012,2005-2014,Inactive,Failed,USA,TRUE,11,11-25,FALSE,B2B
391,Canopy Labs,2012,2005-2014,Inactive,Failed,USA,TRUE,11,11-25,FALSE,Analytics
386,TomoGuides,2012,2005-2014,Inactive,Failed,USA,TRUE,2,1-5,FALSE,Consumer
386,TomoGuides,2012,2005-2014,Inactive,Failed,USA,TRUE,2,1-5,FALSE,Content
731,Oklo,2014,2005-2014,Public,Successful,USA,TRUE,50,26-100,TRUE,Industrials
731,Oklo,2014,2005-2014,Public,Successful,USA,TRUE,50,26-100,TRUE,Energy
700,Rigetti Computing,2014,2005-2014,Public,Successful,USA,TRUE,51,26-100,TRUE,Industrials
700,Rigetti Computing,2014,2005-2014,Public,Successful,USA,TRUE,51,26-100,TRUE,Manufacturing and Robotics
729,Ginkgo Bioworks,2014,2005-2014,Public,Successful,USA,TRUE,641,500+,TRUE,Healthcare
729,Ginkgo Bioworks,2014,2005-2014,Public,Successful,USA,TRUE,641,500+,TRUE,Industrial Bio
662,Checkr,2014,2005-2014,Active,Surviving,USA,TRUE,800,500+,TRUE,B2B
662,Checkr,2014,2005-2014,Active,Surviving,USA,TRUE,800,500+,TRUE,Human Resources
728,Cognito,2014,2005-2014,Acquired,Successful,USA,TRUE,12,11-25,TRUE,B2B
728,Cognito,2014,2005-2014,Acquired,Successful,USA,TRUE,12,11-25,TRUE,"Engineering, Product and Design"
705,ShipBob,2014,2005-2014,Active,Surviving,USA,TRUE,1,1-5,TRUE,B2B
705,ShipBob,2014,2005-2014,Active,Surviving,USA,TRUE,1,1-5,TRUE,Supply Chain and Logistics
732,Bayes Impact,2014,2005-2014,Active,Surviving,USA,TRUE,11,11-25,FALSE,Unspecified
730,Helion Energy,2014,2005-2014,Active,Surviving,USA,TRUE,150,101-500,FALSE,Industrials
730,Helion Energy,2014,2005-2014,Active,Surviving,USA,TRUE,150,101-500,FALSE,Energy
727,Front,2014,2005-2014,Active,Surviving,USA,TRUE,385,101-500,FALSE,B2B
727,Front,2014,2005-2014,Active,Surviving,USA,TRUE,385,101-500,FALSE,Productivity
719,Roomstorm,2014,2005-2014,Active,Surviving,USA,TRUE,4,1-5,FALSE,Consumer
719,Roomstorm,2014,2005-2014,Active,Surviving,USA,TRUE,4,1-5,FALSE,"Travel, Leisure and Tourism"
714,Hive,2014,2005-2014,Active,Surviving,Canada,FALSE,65,26-100,FALSE,B2B
714,Hive,2014,2005-2014,Active,Surviving,Canada,FALSE,65,26-100,FALSE,Marketing
711,Tenjin,2014,2005-2014,Active,Surviving,USA,TRUE,30,26-100,FALSE,B2B
711,Tenjin,2014,2005-2014,Active,Surviving,USA,TRUE,30,26-100,FALSE,Marketing
709,SpotAngels,2014,2005-2014,Active,Surviving,USA,TRUE,11,11-25,FALSE,Consumer
709,SpotAngels,2014,2005-2014,Active,Surviving,USA,TRUE,11,11-25,FALSE,Transportation Services
703,UserGems,2014,2005-2014,Active,Surviving,Austria,FALSE,100,26-100,FALSE,B2B
703,UserGems,2014,2005-2014,Active,Surviving,Austria,FALSE,100,26-100,FALSE,Sales
702,SFOX,2014,2005-2014,Active,Surviving,USA,TRUE,60,26-100,FALSE,Fintech
702,SFOX,2014,2005-2014,Active,Surviving,USA,TRUE,60,26-100,FALSE,Banking and Exchange
695,PicnicAI,2014,2005-2014,Active,Surviving,USA,TRUE,100,26-100,FALSE,Healthcare
694,Permutive,2014,2005-2014,Active,Surviving,United Kingdom,FALSE,205,101-500,FALSE,B2B
694,Permutive,2014,2005-2014,Active,Surviving,United Kingdom,FALSE,205,101-500,FALSE,Marketing
691,Alchemy,2014,2005-2014,Active,Surviving,Canada,FALSE,25,11-25,FALSE,Industrials
691,Alchemy,2014,2005-2014,Active,Surviving,Canada,FALSE,25,11-25,FALSE,Manufacturing and Robotics
688,MTailor,2014,2005-2014,Active,Surviving,USA,TRUE,11,11-25,FALSE,Consumer
688,MTailor,2014,2005-2014,Active,Surviving,USA,TRUE,11,11-25,FALSE,Apparel and Cosmetics
687,MetricWire,2014,2005-2014,Active,Surviving,Canada,FALSE,3,1-5,FALSE,Healthcare
687,MetricWire,2014,2005-2014,Active,Surviving,Canada,FALSE,3,1-5,FALSE,Healthcare IT
681,Protocol Labs,2014,2005-2014,Active,Surviving,USA,TRUE,130,101-500,FALSE,B2B
681,Protocol Labs,2014,2005-2014,Active,Surviving,USA,TRUE,130,101-500,FALSE,Infrastructure
677,Greentoe,2014,2005-2014,Active,Surviving,USA,TRUE,5,1-5,FALSE,Consumer
677,Greentoe,2014,2005-2014,Active,Surviving,USA,TRUE,5,1-5,FALSE,Consumer Electronics
673,Hyperpad,2014,2005-2014,Active,Surviving,Canada,FALSE,4,1-5,FALSE,Consumer
673,Hyperpad,2014,2005-2014,Active,Surviving,Canada,FALSE,4,1-5,FALSE,Gaming
670,Flaviar,2014,2005-2014,Active,Surviving,USA,TRUE,60,26-100,FALSE,Consumer
670,Flaviar,2014,2005-2014,Active,Surviving,USA,TRUE,60,26-100,FALSE,Food and Beverage
664,Clear,2014,2005-2014,Active,Surviving,India,FALSE,900,500+,FALSE,Fintech
664,Clear,2014,2005-2014,Active,Surviving,India,FALSE,900,500+,FALSE,Consumer Finance
653,Backpack,2014,2005-2014,Active,Surviving,USA,TRUE,2,1-5,FALSE,Consumer
653,Backpack,2014,2005-2014,Active,Surviving,USA,TRUE,2,1-5,FALSE,Home and Personal
738,Unwind Me,2014,2005-2014,Acquired,Successful,USA,TRUE,2,1-5,FALSE,Consumer
738,Unwind Me,2014,2005-2014,Acquired,Successful,USA,TRUE,2,1-5,FALSE,Home and Personal
736,Sliced Investing,2014,2005-2014,Acquired,Successful,USA,TRUE,11,11-25,FALSE,Fintech
736,Sliced Investing,2014,2005-2014,Acquired,Successful,USA,TRUE,11,11-25,FALSE,Asset Management
735,Ravti,2014,2005-2014,Acquired,Successful,USA,TRUE,17,11-25,FALSE,Real Estate and Construction
735,Ravti,2014,2005-2014,Acquired,Successful,USA,TRUE,17,11-25,FALSE,Housing and Real Estate
734,One Codex,2014,2005-2014,Acquired,Successful,USA,TRUE,16,11-25,FALSE,Healthcare
734,One Codex,2014,2005-2014,Acquired,Successful,USA,TRUE,16,11-25,FALSE,Healthcare IT
722,Women.com,2014,2005-2014,Acquired,Successful,USA,TRUE,11,11-25,FALSE,Consumer
722,Women.com,2014,2005-2014,Acquired,Successful,USA,TRUE,11,11-25,FALSE,Content
717,Tule,2014,2005-2014,Acquired,Successful,USA,TRUE,8,6-10,FALSE,Industrials
717,Tule,2014,2005-2014,Acquired,Successful,USA,TRUE,8,6-10,FALSE,Agriculture
715,Payable,2014,2005-2014,Acquired,Successful,USA,TRUE,2,1-5,FALSE,B2B
715,Payable,2014,2005-2014,Acquired,Successful,USA,TRUE,2,1-5,FALSE,Finance and Accounting
704,Apto Payments,2014,2005-2014,Acquired,Successful,USA,TRUE,32,26-100,FALSE,Fintech
704,Apto Payments,2014,2005-2014,Acquired,Successful,USA,TRUE,32,26-100,FALSE,Payments
697,Product Hunt,2014,2005-2014,Acquired,Successful,USA,TRUE,18,11-25,FALSE,Consumer
697,Product Hunt,2014,2005-2014,Acquired,Successful,USA,TRUE,18,11-25,FALSE,Content
686,Replenish,2014,2005-2014,Acquired,Successful,USA,TRUE,11,11-25,FALSE,B2B
686,Replenish,2014,2005-2014,Acquired,Successful,USA,TRUE,11,11-25,FALSE,Office Management
685,ListRunner,2014,2005-2014,Acquired,Successful,USA,TRUE,2,1-5,FALSE,Healthcare
685,ListRunner,2014,2005-2014,Acquired,Successful,USA,TRUE,2,1-5,FALSE,Healthcare IT
684,Lawn Love,2014,2005-2014,Acquired,Successful,USA,TRUE,150,101-500,FALSE,Consumer
684,Lawn Love,2014,2005-2014,Acquired,Successful,USA,TRUE,150,101-500,FALSE,Home and Personal
682,Kash,2014,2005-2014,Acquired,Successful,USA,TRUE,11,11-25,FALSE,Fintech
682,Kash,2014,2005-2014,Acquired,Successful,USA,TRUE,11,11-25,FALSE,Payments
680,Impraise,2014,2005-2014,Acquired,Successful,Netherlands,FALSE,35,26-100,FALSE,B2B
680,Impraise,2014,2005-2014,Acquired,Successful,Netherlands,FALSE,35,26-100,FALSE,Human Resources
678,Hublo,2014,2005-2014,Acquired,Successful,France,FALSE,2,1-5,FALSE,B2B
678,Hublo,2014,2005-2014,Acquired,Successful,France,FALSE,2,1-5,FALSE,Analytics
676,Blockspring,2014,2005-2014,Acquired,Successful,USA,TRUE,3,1-5,FALSE,B2B
676,Blockspring,2014,2005-2014,Acquired,Successful,USA,TRUE,3,1-5,FALSE,Infrastructure
675,GovPredict,2014,2005-2014,Acquired,Successful,USA,TRUE,60,26-100,FALSE,Government
666,PersistIQ,2014,2005-2014,Acquired,Successful,USA,TRUE,10,6-10,FALSE,B2B
666,PersistIQ,2014,2005-2014,Acquired,Successful,USA,TRUE,10,6-10,FALSE,Sales
665,Craft Coffee,2014,2005-2014,Acquired,Successful,USA,TRUE,NA,NA,FALSE,Consumer
665,Craft Coffee,2014,2005-2014,Acquired,Successful,USA,TRUE,NA,NA,FALSE,Food and Beverage
663,Clara Labs,2014,2005-2014,Acquired,Successful,USA,TRUE,20,11-25,FALSE,B2B
663,Clara Labs,2014,2005-2014,Acquired,Successful,USA,TRUE,20,11-25,FALSE,Productivity
661,Carlypso,2014,2005-2014,Acquired,Successful,USA,TRUE,11,11-25,FALSE,Consumer
661,Carlypso,2014,2005-2014,Acquired,Successful,USA,TRUE,11,11-25,FALSE,Transportation Services
659,Bitaccess,2014,2005-2014,Acquired,Successful,Canada,FALSE,55,26-100,FALSE,Fintech
659,Bitaccess,2014,2005-2014,Acquired,Successful,Canada,FALSE,55,26-100,FALSE,Banking and Exchange
655,Parenthoods,2014,2005-2014,Acquired,Successful,USA,TRUE,2,1-5,FALSE,Consumer
655,Parenthoods,2014,2005-2014,Acquired,Successful,USA,TRUE,2,1-5,FALSE,Social
652,Zip Phone,2014,2005-2014,Acquired,Successful,,FALSE,1,1-5,FALSE,Consumer
652,Zip Phone,2014,2005-2014,Acquired,Successful,,FALSE,1,1-5,FALSE,Social
651,Aptible,2014,2005-2014,Acquired,Successful,USA,TRUE,25,11-25,FALSE,B2B
651,Aptible,2014,2005-2014,Acquired,Successful,USA,TRUE,25,11-25,FALSE,Infrastructure
733,Zenamins,2014,2005-2014,Inactive,Failed,USA,TRUE,2,1-5,FALSE,Consumer
733,Zenamins,2014,2005-2014,Inactive,Failed,USA,TRUE,2,1-5,FALSE,Food and Beverage
726,Beep,2014,2005-2014,Inactive,Failed,USA,TRUE,2,1-5,FALSE,Industrials
726,Beep,2014,2005-2014,Inactive,Failed,USA,TRUE,2,1-5,FALSE,Manufacturing and Robotics
725,Zoomer,2014,2005-2014,Inactive,Failed,USA,TRUE,51,26-100,FALSE,Consumer
725,Zoomer,2014,2005-2014,Inactive,Failed,USA,TRUE,51,26-100,FALSE,Food and Beverage
721,Whirl,2014,2005-2014,Inactive,Failed,USA,TRUE,2,1-5,FALSE,B2B
721,Whirl,2014,2005-2014,Inactive,Failed,USA,TRUE,2,1-5,FALSE,Retail
720,Weave,2014,2005-2014,Inactive,Failed,USA,TRUE,11,11-25,FALSE,Consumer
720,Weave,2014,2005-2014,Inactive,Failed,USA,TRUE,11,11-25,FALSE,Job and Career Services
716,Tinker,2014,2005-2014,Inactive,Failed,Canada,FALSE,NA,NA,FALSE,Fintech
716,Tinker,2014,2005-2014,Inactive,Failed,Canada,FALSE,NA,NA,FALSE,Asset Management
713,Think Gaming,2014,2005-2014,Inactive,Failed,USA,TRUE,1,1-5,FALSE,B2B
713,Think Gaming,2014,2005-2014,Inactive,Failed,USA,TRUE,1,1-5,FALSE,Marketing
712,Paid,2014,2005-2014,Inactive,Failed,USA,TRUE,2,1-5,FALSE,B2B
712,Paid,2014,2005-2014,Inactive,Failed,USA,TRUE,2,1-5,FALSE,Finance and Accounting
710,HauteDay,2014,2005-2014,Inactive,Failed,USA,TRUE,2,1-5,FALSE,Consumer
710,HauteDay,2014,2005-2014,Inactive,Failed,USA,TRUE,2,1-5,FALSE,Apparel and Cosmetics
707,SalesSift,2014,2005-2014,Inactive,Failed,United Kingdom,FALSE,2,1-5,FALSE,B2B
707,SalesSift,2014,2005-2014,Inactive,Failed,United Kingdom,FALSE,2,1-5,FALSE,Sales
706,Shout,2014,2005-2014,Inactive,Failed,USA,TRUE,2,1-5,FALSE,Consumer
706,Shout,2014,2005-2014,Inactive,Failed,USA,TRUE,2,1-5,FALSE,Home and Personal
701,Roost,2014,2005-2014,Inactive,Failed,USA,TRUE,2,1-5,FALSE,B2B
701,Roost,2014,2005-2014,Inactive,Failed,USA,TRUE,2,1-5,FALSE,"Engineering, Product and Design"
698,Cheddar,2014,2005-2014,Inactive,Failed,,FALSE,2,1-5,FALSE,Fintech
698,Cheddar,2014,2005-2014,Inactive,Failed,,FALSE,2,1-5,FALSE,Banking and Exchange
696,In Your Corner,2014,2005-2014,Inactive,Failed,USA,TRUE,2,1-5,FALSE,Healthcare
696,In Your Corner,2014,2005-2014,Inactive,Failed,USA,TRUE,2,1-5,FALSE,Healthcare Services
692,Nightingale,2014,2005-2014,Inactive,Failed,USA,TRUE,2,1-5,FALSE,Healthcare
692,Nightingale,2014,2005-2014,Inactive,Failed,USA,TRUE,2,1-5,FALSE,Healthcare IT
690,Neptune.io,2014,2005-2014,Inactive,Failed,USA,TRUE,11,11-25,FALSE,B2B
690,Neptune.io,2014,2005-2014,Inactive,Failed,USA,TRUE,11,11-25,FALSE,Infrastructure
689,Naytev,2014,2005-2014,Inactive,Failed,USA,TRUE,3,1-5,FALSE,B2B
689,Naytev,2014,2005-2014,Inactive,Failed,USA,TRUE,3,1-5,FALSE,"Engineering, Product and Design"
679,VizeraLabs,2014,2005-2014,Inactive,Failed,USA,TRUE,2,1-5,FALSE,B2B
679,VizeraLabs,2014,2005-2014,Inactive,Failed,USA,TRUE,2,1-5,FALSE,Retail
674,TAXA Biotechnologies,2014,2005-2014,Inactive,Failed,USA,TRUE,2,1-5,FALSE,Healthcare
674,TAXA Biotechnologies,2014,2005-2014,Inactive,Failed,USA,TRUE,2,1-5,FALSE,Consumer Health and Wellness
672,Flytenow,2014,2005-2014,Inactive,Failed,USA,TRUE,3,1-5,FALSE,Consumer
672,Flytenow,2014,2005-2014,Inactive,Failed,USA,TRUE,3,1-5,FALSE,"Travel, Leisure and Tourism"
669,Fixed,2014,2005-2014,Inactive,Failed,USA,TRUE,2,1-5,FALSE,Consumer
669,Fixed,2014,2005-2014,Inactive,Failed,USA,TRUE,2,1-5,FALSE,Transportation Services
668,Owners Circle,2014,2005-2014,Inactive,Failed,USA,TRUE,2,1-5,FALSE,Fintech
668,Owners Circle,2014,2005-2014,Inactive,Failed,USA,TRUE,2,1-5,FALSE,Credit and Lending
667,Doblet,2014,2005-2014,Inactive,Failed,USA,TRUE,2,1-5,FALSE,B2B
667,Doblet,2014,2005-2014,Inactive,Failed,USA,TRUE,2,1-5,FALSE,Office Management
658,Billforward,2014,2005-2014,Inactive,Failed,USA,TRUE,8,6-10,FALSE,Fintech
658,Billforward,2014,2005-2014,Inactive,Failed,USA,TRUE,8,6-10,FALSE,Payments
657,Bikanta,2014,2005-2014,Inactive,Failed,USA,TRUE,2,1-5,FALSE,Healthcare
657,Bikanta,2014,2005-2014,Inactive,Failed,USA,TRUE,2,1-5,FALSE,Diagnostics
656,SpringWit,2014,2005-2014,Inactive,Failed,,FALSE,0,NA,FALSE,Healthcare
656,SpringWit,2014,2005-2014,Inactive,Failed,,FALSE,0,NA,FALSE,Consumer Health and Wellness
654,Bannerman,2014,2005-2014,Inactive,Failed,USA,TRUE,3,1-5,FALSE,B2B
654,Bannerman,2014,2005-2014,Inactive,Failed,USA,TRUE,3,1-5,FALSE,Office Management
630,Weave,2014,2005-2014,Public,Successful,USA,TRUE,600,500+,TRUE,B2B
630,Weave,2014,2005-2014,Public,Successful,USA,TRUE,600,500+,TRUE,Office Management
636,Algolia,2014,2005-2014,Active,Surviving,USA,TRUE,810,500+,TRUE,B2B
636,Algolia,2014,2005-2014,Active,Surviving,USA,TRUE,810,500+,TRUE,"Engineering, Product and Design"
580,Bellabeat,2014,2005-2014,Active,Surviving,USA,TRUE,134,101-500,TRUE,Consumer
580,Bellabeat,2014,2005-2014,Active,Surviving,USA,TRUE,134,101-500,TRUE,Consumer Electronics
590,Cruise,2014,2005-2014,Acquired,Successful,USA,TRUE,3000,500+,TRUE,Industrials
590,Cruise,2014,2005-2014,Acquired,Successful,USA,TRUE,3000,500+,TRUE,Automotive
595,Flexport,2014,2005-2014,Active,Surviving,USA,TRUE,3000,500+,TRUE,B2B
595,Flexport,2014,2005-2014,Active,Surviving,USA,TRUE,3000,500+,TRUE,Supply Chain and Logistics
647,Immunity Project,2014,2005-2014,Active,Surviving,USA,TRUE,11,11-25,FALSE,Unspecified
643,Dyspatch,2014,2005-2014,Active,Surviving,Canada,FALSE,20,11-25,FALSE,B2B
643,Dyspatch,2014,2005-2014,Active,Surviving,Canada,FALSE,20,11-25,FALSE,Marketing
642,OpenCurriculum,2014,2005-2014,Active,Surviving,USA,TRUE,NA,NA,FALSE,Unspecified
641,MixerBox,2014,2005-2014,Active,Surviving,USA,TRUE,30,26-100,FALSE,Consumer
639,GBatteries,2014,2005-2014,Active,Surviving,Canada,FALSE,25,11-25,FALSE,Industrials
639,GBatteries,2014,2005-2014,Active,Surviving,Canada,FALSE,25,11-25,FALSE,Climate
634,Zinc,2014,2005-2014,Active,Surviving,USA,TRUE,10,6-10,FALSE,B2B
634,Zinc,2014,2005-2014,Active,Surviving,USA,TRUE,10,6-10,FALSE,Retail
633,Zidisha,2014,2005-2014,Active,Surviving,USA,TRUE,1,1-5,FALSE,Fintech
633,Zidisha,2014,2005-2014,Active,Surviving,USA,TRUE,1,1-5,FALSE,Credit and Lending
628,TrueVault,2014,2005-2014,Active,Surviving,USA,TRUE,NA,NA,FALSE,B2B
626,Guesty,2014,2005-2014,Active,Surviving,,FALSE,700,500+,FALSE,Real Estate and Construction
626,Guesty,2014,2005-2014,Active,Surviving,,FALSE,700,500+,FALSE,Housing and Real Estate
622,Snapdocs,2014,2005-2014,Active,Surviving,USA,TRUE,285,101-500,FALSE,Real Estate and Construction
622,Snapdocs,2014,2005-2014,Active,Surviving,USA,TRUE,285,101-500,FALSE,Housing and Real Estate
619,Shoobs,2014,2005-2014,Active,Surviving,United Kingdom,FALSE,5,1-5,FALSE,Consumer
619,Shoobs,2014,2005-2014,Active,Surviving,United Kingdom,FALSE,5,1-5,FALSE,"Travel, Leisure and Tourism"
616,Pushbullet,2014,2005-2014,Active,Surviving,USA,TRUE,3,1-5,FALSE,Consumer
616,Pushbullet,2014,2005-2014,Active,Surviving,USA,TRUE,3,1-5,FALSE,Home and Personal
615,Povio,2014,2005-2014,Active,Surviving,USA,TRUE,250,101-500,FALSE,B2B
615,Povio,2014,2005-2014,Active,Surviving,USA,TRUE,250,101-500,FALSE,"Engineering, Product and Design"
613,PiinPoint,2014,2005-2014,Active,Surviving,Canada,FALSE,20,11-25,FALSE,B2B
613,PiinPoint,2014,2005-2014,Active,Surviving,Canada,FALSE,20,11-25,FALSE,Office Management
608,One Degree,2014,2005-2014,Active,Surviving,USA,TRUE,14,11-25,FALSE,Unspecified
603,MBX,2014,2005-2014,Active,Surviving,USA,TRUE,150,101-500,FALSE,Consumer
603,MBX,2014,2005-2014,Active,Surviving,USA,TRUE,150,101-500,FALSE,Apparel and Cosmetics
602,Emailio,2014,2005-2014,Active,Surviving,NA,FALSE,5,1-5,FALSE,B2B
602,Emailio,2014,2005-2014,Active,Surviving,NA,FALSE,5,1-5,FALSE,Productivity
588,CodeNow,2014,2005-2014,Active,Surviving,USA,TRUE,2,1-5,FALSE,Unspecified
587,CodeCombat,2014,2005-2014,Active,Surviving,USA,TRUE,45,26-100,FALSE,Education
585,Noora Health,2014,2005-2014,Active,Surviving,India,FALSE,500,101-500,FALSE,Healthcare
583,Cambly,2014,2005-2014,Active,Surviving,USA,TRUE,200,101-500,FALSE,Education
578,AptDeco,2014,2005-2014,Active,Surviving,USA,TRUE,NA,NA,FALSE,Consumer
578,AptDeco,2014,2005-2014,Active,Surviving,USA,TRUE,NA,NA,FALSE,Home and Personal
577,CareMessage,2014,2005-2014,Active,Surviving,USA,TRUE,45,26-100,FALSE,Healthcare
576,Ambition,2014,2005-2014,Active,Surviving,USA,TRUE,55,26-100,FALSE,B2B
576,Ambition,2014,2005-2014,Active,Surviving,USA,TRUE,55,26-100,FALSE,Sales
574,AirHelp,2014,2005-2014,Active,Surviving,NA,FALSE,350,101-500,FALSE,Consumer
574,AirHelp,2014,2005-2014,Active,Surviving,NA,FALSE,350,101-500,FALSE,"Travel, Leisure and Tourism"
571,42,2014,2005-2014,Active,Surviving,USA,TRUE,NA,NA,FALSE,B2B
571,42,2014,2005-2014,Active,Surviving,USA,TRUE,NA,NA,FALSE,Retail
648,Vidpresso,2014,2005-2014,Acquired,Successful,USA,TRUE,7,6-10,FALSE,B2B
648,Vidpresso,2014,2005-2014,Acquired,Successful,USA,TRUE,7,6-10,FALSE,Infrastructure
646,Framed Data,2014,2005-2014,Acquired,Successful,USA,TRUE,2,1-5,FALSE,B2B
646,Framed Data,2014,2005-2014,Acquired,Successful,USA,TRUE,2,1-5,FALSE,Analytics
645,Avametric,2014,2005-2014,Acquired,Successful,USA,TRUE,11,11-25,FALSE,B2B
645,Avametric,2014,2005-2014,Acquired,Successful,USA,TRUE,11,11-25,FALSE,"Engineering, Product and Design"
640,Unbabel,2014,2005-2014,Acquired,Successful,USA,TRUE,350,101-500,FALSE,B2B
640,Unbabel,2014,2005-2014,Acquired,Successful,USA,TRUE,350,101-500,FALSE,Operations
637,Gobble,2014,2005-2014,Acquired,Successful,USA,TRUE,73,26-100,FALSE,Consumer
637,Gobble,2014,2005-2014,Acquired,Successful,USA,TRUE,73,26-100,FALSE,Food and Beverage
632,Zesty,2014,2005-2014,Acquired,Successful,USA,TRUE,51,26-100,FALSE,B2B
632,Zesty,2014,2005-2014,Acquired,Successful,USA,TRUE,51,26-100,FALSE,Office Management
631,Wit.ai,2014,2005-2014,Acquired,Successful,USA,TRUE,11,11-25,FALSE,B2B
631,Wit.ai,2014,2005-2014,Acquired,Successful,USA,TRUE,11,11-25,FALSE,"Engineering, Product and Design"
620,SketchDeck,2014,2005-2014,Acquired,Successful,USA,TRUE,20,11-25,FALSE,B2B
620,SketchDeck,2014,2005-2014,Acquired,Successful,USA,TRUE,20,11-25,FALSE,Productivity
618,Rocketrip,2014,2005-2014,Acquired,Successful,USA,TRUE,68,26-100,FALSE,B2B
618,Rocketrip,2014,2005-2014,Acquired,Successful,USA,TRUE,68,26-100,FALSE,Finance and Accounting
617,Rickshaw,2014,2005-2014,Acquired,Successful,USA,TRUE,11,11-25,FALSE,B2B
617,Rickshaw,2014,2005-2014,Acquired,Successful,USA,TRUE,11,11-25,FALSE,Supply Chain and Logistics
614,PipelineDB,2014,2005-2014,Acquired,Successful,USA,TRUE,2,1-5,FALSE,B2B
614,PipelineDB,2014,2005-2014,Acquired,Successful,USA,TRUE,2,1-5,FALSE,Infrastructure
612,Liftigniter,2014,2005-2014,Acquired,Successful,USA,TRUE,11,11-25,FALSE,B2B
612,Liftigniter,2014,2005-2014,Acquired,Successful,USA,TRUE,11,11-25,FALSE,Marketing
611,Theorem,2014,2005-2014,Acquired,Successful,USA,TRUE,34,26-100,FALSE,Fintech
611,Theorem,2014,2005-2014,Acquired,Successful,USA,TRUE,34,26-100,FALSE,Asset Management
610,StackLead,2014,2005-2014,Acquired,Successful,USA,TRUE,2,1-5,FALSE,B2B
610,StackLead,2014,2005-2014,Acquired,Successful,USA,TRUE,2,1-5,FALSE,Sales
606,Next Caller,2014,2005-2014,Acquired,Successful,USA,TRUE,20,11-25,FALSE,B2B
606,Next Caller,2014,2005-2014,Acquired,Successful,USA,TRUE,20,11-25,FALSE,Sales
604,Motionlead,2014,2005-2014,Acquired,Successful,USA,TRUE,11,11-25,FALSE,B2B
604,Motionlead,2014,2005-2014,Acquired,Successful,USA,TRUE,11,11-25,FALSE,Marketing
600,DevCycle,2014,2005-2014,Acquired,Successful,Canada,FALSE,55,26-100,FALSE,B2B
600,DevCycle,2014,2005-2014,Acquired,Successful,Canada,FALSE,55,26-100,FALSE,"Engineering, Product and Design"
599,Kuna Systems,2014,2005-2014,Acquired,Successful,USA,TRUE,11,11-25,FALSE,Consumer
599,Kuna Systems,2014,2005-2014,Acquired,Successful,USA,TRUE,11,11-25,FALSE,Consumer Electronics
598,Kimono Labs,2014,2005-2014,Acquired,Successful,USA,TRUE,11,11-25,FALSE,B2B
598,Kimono Labs,2014,2005-2014,Acquired,Successful,USA,TRUE,11,11-25,FALSE,"Engineering, Product and Design"
597,Axoni,2014,2005-2014,Acquired,Successful,USA,TRUE,155,101-500,FALSE,Fintech
597,Axoni,2014,2005-2014,Acquired,Successful,USA,TRUE,155,101-500,FALSE,Banking and Exchange
594,Eventjoy,2014,2005-2014,Acquired,Successful,USA,TRUE,2,1-5,FALSE,B2B
594,Eventjoy,2014,2005-2014,Acquired,Successful,USA,TRUE,2,1-5,FALSE,Retail
581,Chargehound,2014,2005-2014,Acquired,Successful,USA,TRUE,13,11-25,FALSE,B2B
581,Chargehound,2014,2005-2014,Acquired,Successful,USA,TRUE,13,11-25,FALSE,Finance and Accounting
575,Two Tap,2014,2005-2014,Acquired,Successful,USA,TRUE,11,11-25,FALSE,B2B
575,Two Tap,2014,2005-2014,Acquired,Successful,USA,TRUE,11,11-25,FALSE,Retail
573,Boostable,2014,2005-2014,Acquired,Successful,USA,TRUE,11,11-25,FALSE,B2B
573,Boostable,2014,2005-2014,Acquired,Successful,USA,TRUE,11,11-25,FALSE,Marketing
572,Abacus,2014,2005-2014,Acquired,Successful,USA,TRUE,30,26-100,FALSE,B2B
572,Abacus,2014,2005-2014,Acquired,Successful,USA,TRUE,30,26-100,FALSE,Finance and Accounting
644,Whirlscape,2014,2005-2014,Inactive,Failed,Canada,FALSE,3,1-5,FALSE,Consumer
644,Whirlscape,2014,2005-2014,Inactive,Failed,Canada,FALSE,3,1-5,FALSE,Social
638,AirPair,2014,2005-2014,Inactive,Failed,USA,TRUE,2,1-5,FALSE,B2B
638,AirPair,2014,2005-2014,Inactive,Failed,USA,TRUE,2,1-5,FALSE,"Engineering, Product and Design"
635,ZowPow,2014,2005-2014,Inactive,Failed,USA,TRUE,2,1-5,FALSE,Consumer
635,ZowPow,2014,2005-2014,Inactive,Failed,USA,TRUE,2,1-5,FALSE,Consumer Electronics
629,Unicornly,2014,2005-2014,Inactive,Failed,USA,TRUE,2,1-5,FALSE,B2B
629,Unicornly,2014,2005-2014,Inactive,Failed,USA,TRUE,2,1-5,FALSE,Finance and Accounting
627,Terravion,2014,2005-2014,Inactive,Failed,USA,TRUE,11,11-25,FALSE,Industrials
627,Terravion,2014,2005-2014,Inactive,Failed,USA,TRUE,11,11-25,FALSE,Agriculture
625,Style Lend,2014,2005-2014,Inactive,Failed,USA,TRUE,2,1-5,FALSE,Consumer
625,Style Lend,2014,2005-2014,Inactive,Failed,USA,TRUE,2,1-5,FALSE,Apparel and Cosmetics
624,Edyn,2014,2005-2014,Inactive,Failed,USA,TRUE,2,1-5,FALSE,Industrials
624,Edyn,2014,2005-2014,Inactive,Failed,USA,TRUE,2,1-5,FALSE,Agriculture
623,Shopagram,2014,2005-2014,Inactive,Failed,,FALSE,1,1-5,FALSE,Consumer
621,MerryMint,2014,2005-2014,Inactive,Failed,USA,TRUE,1,1-5,FALSE,B2B
621,MerryMint,2014,2005-2014,Inactive,Failed,USA,TRUE,1,1-5,FALSE,Office Management
607,HoverChat,2014,2005-2014,Inactive,Failed,USA,TRUE,11,11-25,FALSE,Fintech
607,HoverChat,2014,2005-2014,Inactive,Failed,USA,TRUE,11,11-25,FALSE,Asset Management
605,Move Loot,2014,2005-2014,Inactive,Failed,USA,TRUE,51,26-100,FALSE,Consumer
605,Move Loot,2014,2005-2014,Inactive,Failed,USA,TRUE,51,26-100,FALSE,Home and Personal
601,MadeSolid,2014,2005-2014,Inactive,Failed,USA,TRUE,2,1-5,FALSE,Industrials
601,MadeSolid,2014,2005-2014,Inactive,Failed,USA,TRUE,2,1-5,FALSE,Manufacturing and Robotics
593,Drive Pulse,2014,2005-2014,Inactive,Failed,USA,TRUE,2,1-5,FALSE,Consumer
593,Drive Pulse,2014,2005-2014,Inactive,Failed,USA,TRUE,2,1-5,FALSE,Consumer Electronics
592,Yumbin,2014,2005-2014,Inactive,Failed,USA,TRUE,0,NA,FALSE,B2B
592,Yumbin,2014,2005-2014,Inactive,Failed,USA,TRUE,0,NA,FALSE,Office Management
591,Dating Ring,2014,2005-2014,Inactive,Failed,USA,TRUE,2,1-5,FALSE,Consumer
591,Dating Ring,2014,2005-2014,Inactive,Failed,USA,TRUE,2,1-5,FALSE,Social
589,Threadable,2014,2005-2014,Inactive,Failed,USA,TRUE,2,1-5,FALSE,B2B
589,Threadable,2014,2005-2014,Inactive,Failed,USA,TRUE,2,1-5,FALSE,Productivity
584,Futureleague,2014,2005-2014,Inactive,Failed,USA,TRUE,10,6-10,FALSE,Consumer
584,Futureleague,2014,2005-2014,Inactive,Failed,USA,TRUE,10,6-10,FALSE,Home and Personal
579,Awesometalk,2014,2005-2014,Inactive,Failed,USA,TRUE,2,1-5,FALSE,Consumer
579,Awesometalk,2014,2005-2014,Inactive,Failed,USA,TRUE,2,1-5,FALSE,Social
30,Matterport,2012,2005-2014,Public,Successful,USA,TRUE,201,101-500,TRUE,Consumer
30,Matterport,2012,2005-2014,Public,Successful,USA,TRUE,201,101-500,TRUE,Virtual and Augmented Reality
40,Amplitude,2012,2005-2014,Public,Successful,USA,TRUE,750,500+,TRUE,B2B
40,Amplitude,2012,2005-2014,Public,Successful,USA,TRUE,750,500+,TRUE,Analytics
8,PlanGrid,2012,2005-2014,Acquired,Successful,USA,TRUE,355,101-500,TRUE,Real Estate and Construction
8,PlanGrid,2012,2005-2014,Acquired,Successful,USA,TRUE,355,101-500,TRUE,Construction
60,Sendwave,2012,2005-2014,Acquired,Successful,USA,TRUE,350,101-500,TRUE,Fintech
60,Sendwave,2012,2005-2014,Acquired,Successful,USA,TRUE,350,101-500,TRUE,Payments
24,Gusto,2012,2005-2014,Active,Surviving,USA,TRUE,2400,500+,TRUE,B2B
24,Gusto,2012,2005-2014,Active,Surviving,USA,TRUE,2400,500+,TRUE,Human Resources
4940,Wave,2012,2005-2014,Active,Surviving,Senegal,FALSE,1600,500+,TRUE,Fintech
4940,Wave,2012,2005-2014,Active,Surviving,Senegal,FALSE,1600,500+,TRUE,Payments
62,Medmonk,2012,2005-2014,Active,Surviving,USA,TRUE,2,1-5,FALSE,Healthcare
62,Medmonk,2012,2005-2014,Active,Surviving,USA,TRUE,2,1-5,FALSE,Healthcare Services
52,Per Vices,2012,2005-2014,Active,Surviving,Canada,FALSE,11,11-25,FALSE,Industrials
5,CircuitHub,2012,2005-2014,Active,Surviving,United Kingdom,FALSE,58,26-100,FALSE,Industrials
5,CircuitHub,2012,2005-2014,Active,Surviving,United Kingdom,FALSE,58,26-100,FALSE,Manufacturing and Robotics
35,Screenleap,2012,2005-2014,Active,Surviving,USA,TRUE,4,1-5,FALSE,B2B
35,Screenleap,2012,2005-2014,Active,Surviving,USA,TRUE,4,1-5,FALSE,Productivity
32,CleverDeck,2012,2005-2014,Active,Surviving,USA,TRUE,1,1-5,FALSE,Education
31,Shoptiques,2012,2005-2014,Active,Surviving,USA,TRUE,51,26-100,FALSE,Consumer
31,Shoptiques,2012,2005-2014,Active,Surviving,USA,TRUE,51,26-100,FALSE,Apparel and Cosmetics
19,Rescale,2012,2005-2014,Active,Surviving,USA,TRUE,250,101-500,FALSE,B2B
19,Rescale,2012,2005-2014,Active,Surviving,USA,TRUE,250,101-500,FALSE,"Engineering, Product and Design"
16,Medigram,2012,2005-2014,Active,Surviving,USA,TRUE,11,11-25,FALSE,Healthcare
16,Medigram,2012,2005-2014,Active,Surviving,USA,TRUE,11,11-25,FALSE,Healthcare IT
1548,Ridecell,2012,2005-2014,Active,Surviving,USA,TRUE,88,26-100,FALSE,B2B
14,HireArt,2012,2005-2014,Active,Surviving,USA,TRUE,90,26-100,FALSE,B2B
14,HireArt,2012,2005-2014,Active,Surviving,USA,TRUE,90,26-100,FALSE,Recruiting and Talent
7,42Floors,2012,2005-2014,Acquired,Successful,USA,TRUE,60,26-100,FALSE,Real Estate and Construction
7,42Floors,2012,2005-2014,Acquired,Successful,USA,TRUE,60,26-100,FALSE,Housing and Real Estate
67,Shopular,2012,2005-2014,Acquired,Successful,USA,TRUE,11,11-25,FALSE,Consumer
67,Shopular,2012,2005-2014,Acquired,Successful,USA,TRUE,11,11-25,FALSE,Home and Personal
65,Socialcam,2012,2005-2014,Acquired,Successful,USA,TRUE,0,NA,FALSE,Consumer
65,Socialcam,2012,2005-2014,Acquired,Successful,USA,TRUE,0,NA,FALSE,Content
6,iCracked,2012,2005-2014,Acquired,Successful,USA,TRUE,51,26-100,FALSE,Consumer
6,iCracked,2012,2005-2014,Acquired,Successful,USA,TRUE,51,26-100,FALSE,Home and Personal
59,Priceonomics,2012,2005-2014,Acquired,Successful,USA,TRUE,2,1-5,FALSE,B2B
59,Priceonomics,2012,2005-2014,Acquired,Successful,USA,TRUE,2,1-5,FALSE,Marketing
58,YourMechanic,2012,2005-2014,Acquired,Successful,USA,TRUE,115,101-500,FALSE,Consumer
58,YourMechanic,2012,2005-2014,Acquired,Successful,USA,TRUE,115,101-500,FALSE,Transportation Services
54,Loom,2012,2005-2014,Acquired,Successful,USA,TRUE,2,1-5,FALSE,Consumer
54,Loom,2012,2005-2014,Acquired,Successful,USA,TRUE,2,1-5,FALSE,Content
51,Fond,2012,2005-2014,Acquired,Successful,USA,TRUE,51,26-100,FALSE,B2B
51,Fond,2012,2005-2014,Acquired,Successful,USA,TRUE,51,26-100,FALSE,Human Resources
50,Flutter,2012,2005-2014,Acquired,Successful,USA,TRUE,2,1-5,FALSE,B2B
50,Flutter,2012,2005-2014,Acquired,Successful,USA,TRUE,2,1-5,FALSE,"Engineering, Product and Design"
49,Authy,2012,2005-2014,Acquired,Successful,USA,TRUE,201,101-500,FALSE,B2B
49,Authy,2012,2005-2014,Acquired,Successful,USA,TRUE,201,101-500,FALSE,"Engineering, Product and Design"
47,FarmLogs,2012,2005-2014,Acquired,Successful,USA,TRUE,5,1-5,FALSE,Industrials
47,FarmLogs,2012,2005-2014,Acquired,Successful,USA,TRUE,5,1-5,FALSE,Agriculture
44,Swiftype,2012,2005-2014,Acquired,Successful,USA,TRUE,50,26-100,FALSE,B2B
44,Swiftype,2012,2005-2014,Acquired,Successful,USA,TRUE,50,26-100,FALSE,"Engineering, Product and Design"
42,Tilt,2012,2005-2014,Acquired,Successful,USA,TRUE,51,26-100,FALSE,Fintech
42,Tilt,2012,2005-2014,Acquired,Successful,USA,TRUE,51,26-100,FALSE,Consumer Finance
38,Exec,2012,2005-2014,Acquired,Successful,USA,TRUE,11,11-25,FALSE,Consumer
38,Exec,2012,2005-2014,Acquired,Successful,USA,TRUE,11,11-25,FALSE,Home and Personal
29,Chute,2012,2005-2014,Acquired,Successful,USA,TRUE,11,11-25,FALSE,B2B
29,Chute,2012,2005-2014,Acquired,Successful,USA,TRUE,11,11-25,FALSE,Marketing
25,FamilyLeaf,2012,2005-2014,Acquired,Successful,USA,TRUE,2,1-5,FALSE,Consumer
25,FamilyLeaf,2012,2005-2014,Acquired,Successful,USA,TRUE,2,1-5,FALSE,Social
20,SlidePay,2012,2005-2014,Acquired,Successful,USA,TRUE,2,1-5,FALSE,Fintech
20,SlidePay,2012,2005-2014,Acquired,Successful,USA,TRUE,2,1-5,FALSE,Payments
18,HackPad,2012,2005-2014,Acquired,Successful,USA,TRUE,2,1-5,FALSE,B2B
18,HackPad,2012,2005-2014,Acquired,Successful,USA,TRUE,2,1-5,FALSE,Productivity
1719,CoderWall,2012,2005-2014,Acquired,Successful,USA,TRUE,2,1-5,FALSE,B2B
1719,CoderWall,2012,2005-2014,Acquired,Successful,USA,TRUE,2,1-5,FALSE,Productivity
15,Amiato,2012,2005-2014,Acquired,Successful,USA,TRUE,2,1-5,FALSE,B2B
15,Amiato,2012,2005-2014,Acquired,Successful,USA,TRUE,2,1-5,FALSE,Infrastructure
13,MyVR,2012,2005-2014,Acquired,Successful,USA,TRUE,15,11-25,FALSE,Real Estate and Construction
13,MyVR,2012,2005-2014,Acquired,Successful,USA,TRUE,15,11-25,FALSE,Housing and Real Estate
12824,Midnox,2012,2005-2014,Acquired,Successful,USA,TRUE,2,1-5,FALSE,Consumer
12824,Midnox,2012,2005-2014,Acquired,Successful,USA,TRUE,2,1-5,FALSE,Content
11,SendHub,2012,2005-2014,Acquired,Successful,USA,TRUE,51,26-100,FALSE,B2B
11,SendHub,2012,2005-2014,Acquired,Successful,USA,TRUE,51,26-100,FALSE,Productivity
9,WireOver,2012,2005-2014,Inactive,Failed,USA,TRUE,2,1-5,FALSE,B2B
9,WireOver,2012,2005-2014,Inactive,Failed,USA,TRUE,2,1-5,FALSE,Productivity
66,GiveSpark,2012,2005-2014,Inactive,Failed,USA,TRUE,1,1-5,FALSE,B2B
66,GiveSpark,2012,2005-2014,Inactive,Failed,USA,TRUE,1,1-5,FALSE,Marketing
63,Carsabi,2012,2005-2014,Inactive,Failed,USA,TRUE,2,1-5,FALSE,Consumer
63,Carsabi,2012,2005-2014,Inactive,Failed,USA,TRUE,2,1-5,FALSE,Transportation Services
61,Glider,2012,2005-2014,Inactive,Failed,USA,TRUE,2,1-5,FALSE,B2B
61,Glider,2012,2005-2014,Inactive,Failed,USA,TRUE,2,1-5,FALSE,Productivity
57,SolidStage,2012,2005-2014,Inactive,Failed,,FALSE,0,NA,FALSE,B2B
57,SolidStage,2012,2005-2014,Inactive,Failed,,FALSE,0,NA,FALSE,"Engineering, Product and Design"
56,Ark,2012,2005-2014,Inactive,Failed,USA,TRUE,11,11-25,FALSE,Consumer
56,Ark,2012,2005-2014,Inactive,Failed,USA,TRUE,11,11-25,FALSE,Content
55,Documents.Me,2012,2005-2014,Inactive,Failed,USA,TRUE,0,NA,FALSE,B2B
55,Documents.Me,2012,2005-2014,Inactive,Failed,USA,TRUE,0,NA,FALSE,Infrastructure
48,99dresses,2012,2005-2014,Inactive,Failed,USA,TRUE,2,1-5,FALSE,Consumer
48,99dresses,2012,2005-2014,Inactive,Failed,USA,TRUE,2,1-5,FALSE,Apparel and Cosmetics
46,BarSense,2012,2005-2014,Inactive,Failed,USA,TRUE,0,NA,FALSE,Consumer
46,BarSense,2012,2005-2014,Inactive,Failed,USA,TRUE,0,NA,FALSE,Home and Personal
45,LVL6,2012,2005-2014,Inactive,Failed,USA,TRUE,2,1-5,FALSE,Consumer
45,LVL6,2012,2005-2014,Inactive,Failed,USA,TRUE,2,1-5,FALSE,Gaming
43,Brace,2012,2005-2014,Inactive,Failed,USA,TRUE,0,NA,FALSE,B2B
43,Brace,2012,2005-2014,Inactive,Failed,USA,TRUE,0,NA,FALSE,Infrastructure
41,LendUp,2012,2005-2014,Inactive,Failed,USA,TRUE,201,101-500,FALSE,Fintech
41,LendUp,2012,2005-2014,Inactive,Failed,USA,TRUE,201,101-500,FALSE,Credit and Lending
39,Grouper,2012,2005-2014,Inactive,Failed,USA,TRUE,11,11-25,FALSE,Consumer
39,Grouper,2012,2005-2014,Inactive,Failed,USA,TRUE,11,11-25,FALSE,Food and Beverage
37,Zillabyte,2012,2005-2014,Inactive,Failed,USA,TRUE,2,1-5,FALSE,B2B
37,Zillabyte,2012,2005-2014,Inactive,Failed,USA,TRUE,2,1-5,FALSE,"Engineering, Product and Design"
36,Talkray (TiKL),2012,2005-2014,Inactive,Failed,USA,TRUE,2,1-5,FALSE,Consumer
36,Talkray (TiKL),2012,2005-2014,Inactive,Failed,USA,TRUE,2,1-5,FALSE,Social
34,Pixelapse,2012,2005-2014,Inactive,Failed,USA,TRUE,0,NA,FALSE,B2B
34,Pixelapse,2012,2005-2014,Inactive,Failed,USA,TRUE,0,NA,FALSE,"Engineering, Product and Design"
33,Make School,2012,2005-2014,Inactive,Failed,USA,TRUE,45,26-100,FALSE,Education
28,Zipio,2012,2005-2014,Inactive,Failed,,FALSE,0,NA,FALSE,Consumer
28,Zipio,2012,2005-2014,Inactive,Failed,,FALSE,0,NA,FALSE,Social
27,Minefold,2012,2005-2014,Inactive,Failed,USA,TRUE,2,1-5,FALSE,B2B
27,Minefold,2012,2005-2014,Inactive,Failed,USA,TRUE,2,1-5,FALSE,Infrastructure
26,Marft,2012,2005-2014,Inactive,Failed,,FALSE,3,1-5,FALSE,B2B
26,Marft,2012,2005-2014,Inactive,Failed,,FALSE,3,1-5,FALSE,"Engineering, Product and Design"
23,BookSolid,2012,2005-2014,Inactive,Failed,,FALSE,0,NA,FALSE,B2B
23,BookSolid,2012,2005-2014,Inactive,Failed,,FALSE,0,NA,FALSE,Retail
22,Optilly/Installmonetizer,2012,2005-2014,Inactive,Failed,USA,TRUE,11,11-25,FALSE,B2B
22,Optilly/Installmonetizer,2012,2005-2014,Inactive,Failed,USA,TRUE,11,11-25,FALSE,Marketing
21,Tap to Learn,2012,2005-2014,Inactive,Failed,USA,TRUE,11,11-25,FALSE,Consumer
21,Tap to Learn,2012,2005-2014,Inactive,Failed,USA,TRUE,11,11-25,FALSE,Gaming
1720,Jellyfish Art,2012,2005-2014,Inactive,Failed,USA,TRUE,2,1-5,FALSE,Consumer
1720,Jellyfish Art,2012,2005-2014,Inactive,Failed,USA,TRUE,2,1-5,FALSE,Home and Personal
17,Couple,2012,2005-2014,Inactive,Failed,USA,TRUE,2,1-5,FALSE,Consumer
17,Couple,2012,2005-2014,Inactive,Failed,USA,TRUE,2,1-5,FALSE,Social
12,Hipmob,2012,2005-2014,Inactive,Failed,USA,TRUE,2,1-5,FALSE,B2B
12,Hipmob,2012,2005-2014,Inactive,Failed,USA,TRUE,2,1-5,FALSE,Operations
10,The Muse,2012,2005-2014,Inactive,Failed,USA,TRUE,60,26-100,FALSE,B2B
10,The Muse,2012,2005-2014,Inactive,Failed,USA,TRUE,60,26-100,FALSE,Recruiting and Talent
88,Segment,2011,2005-2014,Acquired,Successful,USA,TRUE,550,500+,TRUE,B2B
88,Segment,2011,2005-2014,Acquired,Successful,USA,TRUE,550,500+,TRUE,Analytics
86,Codecademy,2011,2005-2014,Acquired,Successful,USA,TRUE,225,101-500,TRUE,Education
98,GoCardless,2011,2005-2014,Active,Surviving,United Kingdom,FALSE,900,500+,FALSE,Fintech
98,GoCardless,2011,2005-2014,Active,Surviving,United Kingdom,FALSE,900,500+,FALSE,Consumer Finance
91,Clerky,2011,2005-2014,Active,Surviving,USA,TRUE,15,11-25,FALSE,B2B
91,Clerky,2011,2005-2014,Active,Surviving,USA,TRUE,15,11-25,FALSE,Legal
90,AgileMD,2011,2005-2014,Active,Surviving,USA,TRUE,19,11-25,FALSE,Healthcare
90,AgileMD,2011,2005-2014,Active,Surviving,USA,TRUE,19,11-25,FALSE,Healthcare IT
85,Quartzy,2011,2005-2014,Active,Surviving,USA,TRUE,100,26-100,FALSE,Healthcare
85,Quartzy,2011,2005-2014,Active,Surviving,USA,TRUE,100,26-100,FALSE,Healthcare IT
82,Streak,2011,2005-2014,Active,Surviving,USA,TRUE,35,26-100,FALSE,B2B
82,Streak,2011,2005-2014,Active,Surviving,USA,TRUE,35,26-100,FALSE,Sales
76,OneSignal,2011,2005-2014,Active,Surviving,USA,TRUE,150,101-500,FALSE,B2B
76,OneSignal,2011,2005-2014,Active,Surviving,USA,TRUE,150,101-500,FALSE,Marketing
73,HackerRank,2011,2005-2014,Active,Surviving,USA,TRUE,300,101-500,FALSE,B2B
73,HackerRank,2011,2005-2014,Active,Surviving,USA,TRUE,300,101-500,FALSE,Recruiting and Talent
72,Apollo,2011,2005-2014,Active,Surviving,USA,TRUE,200,101-500,FALSE,B2B
72,Apollo,2011,2005-2014,Active,Surviving,USA,TRUE,200,101-500,FALSE,Infrastructure
119,Vidyard,2011,2005-2014,Active,Surviving,Canada,FALSE,201,101-500,FALSE,B2B
119,Vidyard,2011,2005-2014,Active,Surviving,Canada,FALSE,201,101-500,FALSE,Marketing
116,Imgix,2011,2005-2014,Active,Surviving,USA,TRUE,34,26-100,FALSE,B2B
116,Imgix,2011,2005-2014,Active,Surviving,USA,TRUE,34,26-100,FALSE,Infrastructure
112,Videopixie,2011,2005-2014,Active,Surviving,USA,TRUE,11,11-25,FALSE,B2B
112,Videopixie,2011,2005-2014,Active,Surviving,USA,TRUE,11,11-25,FALSE,Marketing
110,MixRank,2011,2005-2014,Active,Surviving,USA,TRUE,31,26-100,FALSE,B2B
105,LeadGenius,2011,2005-2014,Active,Surviving,USA,TRUE,50,26-100,FALSE,B2B
105,LeadGenius,2011,2005-2014,Active,Surviving,USA,TRUE,50,26-100,FALSE,Sales
102,Sift,2011,2005-2014,Active,Surviving,USA,TRUE,NA,NA,FALSE,B2B
102,Sift,2011,2005-2014,Active,Surviving,USA,TRUE,NA,NA,FALSE,Security
99,Pagelever,2011,2005-2014,Acquired,Successful,USA,TRUE,11,11-25,FALSE,B2B
99,Pagelever,2011,2005-2014,Acquired,Successful,USA,TRUE,11,11-25,FALSE,Analytics
97,Firebase,2011,2005-2014,Acquired,Successful,USA,TRUE,500,101-500,FALSE,B2B
97,Firebase,2011,2005-2014,Acquired,Successful,USA,TRUE,500,101-500,FALSE,Infrastructure
96,Realm,2011,2005-2014,Acquired,Successful,USA,TRUE,51,26-100,FALSE,B2B
96,Realm,2011,2005-2014,Acquired,Successful,USA,TRUE,51,26-100,FALSE,Infrastructure
89,Citus Data,2011,2005-2014,Acquired,Successful,USA,TRUE,45,26-100,FALSE,B2B
89,Citus Data,2011,2005-2014,Acquired,Successful,USA,TRUE,45,26-100,FALSE,Infrastructure
87,Cryptoseal,2011,2005-2014,Acquired,Successful,USA,TRUE,3,1-5,FALSE,B2B
87,Cryptoseal,2011,2005-2014,Acquired,Successful,USA,TRUE,3,1-5,FALSE,Infrastructure
83,Science Exchange,2011,2005-2014,Acquired,Successful,USA,TRUE,50,26-100,FALSE,Healthcare
83,Science Exchange,2011,2005-2014,Acquired,Successful,USA,TRUE,50,26-100,FALSE,Healthcare Services
80,Debteye,2011,2005-2014,Acquired,Successful,USA,TRUE,2,1-5,FALSE,Fintech
80,Debteye,2011,2005-2014,Acquired,Successful,USA,TRUE,2,1-5,FALSE,Consumer Finance
79,Aisle50,2011,2005-2014,Acquired,Successful,USA,TRUE,11,11-25,FALSE,Consumer
79,Aisle50,2011,2005-2014,Acquired,Successful,USA,TRUE,11,11-25,FALSE,Home and Personal
75,Genius,2011,2005-2014,Acquired,Successful,USA,TRUE,101,101-500,FALSE,Consumer
75,Genius,2011,2005-2014,Acquired,Successful,USA,TRUE,101,101-500,FALSE,Content
74,Stypi,2011,2005-2014,Acquired,Successful,USA,TRUE,2,1-5,FALSE,B2B
74,Stypi,2011,2005-2014,Acquired,Successful,USA,TRUE,2,1-5,FALSE,Productivity
71,Clutch,2011,2005-2014,Acquired,Successful,USA,TRUE,2,1-5,FALSE,B2B
71,Clutch,2011,2005-2014,Acquired,Successful,USA,TRUE,2,1-5,FALSE,"Engineering, Product and Design"
70,Freshplum,2011,2005-2014,Acquired,Successful,USA,TRUE,8,6-10,FALSE,B2B
70,Freshplum,2011,2005-2014,Acquired,Successful,USA,TRUE,8,6-10,FALSE,Analytics
130,Automatic,2011,2005-2014,Acquired,Successful,USA,TRUE,51,26-100,FALSE,Consumer
130,Automatic,2011,2005-2014,Acquired,Successful,USA,TRUE,51,26-100,FALSE,Consumer Electronics
128,Zeus,2011,2005-2014,Acquired,Successful,USA,TRUE,200,101-500,FALSE,Real Estate and Construction
128,Zeus,2011,2005-2014,Acquired,Successful,USA,TRUE,200,101-500,FALSE,Housing and Real Estate
127,Parse,2011,2005-2014,Acquired,Successful,USA,TRUE,11,11-25,FALSE,B2B
127,Parse,2011,2005-2014,Acquired,Successful,USA,TRUE,11,11-25,FALSE,"Engineering, Product and Design"
124,Perfect Audience,2011,2005-2014,Acquired,Successful,USA,TRUE,11,11-25,FALSE,B2B
124,Perfect Audience,2011,2005-2014,Acquired,Successful,USA,TRUE,11,11-25,FALSE,Marketing
122,TapEngage,2011,2005-2014,Acquired,Successful,USA,TRUE,2,1-5,FALSE,B2B
122,TapEngage,2011,2005-2014,Acquired,Successful,USA,TRUE,2,1-5,FALSE,Marketing
118,GlassMap,2011,2005-2014,Acquired,Successful,USA,TRUE,11,11-25,FALSE,Consumer
118,GlassMap,2011,2005-2014,Acquired,Successful,USA,TRUE,11,11-25,FALSE,Social
117,Compose,2011,2005-2014,Acquired,Successful,USA,TRUE,51,26-100,FALSE,B2B
117,Compose,2011,2005-2014,Acquired,Successful,USA,TRUE,51,26-100,FALSE,Infrastructure
115,Launchpad Toys,2011,2005-2014,Acquired,Successful,USA,TRUE,2,1-5,FALSE,Consumer
115,Launchpad Toys,2011,2005-2014,Acquired,Successful,USA,TRUE,2,1-5,FALSE,Gaming
106,Caviar,2011,2005-2014,Acquired,Successful,USA,TRUE,51,26-100,FALSE,Consumer
106,Caviar,2011,2005-2014,Acquired,Successful,USA,TRUE,51,26-100,FALSE,Food and Beverage
104,Embark,2011,2005-2014,Acquired,Successful,USA,TRUE,2,1-5,FALSE,Consumer
104,Embark,2011,2005-2014,Acquired,Successful,USA,TRUE,2,1-5,FALSE,Transportation Services
103,Verbling,2011,2005-2014,Acquired,Successful,USA,TRUE,2,1-5,FALSE,Education
101,Fobo,2011,2005-2014,Acquired,Successful,USA,TRUE,2,1-5,FALSE,Consumer
101,Fobo,2011,2005-2014,Acquired,Successful,USA,TRUE,2,1-5,FALSE,Home and Personal
95,Zenbox,2011,2005-2014,Inactive,Failed,USA,TRUE,2,1-5,FALSE,B2B
95,Zenbox,2011,2005-2014,Inactive,Failed,USA,TRUE,2,1-5,FALSE,Productivity
94,Dubjoy,2011,2005-2014,Inactive,Failed,USA,TRUE,2,1-5,FALSE,B2B
94,Dubjoy,2011,2005-2014,Inactive,Failed,USA,TRUE,2,1-5,FALSE,Marketing
92,Quad,2011,2005-2014,Inactive,Failed,USA,TRUE,12,11-25,FALSE,Education
84,PhoneSys,2011,2005-2014,Inactive,Failed,USA,TRUE,4,1-5,FALSE,B2B
84,PhoneSys,2011,2005-2014,Inactive,Failed,USA,TRUE,4,1-5,FALSE,Infrastructure
81,Proxino,2011,2005-2014,Inactive,Failed,USA,TRUE,NA,NA,FALSE,B2B
81,Proxino,2011,2005-2014,Inactive,Failed,USA,TRUE,NA,NA,FALSE,Infrastructure
78,PayDragon,2011,2005-2014,Inactive,Failed,USA,TRUE,11,11-25,FALSE,Consumer
78,PayDragon,2011,2005-2014,Inactive,Failed,USA,TRUE,11,11-25,FALSE,Food and Beverage
77,Zigfu,2011,2005-2014,Inactive,Failed,USA,TRUE,2,1-5,FALSE,Consumer
77,Zigfu,2011,2005-2014,Inactive,Failed,USA,TRUE,2,1-5,FALSE,Gaming
69,Picplum,2011,2005-2014,Inactive,Failed,USA,TRUE,2,1-5,FALSE,Consumer
69,Picplum,2011,2005-2014,Inactive,Failed,USA,TRUE,2,1-5,FALSE,Home and Personal
131,Hungry Labs,2011,2005-2014,Inactive,Failed,USA,TRUE,2,1-5,FALSE,Consumer
131,Hungry Labs,2011,2005-2014,Inactive,Failed,USA,TRUE,2,1-5,FALSE,Social
126,Draft,2011,2005-2014,Inactive,Failed,USA,TRUE,1,1-5,FALSE,B2B
126,Draft,2011,2005-2014,Inactive,Failed,USA,TRUE,1,1-5,FALSE,Productivity
125,Rentobo,2011,2005-2014,Inactive,Failed,USA,TRUE,11,11-25,FALSE,Real Estate and Construction
125,Rentobo,2011,2005-2014,Inactive,Failed,USA,TRUE,11,11-25,FALSE,Housing and Real Estate
123,Snapjoy,2011,2005-2014,Inactive,Failed,USA,TRUE,11,11-25,FALSE,Consumer
123,Snapjoy,2011,2005-2014,Inactive,Failed,USA,TRUE,11,11-25,FALSE,Content
121,Ridejoy,2011,2005-2014,Inactive,Failed,USA,TRUE,11,11-25,FALSE,Consumer
121,Ridejoy,2011,2005-2014,Inactive,Failed,USA,TRUE,11,11-25,FALSE,Transportation Services
120,Leaky,2011,2005-2014,Inactive,Failed,USA,TRUE,2,1-5,FALSE,Fintech
120,Leaky,2011,2005-2014,Inactive,Failed,USA,TRUE,2,1-5,FALSE,Consumer Finance
114,Vapor,2011,2005-2014,Inactive,Failed,USA,TRUE,2,1-5,FALSE,Consumer
114,Vapor,2011,2005-2014,Inactive,Failed,USA,TRUE,2,1-5,FALSE,Social
111,Kicksend,2011,2005-2014,Inactive,Failed,USA,TRUE,11,11-25,FALSE,Consumer
111,Kicksend,2011,2005-2014,Inactive,Failed,USA,TRUE,11,11-25,FALSE,Home and Personal
109,Opez,2011,2005-2014,Inactive,Failed,USA,TRUE,11,11-25,FALSE,Consumer
109,Opez,2011,2005-2014,Inactive,Failed,USA,TRUE,11,11-25,FALSE,Home and Personal
108,Everyme,2011,2005-2014,Inactive,Failed,USA,TRUE,2,1-5,FALSE,Consumer
108,Everyme,2011,2005-2014,Inactive,Failed,USA,TRUE,2,1-5,FALSE,Social
107,Interstate,2011,2005-2014,Inactive,Failed,USA,TRUE,2,1-5,FALSE,B2B
107,Interstate,2011,2005-2014,Inactive,Failed,USA,TRUE,2,1-5,FALSE,Productivity
100,MarketBrief,2011,2005-2014,Inactive,Failed,USA,TRUE,2,1-5,FALSE,Fintech
100,MarketBrief,2011,2005-2014,Inactive,Failed,USA,TRUE,2,1-5,FALSE,Consumer Finance
531,DoorDash,2013,2005-2014,Public,Successful,USA,TRUE,8600,500+,TRUE,Consumer
531,DoorDash,2013,2005-2014,Public,Successful,USA,TRUE,8600,500+,TRUE,Food and Beverage
542,Casetext,2013,2005-2014,Acquired,Successful,USA,TRUE,50,26-100,FALSE,B2B
542,Casetext,2013,2005-2014,Acquired,Successful,USA,TRUE,50,26-100,FALSE,Legal
528,CoreOS,2013,2005-2014,Acquired,Successful,USA,TRUE,150,101-500,TRUE,B2B
528,CoreOS,2013,2005-2014,Acquired,Successful,USA,TRUE,150,101-500,TRUE,Infrastructure
566,Webflow,2013,2005-2014,Active,Surviving,USA,TRUE,600,500+,TRUE,B2B
566,Webflow,2013,2005-2014,Active,Surviving,USA,TRUE,600,500+,TRUE,Marketing
563,True Link,2013,2005-2014,Active,Surviving,USA,TRUE,100,26-100,FALSE,Fintech
555,Reebee,2013,2005-2014,Active,Surviving,Canada,FALSE,11,11-25,FALSE,Consumer
555,Reebee,2013,2005-2014,Active,Surviving,Canada,FALSE,11,11-25,FALSE,Home and Personal
552,Lob,2013,2005-2014,Active,Surviving,USA,TRUE,150,101-500,FALSE,B2B
552,Lob,2013,2005-2014,Active,Surviving,USA,TRUE,150,101-500,FALSE,Marketing
549,Panorama Education,2013,2005-2014,Active,Surviving,USA,TRUE,350,101-500,FALSE,Education
540,Cratejoy,2013,2005-2014,Active,Surviving,USA,TRUE,51,26-100,FALSE,B2B
540,Cratejoy,2013,2005-2014,Active,Surviving,USA,TRUE,51,26-100,FALSE,Retail
534,"Estimote, Inc.",2013,2005-2014,Active,Surviving,Poland,FALSE,40,26-100,FALSE,B2B
534,"Estimote, Inc.",2013,2005-2014,Active,Surviving,Poland,FALSE,40,26-100,FALSE,Supply Chain and Logistics
532,EasyPost,2013,2005-2014,Active,Surviving,USA,TRUE,51,26-100,FALSE,B2B
532,EasyPost,2013,2005-2014,Active,Surviving,USA,TRUE,51,26-100,FALSE,Supply Chain and Logistics
522,Asseta,2013,2005-2014,Active,Surviving,USA,TRUE,4,1-5,FALSE,B2B
517,7cups,2013,2005-2014,Active,Surviving,USA,TRUE,11,11-25,FALSE,Healthcare
517,7cups,2013,2005-2014,Active,Surviving,USA,TRUE,11,11-25,FALSE,Healthcare Services
570,Echo Locker,2013,2005-2014,Acquired,Successful,,FALSE,2,1-5,FALSE,Consumer
570,Echo Locker,2013,2005-2014,Acquired,Successful,,FALSE,2,1-5,FALSE,Home and Personal
567,Weilos,2013,2005-2014,Acquired,Successful,USA,TRUE,11,11-25,FALSE,Healthcare
567,Weilos,2013,2005-2014,Acquired,Successful,USA,TRUE,11,11-25,FALSE,Consumer Health and Wellness
564,Datarank,2013,2005-2014,Acquired,Successful,USA,TRUE,11,11-25,FALSE,B2B
564,Datarank,2013,2005-2014,Acquired,Successful,USA,TRUE,11,11-25,FALSE,Marketing
561,Lumoid,2013,2005-2014,Acquired,Successful,USA,TRUE,11,11-25,FALSE,Consumer
561,Lumoid,2013,2005-2014,Acquired,Successful,USA,TRUE,11,11-25,FALSE,Consumer Electronics
560,StatusPage,2013,2005-2014,Acquired,Successful,USA,TRUE,NA,NA,FALSE,B2B
560,StatusPage,2013,2005-2014,Acquired,Successful,USA,TRUE,NA,NA,FALSE,"Engineering, Product and Design"
558,Bop.fm,2013,2005-2014,Acquired,Successful,USA,TRUE,2,1-5,FALSE,Consumer
558,Bop.fm,2013,2005-2014,Acquired,Successful,USA,TRUE,2,1-5,FALSE,Content
556,Arcus,2013,2005-2014,Acquired,Successful,USA,TRUE,100,26-100,FALSE,Fintech
556,Arcus,2013,2005-2014,Acquired,Successful,USA,TRUE,100,26-100,FALSE,Banking and Exchange
554,RealCrowd,2013,2005-2014,Acquired,Successful,USA,TRUE,9,6-10,FALSE,Real Estate and Construction
554,RealCrowd,2013,2005-2014,Acquired,Successful,USA,TRUE,9,6-10,FALSE,Housing and Real Estate
546,Senic,2013,2005-2014,Acquired,Successful,Germany,FALSE,16,11-25,FALSE,Consumer
546,Senic,2013,2005-2014,Acquired,Successful,Germany,FALSE,16,11-25,FALSE,Consumer Electronics
543,Layer By Layer,2013,2005-2014,Acquired,Successful,USA,TRUE,2,1-5,FALSE,Consumer
543,Layer By Layer,2013,2005-2014,Acquired,Successful,USA,TRUE,2,1-5,FALSE,Home and Personal
541,SpoonRocket,2013,2005-2014,Acquired,Successful,USA,TRUE,51,26-100,FALSE,Consumer
541,SpoonRocket,2013,2005-2014,Acquired,Successful,USA,TRUE,51,26-100,FALSE,Food and Beverage
533,SimpleLegal,2013,2005-2014,Acquired,Successful,USA,TRUE,60,26-100,FALSE,B2B
533,SimpleLegal,2013,2005-2014,Acquired,Successful,USA,TRUE,60,26-100,FALSE,Legal
526,Hackermeter,2013,2005-2014,Acquired,Successful,USA,TRUE,11,11-25,FALSE,B2B
526,Hackermeter,2013,2005-2014,Acquired,Successful,USA,TRUE,11,11-25,FALSE,Recruiting and Talent
524,BloomThat,2013,2005-2014,Acquired,Successful,USA,TRUE,11,11-25,FALSE,Consumer
524,BloomThat,2013,2005-2014,Acquired,Successful,USA,TRUE,11,11-25,FALSE,Home and Personal
523,Standard Treasury,2013,2005-2014,Acquired,Successful,USA,TRUE,0,NA,FALSE,Fintech
523,Standard Treasury,2013,2005-2014,Acquired,Successful,USA,TRUE,0,NA,FALSE,Banking and Exchange
521,Apptimize,2013,2005-2014,Acquired,Successful,USA,TRUE,50,26-100,FALSE,B2B
521,Apptimize,2013,2005-2014,Acquired,Successful,USA,TRUE,50,26-100,FALSE,"Engineering, Product and Design"
518,URX,2013,2005-2014,Acquired,Successful,USA,TRUE,11,11-25,FALSE,B2B
518,URX,2013,2005-2014,Acquired,Successful,USA,TRUE,11,11-25,FALSE,"Engineering, Product and Design"
569,Ixiplay,2013,2005-2014,Inactive,Failed,USA,TRUE,2,1-5,FALSE,Consumer
569,Ixiplay,2013,2005-2014,Inactive,Failed,USA,TRUE,2,1-5,FALSE,Consumer Electronics
568,WebCake,2013,2005-2014,Inactive,Failed,USA,TRUE,0,NA,FALSE,B2B
568,WebCake,2013,2005-2014,Inactive,Failed,USA,TRUE,0,NA,FALSE,"Engineering, Product and Design"
565,Kivo,2013,2005-2014,Inactive,Failed,USA,TRUE,2,1-5,FALSE,B2B
565,Kivo,2013,2005-2014,Inactive,Failed,USA,TRUE,2,1-5,FALSE,Productivity
562,SoundFocus,2013,2005-2014,Inactive,Failed,USA,TRUE,2,1-5,FALSE,Healthcare
562,SoundFocus,2013,2005-2014,Inactive,Failed,USA,TRUE,2,1-5,FALSE,Consumer Health and Wellness
559,Butter Systems,2013,2005-2014,Inactive,Failed,USA,TRUE,2,1-5,FALSE,B2B
559,Butter Systems,2013,2005-2014,Inactive,Failed,USA,TRUE,2,1-5,FALSE,Retail
557,Audobox,2013,2005-2014,Inactive,Failed,,FALSE,0,NA,FALSE,B2B
557,Audobox,2013,2005-2014,Inactive,Failed,,FALSE,0,NA,FALSE,"Engineering, Product and Design"
553,Amulyte,2013,2005-2014,Inactive,Failed,USA,TRUE,2,1-5,FALSE,Healthcare
553,Amulyte,2013,2005-2014,Inactive,Failed,USA,TRUE,2,1-5,FALSE,Consumer Health and Wellness
550,Watchsend,2013,2005-2014,Inactive,Failed,USA,TRUE,2,1-5,FALSE,B2B
550,Watchsend,2013,2005-2014,Inactive,Failed,USA,TRUE,2,1-5,FALSE,"Engineering, Product and Design"
548,One Month,2013,2005-2014,Inactive,Failed,USA,TRUE,1,1-5,FALSE,Education
547,Meta,2013,2005-2014,Inactive,Failed,USA,TRUE,11,11-25,FALSE,Consumer
547,Meta,2013,2005-2014,Inactive,Failed,USA,TRUE,11,11-25,FALSE,Virtual and Augmented Reality
545,LocalOn,2013,2005-2014,Inactive,Failed,USA,TRUE,2,1-5,FALSE,B2B
545,LocalOn,2013,2005-2014,Inactive,Failed,USA,TRUE,2,1-5,FALSE,Retail
544,Le Tote,2013,2005-2014,Inactive,Failed,USA,TRUE,201,101-500,FALSE,Consumer
544,Le Tote,2013,2005-2014,Inactive,Failed,USA,TRUE,201,101-500,FALSE,Apparel and Cosmetics
538,Hum,2013,2005-2014,Inactive,Failed,USA,TRUE,11,11-25,FALSE,B2B
538,Hum,2013,2005-2014,Inactive,Failed,USA,TRUE,11,11-25,FALSE,Productivity
537,Graft Concepts,2013,2005-2014,Inactive,Failed,USA,TRUE,2,1-5,FALSE,Consumer
537,Graft Concepts,2013,2005-2014,Inactive,Failed,USA,TRUE,2,1-5,FALSE,Consumer Electronics
536,Glio,2013,2005-2014,Inactive,Failed,Brazil,FALSE,2,1-5,FALSE,Consumer
536,Glio,2013,2005-2014,Inactive,Failed,Brazil,FALSE,2,1-5,FALSE,Apparel and Cosmetics
535,Floobits,2013,2005-2014,Inactive,Failed,USA,TRUE,2,1-5,FALSE,B2B
535,Floobits,2013,2005-2014,Inactive,Failed,USA,TRUE,2,1-5,FALSE,"Engineering, Product and Design"
530,GoComm,2013,2005-2014,Inactive,Failed,USA,TRUE,2,1-5,FALSE,B2B
530,GoComm,2013,2005-2014,Inactive,Failed,USA,TRUE,2,1-5,FALSE,Productivity
529,Crowdery,2013,2005-2014,Inactive,Failed,USA,TRUE,2,1-5,FALSE,B2B
529,Crowdery,2013,2005-2014,Inactive,Failed,USA,TRUE,2,1-5,FALSE,Retail
527,Buttercoin,2013,2005-2014,Inactive,Failed,USA,TRUE,11,11-25,FALSE,Fintech
527,Buttercoin,2013,2005-2014,Inactive,Failed,USA,TRUE,11,11-25,FALSE,Banking and Exchange
525,StackMachine,2013,2005-2014,Inactive,Failed,USA,TRUE,2,1-5,FALSE,B2B
525,StackMachine,2013,2005-2014,Inactive,Failed,USA,TRUE,2,1-5,FALSE,Infrastructure
520,FanHero,2013,2005-2014,Inactive,Failed,USA,TRUE,1,1-5,FALSE,Consumer
520,FanHero,2013,2005-2014,Inactive,Failed,USA,TRUE,1,1-5,FALSE,Social
519,Teleborder,2013,2005-2014,Inactive,Failed,USA,TRUE,11,11-25,FALSE,B2B
519,Teleborder,2013,2005-2014,Inactive,Failed,USA,TRUE,11,11-25,FALSE,Human Resources
498,Heap,2013,2005-2014,Acquired,Successful,USA,TRUE,388,101-500,TRUE,B2B
498,Heap,2013,2005-2014,Acquired,Successful,USA,TRUE,388,101-500,TRUE,Analytics
482,Fivetran,2013,2005-2014,Active,Surviving,USA,TRUE,1200,500+,TRUE,B2B
482,Fivetran,2013,2005-2014,Active,Surviving,USA,TRUE,1200,500+,TRUE,Infrastructure
507,Zenefits,2013,2005-2014,Acquired,Successful,USA,TRUE,500,101-500,FALSE,B2B
507,Zenefits,2013,2005-2014,Acquired,Successful,USA,TRUE,500,101-500,FALSE,Human Resources
475,North,2013,2005-2014,Acquired,Successful,Canada,FALSE,51,26-100,TRUE,Consumer
475,North,2013,2005-2014,Acquired,Successful,Canada,FALSE,51,26-100,TRUE,Virtual and Augmented Reality
516,Watsi,2013,2005-2014,Active,Surviving,USA,TRUE,11,11-25,FALSE,Healthcare
508,Goldbelly,2013,2005-2014,Active,Surviving,USA,TRUE,125,101-500,FALSE,Consumer
508,Goldbelly,2013,2005-2014,Active,Surviving,USA,TRUE,125,101-500,FALSE,Food and Beverage
505,Wevorce,2013,2005-2014,Active,Surviving,USA,TRUE,11,11-25,FALSE,Consumer
505,Wevorce,2013,2005-2014,Active,Surviving,USA,TRUE,11,11-25,FALSE,Home and Personal
503,Wefunder,2013,2005-2014,Active,Surviving,USA,TRUE,35,26-100,FALSE,Fintech
503,Wefunder,2013,2005-2014,Active,Surviving,USA,TRUE,35,26-100,FALSE,Asset Management
500,SimplyInsured,2013,2005-2014,Active,Surviving,USA,TRUE,35,26-100,FALSE,Healthcare
500,SimplyInsured,2013,2005-2014,Active,Surviving,USA,TRUE,35,26-100,FALSE,Healthcare Services
497,Experiment,2013,2005-2014,Active,Surviving,USA,TRUE,1,1-5,FALSE,Healthcare
497,Experiment,2013,2005-2014,Active,Surviving,USA,TRUE,1,1-5,FALSE,Healthcare Services
493,RADAR,2013,2005-2014,Active,Surviving,USA,TRUE,120,101-500,FALSE,B2B
493,RADAR,2013,2005-2014,Active,Surviving,USA,TRUE,120,101-500,FALSE,Retail
492,Lollipuff,2013,2005-2014,Active,Surviving,USA,TRUE,11,11-25,FALSE,Consumer
492,Lollipuff,2013,2005-2014,Active,Surviving,USA,TRUE,11,11-25,FALSE,Apparel and Cosmetics
491,Strikingly,2013,2005-2014,Active,Surviving,China,FALSE,99,26-100,FALSE,B2B
491,Strikingly,2013,2005-2014,Active,Surviving,China,FALSE,99,26-100,FALSE,Marketing
490,InfluxData,2013,2005-2014,Active,Surviving,USA,TRUE,210,101-500,FALSE,B2B
490,InfluxData,2013,2005-2014,Active,Surviving,USA,TRUE,210,101-500,FALSE,Infrastructure
488,Etleap,2013,2005-2014,Active,Surviving,USA,TRUE,11,11-25,FALSE,B2B
488,Etleap,2013,2005-2014,Active,Surviving,USA,TRUE,11,11-25,FALSE,Infrastructure
486,Cheetah,2013,2005-2014,Active,Surviving,USA,TRUE,2,1-5,FALSE,B2B
486,Cheetah,2013,2005-2014,Active,Surviving,USA,TRUE,2,1-5,FALSE,Retail
484,Lawdingo,2013,2005-2014,Active,Surviving,USA,TRUE,NA,NA,FALSE,Consumer
484,Lawdingo,2013,2005-2014,Active,Surviving,USA,TRUE,NA,NA,FALSE,Home and Personal
481,Padlet,2013,2005-2014,Active,Surviving,USA,TRUE,65,26-100,FALSE,B2B
481,Padlet,2013,2005-2014,Active,Surviving,USA,TRUE,65,26-100,FALSE,Productivity
479,BuildZoom,2013,2005-2014,Active,Surviving,USA,TRUE,100,26-100,FALSE,Consumer
479,BuildZoom,2013,2005-2014,Active,Surviving,USA,TRUE,100,26-100,FALSE,Home and Personal
471,CircuitLab,2013,2005-2014,Active,Surviving,USA,TRUE,2,1-5,FALSE,B2B
471,CircuitLab,2013,2005-2014,Active,Surviving,USA,TRUE,2,1-5,FALSE,"Engineering, Product and Design"
470,StyleUp,2013,2005-2014,Active,Surviving,USA,TRUE,10,6-10,FALSE,Consumer
470,StyleUp,2013,2005-2014,Active,Surviving,USA,TRUE,10,6-10,FALSE,Apparel and Cosmetics
512,Teespring,2013,2005-2014,Acquired,Successful,USA,TRUE,201,101-500,FALSE,Consumer
512,Teespring,2013,2005-2014,Acquired,Successful,USA,TRUE,201,101-500,FALSE,Apparel and Cosmetics
511,Semantics3,2013,2005-2014,Acquired,Successful,USA,TRUE,25,11-25,FALSE,B2B
511,Semantics3,2013,2005-2014,Acquired,Successful,USA,TRUE,25,11-25,FALSE,Retail
506,Kalibrr,2013,2005-2014,Acquired,Successful,Philippines,FALSE,51,26-100,FALSE,B2B
506,Kalibrr,2013,2005-2014,Acquired,Successful,Philippines,FALSE,51,26-100,FALSE,Operations
504,Coin,2013,2005-2014,Acquired,Successful,USA,TRUE,11,11-25,FALSE,Fintech
504,Coin,2013,2005-2014,Acquired,Successful,USA,TRUE,11,11-25,FALSE,Consumer Finance
499,MedXT,2013,2005-2014,Acquired,Successful,USA,TRUE,2,1-5,FALSE,Healthcare
499,MedXT,2013,2005-2014,Acquired,Successful,USA,TRUE,2,1-5,FALSE,Healthcare IT
494,Meldium,2013,2005-2014,Acquired,Successful,USA,TRUE,2,1-5,FALSE,B2B
494,Meldium,2013,2005-2014,Acquired,Successful,USA,TRUE,2,1-5,FALSE,Productivity
485,Bitnami,2013,2005-2014,Acquired,Successful,USA,TRUE,75,26-100,FALSE,B2B
485,Bitnami,2013,2005-2014,Acquired,Successful,USA,TRUE,75,26-100,FALSE,Infrastructure
483,GrepData,2013,2005-2014,Acquired,Successful,USA,TRUE,51,26-100,FALSE,B2B
483,GrepData,2013,2005-2014,Acquired,Successful,USA,TRUE,51,26-100,FALSE,Analytics
478,VaycayHero,2013,2005-2014,Acquired,Successful,USA,TRUE,55,26-100,FALSE,Consumer
478,VaycayHero,2013,2005-2014,Acquired,Successful,USA,TRUE,55,26-100,FALSE,"Travel, Leisure and Tourism"
473,Scuba,2013,2005-2014,Acquired,Successful,,FALSE,51,26-100,FALSE,B2B
473,Scuba,2013,2005-2014,Acquired,Successful,,FALSE,51,26-100,FALSE,Analytics
472,Screenhero,2013,2005-2014,Acquired,Successful,USA,TRUE,2,1-5,FALSE,B2B
472,Screenhero,2013,2005-2014,Acquired,Successful,USA,TRUE,2,1-5,FALSE,Productivity
515,Prophecy Sciences,2013,2005-2014,Inactive,Failed,USA,TRUE,2,1-5,FALSE,B2B
515,Prophecy Sciences,2013,2005-2014,Inactive,Failed,USA,TRUE,2,1-5,FALSE,Recruiting and Talent
514,Posmetrics,2013,2005-2014,Inactive,Failed,USA,TRUE,2,1-5,FALSE,B2B
514,Posmetrics,2013,2005-2014,Inactive,Failed,USA,TRUE,2,1-5,FALSE,Retail
513,Airware,2013,2005-2014,Inactive,Failed,USA,TRUE,51,26-100,FALSE,Industrials
513,Airware,2013,2005-2014,Inactive,Failed,USA,TRUE,51,26-100,FALSE,Drones
509,Logiblock,2013,2005-2014,Inactive,Failed,USA,TRUE,0,NA,FALSE,B2B
509,Logiblock,2013,2005-2014,Inactive,Failed,USA,TRUE,0,NA,FALSE,Infrastructure
502,CrowdMed,2013,2005-2014,Inactive,Failed,USA,TRUE,5,1-5,FALSE,Healthcare
502,CrowdMed,2013,2005-2014,Inactive,Failed,USA,TRUE,5,1-5,FALSE,Healthcare Services
501,FlightCar,2013,2005-2014,Inactive,Failed,USA,TRUE,51,26-100,FALSE,Consumer
501,FlightCar,2013,2005-2014,Inactive,Failed,USA,TRUE,51,26-100,FALSE,"Travel, Leisure and Tourism"
496,Swapbox,2013,2005-2014,Inactive,Failed,USA,TRUE,2,1-5,FALSE,Consumer
496,Swapbox,2013,2005-2014,Inactive,Failed,USA,TRUE,2,1-5,FALSE,Home and Personal
495,BeatDeck,2013,2005-2014,Inactive,Failed,USA,TRUE,2,1-5,FALSE,B2B
495,BeatDeck,2013,2005-2014,Inactive,Failed,USA,TRUE,2,1-5,FALSE,Retail
489,RoverRide,2013,2005-2014,Inactive,Failed,USA,TRUE,0,NA,FALSE,Consumer
489,RoverRide,2013,2005-2014,Inactive,Failed,USA,TRUE,0,NA,FALSE,Transportation Services
487,Medisas,2013,2005-2014,Inactive,Failed,USA,TRUE,11,11-25,FALSE,Healthcare
487,Medisas,2013,2005-2014,Inactive,Failed,USA,TRUE,11,11-25,FALSE,Healthcare IT
480,Trainzen,2013,2005-2014,Inactive,Failed,USA,TRUE,2,1-5,FALSE,B2B
480,Trainzen,2013,2005-2014,Inactive,Failed,USA,TRUE,2,1-5,FALSE,Human Resources
477,PayTango,2013,2005-2014,Inactive,Failed,USA,TRUE,2,1-5,FALSE,B2B
477,PayTango,2013,2005-2014,Inactive,Failed,USA,TRUE,2,1-5,FALSE,Finance and Accounting
476,Swish,2013,2005-2014,Inactive,Failed,USA,TRUE,2,1-5,FALSE,B2B
476,Swish,2013,2005-2014,Inactive,Failed,USA,TRUE,2,1-5,FALSE,Supply Chain and Logistics
474,Appcubator,2013,2005-2014,Inactive,Failed,USA,TRUE,0,NA,FALSE,B2B
474,Appcubator,2013,2005-2014,Inactive,Failed,USA,TRUE,0,NA,FALSE,"Engineering, Product and Design"
158,Fivestars,2011,2005-2014,Acquired,Successful,USA,TRUE,201,101-500,TRUE,B2B
158,Fivestars,2011,2005-2014,Acquired,Successful,USA,TRUE,201,101-500,TRUE,Retail
168,GOAT Group,2011,2005-2014,Active,Surviving,USA,TRUE,1600,500+,TRUE,Consumer
168,GOAT Group,2011,2005-2014,Active,Surviving,USA,TRUE,1600,500+,TRUE,Apparel and Cosmetics
145,HelloSign,2011,2005-2014,Acquired,Successful,USA,TRUE,100,26-100,TRUE,B2B
145,HelloSign,2011,2005-2014,Acquired,Successful,USA,TRUE,100,26-100,TRUE,Productivity
170,DrChrono,2011,2005-2014,Acquired,Successful,USA,TRUE,150,101-500,TRUE,Healthcare
170,DrChrono,2011,2005-2014,Acquired,Successful,USA,TRUE,150,101-500,TRUE,Healthcare IT
172,Storyworth,2011,2005-2014,Active,Surviving,USA,TRUE,13,11-25,FALSE,Consumer
172,Storyworth,2011,2005-2014,Active,Surviving,USA,TRUE,13,11-25,FALSE,Home and Personal
171,Zerocater,2011,2005-2014,Active,Surviving,USA,TRUE,140,101-500,FALSE,B2B
171,Zerocater,2011,2005-2014,Active,Surviving,USA,TRUE,140,101-500,FALSE,Office Management
164,Mino Games,2011,2005-2014,Active,Surviving,USA,TRUE,11,11-25,FALSE,Consumer
164,Mino Games,2011,2005-2014,Active,Surviving,USA,TRUE,11,11-25,FALSE,Gaming
160,Close,2011,2005-2014,Active,Surviving,NA,FALSE,120,101-500,FALSE,B2B
160,Close,2011,2005-2014,Active,Surviving,NA,FALSE,120,101-500,FALSE,Sales
149,Tremendous,2011,2005-2014,Active,Surviving,USA,TRUE,150,101-500,FALSE,Fintech
149,Tremendous,2011,2005-2014,Active,Surviving,USA,TRUE,150,101-500,FALSE,Payments
147,You Got Listings,2011,2005-2014,Active,Surviving,NA,FALSE,3,1-5,FALSE,Real Estate and Construction
147,You Got Listings,2011,2005-2014,Active,Surviving,NA,FALSE,3,1-5,FALSE,Housing and Real Estate
146,Instapainting,2011,2005-2014,Active,Surviving,USA,TRUE,2,1-5,FALSE,Consumer
146,Instapainting,2011,2005-2014,Active,Surviving,USA,TRUE,2,1-5,FALSE,Home and Personal
143,Acunote,2011,2005-2014,Active,Surviving,USA,TRUE,0,NA,FALSE,B2B
143,Acunote,2011,2005-2014,Active,Surviving,USA,TRUE,0,NA,FALSE,Productivity
141,Tumult,2011,2005-2014,Active,Surviving,USA,TRUE,1,1-5,FALSE,B2B
141,Tumult,2011,2005-2014,Active,Surviving,USA,TRUE,1,1-5,FALSE,"Engineering, Product and Design"
138,Talkable,2011,2005-2014,Active,Surviving,USA,TRUE,76,26-100,FALSE,B2B
138,Talkable,2011,2005-2014,Active,Surviving,USA,TRUE,76,26-100,FALSE,Retail
134,SingleStore,2011,2005-2014,Active,Surviving,USA,TRUE,150,101-500,FALSE,B2B
134,SingleStore,2011,2005-2014,Active,Surviving,USA,TRUE,150,101-500,FALSE,Infrastructure
173,TalkBin,2011,2005-2014,Acquired,Successful,USA,TRUE,0,NA,FALSE,B2B
173,TalkBin,2011,2005-2014,Acquired,Successful,USA,TRUE,0,NA,FALSE,Retail
169,OrderAhead,2011,2005-2014,Acquired,Successful,USA,TRUE,50,26-100,FALSE,Consumer
169,OrderAhead,2011,2005-2014,Acquired,Successful,USA,TRUE,50,26-100,FALSE,Food and Beverage
165,Lanyrd,2011,2005-2014,Acquired,Successful,USA,TRUE,2,1-5,FALSE,Consumer
165,Lanyrd,2011,2005-2014,Acquired,Successful,USA,TRUE,2,1-5,FALSE,Job and Career Services
162,Mailgun,2011,2005-2014,Acquired,Successful,USA,TRUE,51,26-100,FALSE,B2B
162,Mailgun,2011,2005-2014,Acquired,Successful,USA,TRUE,51,26-100,FALSE,"Engineering, Product and Design"
159,Apportable,2011,2005-2014,Acquired,Successful,USA,TRUE,51,26-100,FALSE,B2B
159,Apportable,2011,2005-2014,Acquired,Successful,USA,TRUE,51,26-100,FALSE,Infrastructure
153,Pebble,2011,2005-2014,Acquired,Successful,USA,TRUE,51,26-100,FALSE,Consumer
153,Pebble,2011,2005-2014,Acquired,Successful,USA,TRUE,51,26-100,FALSE,Consumer Electronics
152,Humble Bundle,2011,2005-2014,Acquired,Successful,USA,TRUE,100,26-100,FALSE,Consumer
152,Humble Bundle,2011,2005-2014,Acquired,Successful,USA,TRUE,100,26-100,FALSE,Gaming
151,Comprehend,2011,2005-2014,Acquired,Successful,USA,TRUE,51,26-100,FALSE,Healthcare
151,Comprehend,2011,2005-2014,Acquired,Successful,USA,TRUE,51,26-100,FALSE,Healthcare IT
150,Custora,2011,2005-2014,Acquired,Successful,USA,TRUE,11,11-25,FALSE,B2B
150,Custora,2011,2005-2014,Acquired,Successful,USA,TRUE,11,11-25,FALSE,Analytics
148,Hotspots,2011,2005-2014,Acquired,Successful,USA,TRUE,2,1-5,FALSE,B2B
148,Hotspots,2011,2005-2014,Acquired,Successful,USA,TRUE,2,1-5,FALSE,Marketing
144,Sendoid,2011,2005-2014,Acquired,Successful,USA,TRUE,2,1-5,FALSE,B2B
144,Sendoid,2011,2005-2014,Acquired,Successful,USA,TRUE,2,1-5,FALSE,Productivity
142,Earbits,2011,2005-2014,Acquired,Successful,USA,TRUE,15,11-25,FALSE,B2B
142,Earbits,2011,2005-2014,Acquired,Successful,USA,TRUE,15,11-25,FALSE,Marketing
133,Upverter,2011,2005-2014,Acquired,Successful,Canada,FALSE,11,11-25,FALSE,B2B
133,Upverter,2011,2005-2014,Acquired,Successful,Canada,FALSE,11,11-25,FALSE,"Engineering, Product and Design"
175,SimplyListed,2011,2005-2014,Inactive,Failed,USA,TRUE,2,1-5,FALSE,Consumer
175,SimplyListed,2011,2005-2014,Inactive,Failed,USA,TRUE,2,1-5,FALSE,Home and Personal
174,Venuetastic,2011,2005-2014,Inactive,Failed,USA,TRUE,2,1-5,FALSE,B2B
174,Venuetastic,2011,2005-2014,Inactive,Failed,USA,TRUE,2,1-5,FALSE,Office Management
167,Siasto,2011,2005-2014,Inactive,Failed,USA,TRUE,2,1-5,FALSE,B2B
167,Siasto,2011,2005-2014,Inactive,Failed,USA,TRUE,2,1-5,FALSE,Productivity
166,TrustEgg,2011,2005-2014,Inactive,Failed,USA,TRUE,2,1-5,FALSE,Fintech
166,TrustEgg,2011,2005-2014,Inactive,Failed,USA,TRUE,2,1-5,FALSE,Asset Management
163,Tutorspree,2011,2005-2014,Inactive,Failed,USA,TRUE,51,26-100,FALSE,Education
161,Balanced,2011,2005-2014,Inactive,Failed,USA,TRUE,11,11-25,FALSE,Fintech
161,Balanced,2011,2005-2014,Inactive,Failed,USA,TRUE,11,11-25,FALSE,Consumer Finance
157,Flotype,2011,2005-2014,Inactive,Failed,USA,TRUE,2,1-5,FALSE,B2B
157,Flotype,2011,2005-2014,Inactive,Failed,USA,TRUE,2,1-5,FALSE,Retail
156,Convore,2011,2005-2014,Inactive,Failed,USA,TRUE,2,1-5,FALSE,Consumer
156,Convore,2011,2005-2014,Inactive,Failed,USA,TRUE,2,1-5,FALSE,Social
155,Insight Data Science,2011,2005-2014,Inactive,Failed,USA,TRUE,11,11-25,FALSE,Education
154,Hyperink,2011,2005-2014,Inactive,Failed,USA,TRUE,11,11-25,FALSE,Consumer
154,Hyperink,2011,2005-2014,Inactive,Failed,USA,TRUE,11,11-25,FALSE,Content
140,AppHarbor,2011,2005-2014,Inactive,Failed,USA,TRUE,1,1-5,FALSE,B2B
140,AppHarbor,2011,2005-2014,Inactive,Failed,USA,TRUE,1,1-5,FALSE,Infrastructure
139,FitFu,2011,2005-2014,Inactive,Failed,USA,TRUE,2,1-5,FALSE,Consumer
139,FitFu,2011,2005-2014,Inactive,Failed,USA,TRUE,2,1-5,FALSE,Home and Personal
137,Assembled,2011,2005-2014,Inactive,Failed,USA,TRUE,2,1-5,FALSE,Consumer
137,Assembled,2011,2005-2014,Inactive,Failed,USA,TRUE,2,1-5,FALSE,Social
136,TellFi,2011,2005-2014,Inactive,Failed,USA,TRUE,2,1-5,FALSE,B2B
136,TellFi,2011,2005-2014,Inactive,Failed,USA,TRUE,2,1-5,FALSE,Productivity
135,Beetailer,2011,2005-2014,Inactive,Failed,USA,TRUE,2,1-5,FALSE,B2B
135,Beetailer,2011,2005-2014,Inactive,Failed,USA,TRUE,2,1-5,FALSE,Retail
132,Inporia,2011,2005-2014,Inactive,Failed,USA,TRUE,11,11-25,FALSE,Consumer
132,Inporia,2011,2005-2014,Inactive,Failed,USA,TRUE,11,11-25,FALSE,Apparel and Cosmetics
129,Userfox,2011,2005-2014,Inactive,Failed,USA,TRUE,2,1-5,FALSE,B2B
129,Userfox,2011,2005-2014,Inactive,Failed,USA,TRUE,2,1-5,FALSE,Marketing
202,PagerDuty,2010,2005-2014,Public,Successful,USA,TRUE,950,500+,TRUE,B2B
202,PagerDuty,2010,2005-2014,Public,Successful,USA,TRUE,950,500+,TRUE,"Engineering, Product and Design"
197,FutureAdvisor,2010,2005-2014,Acquired,Successful,USA,TRUE,51,26-100,TRUE,Fintech
197,FutureAdvisor,2010,2005-2014,Acquired,Successful,USA,TRUE,51,26-100,TRUE,Consumer Finance
201,WorkFlowy,2010,2005-2014,Active,Surviving,USA,TRUE,4,1-5,FALSE,B2B
201,WorkFlowy,2010,2005-2014,Active,Surviving,USA,TRUE,4,1-5,FALSE,Productivity
200,inDinero,2010,2005-2014,Active,Surviving,USA,TRUE,250,101-500,FALSE,B2B
200,inDinero,2010,2005-2014,Active,Surviving,USA,TRUE,250,101-500,FALSE,Finance and Accounting
198,Docker,2010,2005-2014,Active,Surviving,USA,TRUE,201,101-500,FALSE,B2B
198,Docker,2010,2005-2014,Active,Surviving,USA,TRUE,201,101-500,FALSE,Infrastructure
188,AnyList,2010,2005-2014,Active,Surviving,USA,TRUE,3,1-5,FALSE,Consumer
188,AnyList,2010,2005-2014,Active,Surviving,USA,TRUE,3,1-5,FALSE,Home and Personal
187,DemandSphere,2010,2005-2014,Active,Surviving,USA,TRUE,40,26-100,FALSE,B2B
187,DemandSphere,2010,2005-2014,Active,Surviving,USA,TRUE,40,26-100,FALSE,Marketing
181,Recurse Center,2010,2005-2014,Active,Surviving,USA,TRUE,7,6-10,FALSE,Education
209,AdGrok,2010,2005-2014,Acquired,Successful,USA,TRUE,2,1-5,FALSE,B2B
209,AdGrok,2010,2005-2014,Acquired,Successful,USA,TRUE,2,1-5,FALSE,Marketing
208,Whereoscope,2010,2005-2014,Acquired,Successful,USA,TRUE,2,1-5,FALSE,Consumer
208,Whereoscope,2010,2005-2014,Acquired,Successful,USA,TRUE,2,1-5,FALSE,Social
207,Tapzilla,2010,2005-2014,Acquired,Successful,USA,TRUE,2,1-5,FALSE,B2B
207,Tapzilla,2010,2005-2014,Acquired,Successful,USA,TRUE,2,1-5,FALSE,Marketing
206,Fridge,2010,2005-2014,Acquired,Successful,USA,TRUE,2,1-5,FALSE,Consumer
206,Fridge,2010,2005-2014,Acquired,Successful,USA,TRUE,2,1-5,FALSE,Social
205,Fanvibe,2010,2005-2014,Acquired,Successful,USA,TRUE,2,1-5,FALSE,Consumer
205,Fanvibe,2010,2005-2014,Acquired,Successful,USA,TRUE,2,1-5,FALSE,Social
194,Leftronic,2010,2005-2014,Acquired,Successful,USA,TRUE,11,11-25,FALSE,Consumer
194,Leftronic,2010,2005-2014,Acquired,Successful,USA,TRUE,11,11-25,FALSE,Consumer Electronics
193,GazeHawk,2010,2005-2014,Acquired,Successful,USA,TRUE,2,1-5,FALSE,B2B
193,GazeHawk,2010,2005-2014,Acquired,Successful,USA,TRUE,2,1-5,FALSE,"Engineering, Product and Design"
192,1000Memories,2010,2005-2014,Acquired,Successful,USA,TRUE,2,1-5,FALSE,Consumer
192,1000Memories,2010,2005-2014,Acquired,Successful,USA,TRUE,2,1-5,FALSE,Home and Personal
191,Homejoy,2010,2005-2014,Acquired,Successful,USA,TRUE,201,101-500,FALSE,Consumer
191,Homejoy,2010,2005-2014,Acquired,Successful,USA,TRUE,201,101-500,FALSE,Home and Personal
186,PadMapper,2010,2005-2014,Acquired,Successful,USA,TRUE,2,1-5,FALSE,Real Estate and Construction
186,PadMapper,2010,2005-2014,Acquired,Successful,USA,TRUE,2,1-5,FALSE,Housing and Real Estate
183,AeroFS,2010,2005-2014,Acquired,Successful,USA,TRUE,40,26-100,FALSE,B2B
183,AeroFS,2010,2005-2014,Acquired,Successful,USA,TRUE,40,26-100,FALSE,Infrastructure
182,Simperium,2010,2005-2014,Acquired,Successful,USA,TRUE,2,1-5,FALSE,B2B
182,Simperium,2010,2005-2014,Acquired,Successful,USA,TRUE,2,1-5,FALSE,Productivity
180,Rapportive,2010,2005-2014,Acquired,Successful,USA,TRUE,2,1-5,FALSE,B2B
180,Rapportive,2010,2005-2014,Acquired,Successful,USA,TRUE,2,1-5,FALSE,Productivity
178,Hipmunk,2010,2005-2014,Acquired,Successful,USA,TRUE,51,26-100,FALSE,Consumer
178,Hipmunk,2010,2005-2014,Acquired,Successful,USA,TRUE,51,26-100,FALSE,"Travel, Leisure and Tourism"
176,Chartio,2010,2005-2014,Acquired,Successful,USA,TRUE,40,26-100,FALSE,B2B
176,Chartio,2010,2005-2014,Acquired,Successful,USA,TRUE,40,26-100,FALSE,Analytics
177,Presto,2010,2005-2014,Public,Successful,USA,TRUE,200,101-500,TRUE,B2B
177,Presto,2010,2005-2014,Public,Successful,USA,TRUE,200,101-500,TRUE,Retail
211,Koduco,2010,2005-2014,Inactive,Failed,USA,TRUE,2,1-5,FALSE,Consumer
211,Koduco,2010,2005-2014,Inactive,Failed,USA,TRUE,2,1-5,FALSE,Gaming
210,Pribbit,2010,2005-2014,Inactive,Failed,USA,TRUE,0,NA,FALSE,Consumer
210,Pribbit,2010,2005-2014,Inactive,Failed,USA,TRUE,0,NA,FALSE,Social
204,MessageParty,2010,2005-2014,Inactive,Failed,USA,TRUE,1,1-5,FALSE,Consumer
204,MessageParty,2010,2005-2014,Inactive,Failed,USA,TRUE,1,1-5,FALSE,Social
203,Ready For Zero,2010,2005-2014,Inactive,Failed,USA,TRUE,12,11-25,FALSE,Fintech
203,Ready For Zero,2010,2005-2014,Inactive,Failed,USA,TRUE,12,11-25,FALSE,Consumer Finance
199,Post.fm,2010,2005-2014,Inactive,Failed,United Kingdom,FALSE,0,NA,FALSE,B2B
199,Post.fm,2010,2005-2014,Inactive,Failed,United Kingdom,FALSE,0,NA,FALSE,Productivity
196,Opzi,2010,2005-2014,Inactive,Failed,USA,TRUE,2,1-5,FALSE,Consumer
196,Opzi,2010,2005-2014,Inactive,Failed,USA,TRUE,2,1-5,FALSE,Gaming
195,Upbeat,2010,2005-2014,Inactive,Failed,USA,TRUE,2,1-5,FALSE,Consumer
195,Upbeat,2010,2005-2014,Inactive,Failed,USA,TRUE,2,1-5,FALSE,Content
190,Gantto,2010,2005-2014,Inactive,Failed,USA,TRUE,0,NA,FALSE,B2B
190,Gantto,2010,2005-2014,Inactive,Failed,USA,TRUE,0,NA,FALSE,Productivity
189,Brushes,2010,2005-2014,Inactive,Failed,,FALSE,0,NA,FALSE,B2B
189,Brushes,2010,2005-2014,Inactive,Failed,,FALSE,0,NA,FALSE,"Engineering, Product and Design"
185,Habit Labs,2010,2005-2014,Inactive,Failed,USA,TRUE,2,1-5,FALSE,Consumer
185,Habit Labs,2010,2005-2014,Inactive,Failed,USA,TRUE,2,1-5,FALSE,Social
184,Chirply,2010,2005-2014,Inactive,Failed,USA,TRUE,2,1-5,FALSE,Consumer
184,Chirply,2010,2005-2014,Inactive,Failed,USA,TRUE,2,1-5,FALSE,Home and Personal
179,Teevox,2010,2005-2014,Inactive,Failed,USA,TRUE,11,11-25,FALSE,Consumer
179,Teevox,2010,2005-2014,Inactive,Failed,USA,TRUE,11,11-25,FALSE,Gaming
221,Optimizely,2010,2005-2014,Acquired,Successful,USA,TRUE,1500,500+,TRUE,B2B
221,Optimizely,2010,2005-2014,Acquired,Successful,USA,TRUE,1500,500+,TRUE,"Engineering, Product and Design"
226,OwnLocal,2010,2005-2014,Active,Surviving,USA,TRUE,45,26-100,FALSE,B2B
226,OwnLocal,2010,2005-2014,Active,Surviving,USA,TRUE,45,26-100,FALSE,Marketing
232,Etacts,2010,2005-2014,Acquired,Successful,USA,TRUE,2,1-5,FALSE,B2B
232,Etacts,2010,2005-2014,Acquired,Successful,USA,TRUE,2,1-5,FALSE,Sales
231,Movity,2010,2005-2014,Acquired,Successful,USA,TRUE,2,1-5,FALSE,Real Estate and Construction
231,Movity,2010,2005-2014,Acquired,Successful,USA,TRUE,2,1-5,FALSE,Housing and Real Estate
230,Cardpool,2010,2005-2014,Acquired,Successful,USA,TRUE,251,101-500,FALSE,Consumer
230,Cardpool,2010,2005-2014,Acquired,Successful,USA,TRUE,251,101-500,FALSE,Home and Personal
224,Cue,2010,2005-2014,Acquired,Successful,USA,TRUE,11,11-25,FALSE,Consumer
224,Cue,2010,2005-2014,Acquired,Successful,USA,TRUE,11,11-25,FALSE,Home and Personal
223,Zencoder,2010,2005-2014,Acquired,Successful,USA,TRUE,11,11-25,FALSE,B2B
223,Zencoder,2010,2005-2014,Acquired,Successful,USA,TRUE,11,11-25,FALSE,Infrastructure
220,Nowmov,2010,2005-2014,Acquired,Successful,USA,TRUE,0,NA,FALSE,Consumer
220,Nowmov,2010,2005-2014,Acquired,Successful,USA,TRUE,0,NA,FALSE,Content
219,Creative Market,2010,2005-2014,Acquired,Successful,USA,TRUE,NA,NA,FALSE,B2B
219,Creative Market,2010,2005-2014,Acquired,Successful,USA,TRUE,NA,NA,FALSE,"Engineering, Product and Design"
218,Embedly,2010,2005-2014,Acquired,Successful,USA,TRUE,2,1-5,FALSE,B2B
218,Embedly,2010,2005-2014,Acquired,Successful,USA,TRUE,2,1-5,FALSE,"Engineering, Product and Design"
216,Bitplay,2010,2005-2014,Acquired,Successful,USA,TRUE,2,1-5,FALSE,Consumer
216,Bitplay,2010,2005-2014,Acquired,Successful,USA,TRUE,2,1-5,FALSE,Social
215,Crocodoc,2010,2005-2014,Acquired,Successful,USA,TRUE,0,NA,FALSE,B2B
215,Crocodoc,2010,2005-2014,Acquired,Successful,USA,TRUE,0,NA,FALSE,"Engineering, Product and Design"
214,All Screen,2010,2005-2014,Acquired,Successful,USA,TRUE,11,11-25,FALSE,B2B
214,All Screen,2010,2005-2014,Acquired,Successful,USA,TRUE,11,11-25,FALSE,Marketing
213,500Friends,2010,2005-2014,Acquired,Successful,USA,TRUE,51,26-100,FALSE,B2B
213,500Friends,2010,2005-2014,Acquired,Successful,USA,TRUE,51,26-100,FALSE,Retail
212,Mertado,2010,2005-2014,Acquired,Successful,USA,TRUE,1,1-5,FALSE,B2B
212,Mertado,2010,2005-2014,Acquired,Successful,USA,TRUE,1,1-5,FALSE,Retail
382,Mixed Media Labs,2010,2005-2014,Inactive,Failed,,FALSE,NA,NA,FALSE,Consumer
238,Notifo,2010,2005-2014,Inactive,Failed,USA,TRUE,2,1-5,FALSE,B2B
238,Notifo,2010,2005-2014,Inactive,Failed,USA,TRUE,2,1-5,FALSE,"Engineering, Product and Design"
236,Infoharmoni,2010,2005-2014,Inactive,Failed,USA,TRUE,2,1-5,FALSE,B2B
236,Infoharmoni,2010,2005-2014,Inactive,Failed,USA,TRUE,2,1-5,FALSE,Marketing
235,Newcope,2010,2005-2014,Inactive,Failed,USA,TRUE,2,1-5,FALSE,Consumer
235,Newcope,2010,2005-2014,Inactive,Failed,USA,TRUE,2,1-5,FALSE,Gaming
234,Newslabs,2010,2005-2014,Inactive,Failed,Ireland,FALSE,2,1-5,FALSE,B2B
234,Newslabs,2010,2005-2014,Inactive,Failed,Ireland,FALSE,2,1-5,FALSE,"Engineering, Product and Design"
233,Data Marketplace,2010,2005-2014,Inactive,Failed,USA,TRUE,2,1-5,FALSE,B2B
233,Data Marketplace,2010,2005-2014,Inactive,Failed,USA,TRUE,2,1-5,FALSE,Analytics
229,Fithub,2010,2005-2014,Inactive,Failed,,FALSE,0,NA,FALSE,B2B
229,Fithub,2010,2005-2014,Inactive,Failed,,FALSE,0,NA,FALSE,Retail
228,Gamador,2010,2005-2014,Inactive,Failed,USA,TRUE,2,1-5,FALSE,Consumer
228,Gamador,2010,2005-2014,Inactive,Failed,USA,TRUE,2,1-5,FALSE,Gaming
227,Zenedy,2010,2005-2014,Inactive,Failed,USA,TRUE,2,1-5,FALSE,Consumer
227,Zenedy,2010,2005-2014,Inactive,Failed,USA,TRUE,2,1-5,FALSE,Content
225,Answerly,2010,2005-2014,Inactive,Failed,USA,TRUE,11,11-25,FALSE,Consumer
225,Answerly,2010,2005-2014,Inactive,Failed,USA,TRUE,11,11-25,FALSE,Content
222,LaunchHear,2010,2005-2014,Inactive,Failed,USA,TRUE,2,1-5,FALSE,B2B
222,LaunchHear,2010,2005-2014,Inactive,Failed,USA,TRUE,2,1-5,FALSE,Operations
217,Fabricly,2010,2005-2014,Inactive,Failed,USA,TRUE,2,1-5,FALSE,B2B
217,Fabricly,2010,2005-2014,Inactive,Failed,USA,TRUE,2,1-5,FALSE,Retail
244,WePay,2009,2005-2014,Acquired,Successful,USA,TRUE,400,101-500,TRUE,Fintech
244,WePay,2009,2005-2014,Acquired,Successful,USA,TRUE,400,101-500,TRUE,Payments
248,Mixpanel,2009,2005-2014,Active,Surviving,USA,TRUE,410,101-500,TRUE,B2B
248,Mixpanel,2009,2005-2014,Active,Surviving,USA,TRUE,410,101-500,TRUE,Analytics
240,Stripe,2009,2005-2014,Active,Surviving,USA,TRUE,7000,500+,TRUE,Fintech
259,Lingt,2009,2005-2014,Active,Surviving,USA,TRUE,2,1-5,FALSE,Education
258,RentHop,2009,2005-2014,Active,Surviving,USA,TRUE,9,6-10,FALSE,Real Estate and Construction
258,RentHop,2009,2005-2014,Active,Surviving,USA,TRUE,9,6-10,FALSE,Housing and Real Estate
249,Olark,2009,2005-2014,Active,Surviving,USA,TRUE,28,26-100,FALSE,B2B
249,Olark,2009,2005-2014,Active,Surviving,USA,TRUE,28,26-100,FALSE,Retail
245,Directed Edge,2009,2005-2014,Active,Surviving,USA,TRUE,2,1-5,FALSE,Consumer
245,Directed Edge,2009,2005-2014,Active,Surviving,USA,TRUE,2,1-5,FALSE,Home and Personal
239,Listia,2009,2005-2014,Active,Surviving,USA,TRUE,6,6-10,FALSE,Consumer
239,Listia,2009,2005-2014,Active,Surviving,USA,TRUE,6,6-10,FALSE,Home and Personal
256,Flightcaster,2009,2005-2014,Acquired,Successful,USA,TRUE,2,1-5,FALSE,Consumer
256,Flightcaster,2009,2005-2014,Acquired,Successful,USA,TRUE,2,1-5,FALSE,"Travel, Leisure and Tourism"
255,GraffitiGeo,2009,2005-2014,Acquired,Successful,USA,TRUE,2,1-5,FALSE,Consumer
255,GraffitiGeo,2009,2005-2014,Acquired,Successful,USA,TRUE,2,1-5,FALSE,Content
250,Lockitron,2009,2005-2014,Acquired,Successful,USA,TRUE,11,11-25,FALSE,Consumer
250,Lockitron,2009,2005-2014,Acquired,Successful,USA,TRUE,11,11-25,FALSE,Consumer Electronics
246,RethinkDB,2009,2005-2014,Acquired,Successful,USA,TRUE,11,11-25,FALSE,B2B
246,RethinkDB,2009,2005-2014,Acquired,Successful,USA,TRUE,11,11-25,FALSE,Infrastructure
243,Bump,2009,2005-2014,Acquired,Successful,USA,TRUE,30,26-100,FALSE,Consumer
243,Bump,2009,2005-2014,Acquired,Successful,USA,TRUE,30,26-100,FALSE,Social
242,DailyBooth,2009,2005-2014,Acquired,Successful,USA,TRUE,2,1-5,FALSE,Consumer
242,DailyBooth,2009,2005-2014,Acquired,Successful,USA,TRUE,2,1-5,FALSE,Social
264,Instantq,2009,2005-2014,Inactive,Failed,USA,TRUE,2,1-5,FALSE,B2B
264,Instantq,2009,2005-2014,Inactive,Failed,USA,TRUE,2,1-5,FALSE,Retail
263,Wakemate,2009,2005-2014,Inactive,Failed,USA,TRUE,2,1-5,FALSE,Consumer
263,Wakemate,2009,2005-2014,Inactive,Failed,USA,TRUE,2,1-5,FALSE,Consumer Electronics
262,Stackq,2009,2005-2014,Inactive,Failed,,FALSE,0,NA,FALSE,B2B
262,Stackq,2009,2005-2014,Inactive,Failed,,FALSE,0,NA,FALSE,"Engineering, Product and Design"
261,AdThrow,2009,2005-2014,Inactive,Failed,,FALSE,0,NA,FALSE,B2B
261,AdThrow,2009,2005-2014,Inactive,Failed,,FALSE,0,NA,FALSE,Marketing
260,RoboHR,2009,2005-2014,Inactive,Failed,USA,TRUE,0,NA,FALSE,B2B
260,RoboHR,2009,2005-2014,Inactive,Failed,USA,TRUE,0,NA,FALSE,Human Resources
257,NudgePad,2009,2005-2014,Inactive,Failed,USA,TRUE,2,1-5,FALSE,B2B
257,NudgePad,2009,2005-2014,Inactive,Failed,USA,TRUE,2,1-5,FALSE,"Engineering, Product and Design"
254,Plurchase,2009,2005-2014,Inactive,Failed,USA,TRUE,2,1-5,FALSE,Consumer
254,Plurchase,2009,2005-2014,Inactive,Failed,USA,TRUE,2,1-5,FALSE,Social
253,Fanchatter,2009,2005-2014,Inactive,Failed,USA,TRUE,11,11-25,FALSE,B2B
253,Fanchatter,2009,2005-2014,Inactive,Failed,USA,TRUE,11,11-25,FALSE,Marketing
252,Tuxebo,2009,2005-2014,Inactive,Failed,NA,FALSE,0,NA,FALSE,Real Estate and Construction
251,CarWoo,2009,2005-2014,Inactive,Failed,USA,TRUE,11,11-25,FALSE,Consumer
251,CarWoo,2009,2005-2014,Inactive,Failed,USA,TRUE,11,11-25,FALSE,Transportation Services
247,Jobspice,2009,2005-2014,Inactive,Failed,USA,TRUE,11,11-25,FALSE,Consumer
247,Jobspice,2009,2005-2014,Inactive,Failed,USA,TRUE,11,11-25,FALSE,Job and Career Services
241,HighlightCam,2009,2005-2014,Inactive,Failed,USA,TRUE,11,11-25,FALSE,Consumer
241,HighlightCam,2009,2005-2014,Inactive,Failed,USA,TRUE,11,11-25,FALSE,Content
282,Poll Everywhere,2008,2005-2014,Active,Surviving,USA,TRUE,70,26-100,FALSE,B2B
282,Poll Everywhere,2008,2005-2014,Active,Surviving,USA,TRUE,70,26-100,FALSE,Analytics
291,BackType,2008,2005-2014,Acquired,Successful,USA,TRUE,0,NA,FALSE,B2B
291,BackType,2008,2005-2014,Acquired,Successful,USA,TRUE,0,NA,FALSE,Marketing
289,JustSpotted,2008,2005-2014,Acquired,Successful,USA,TRUE,2,1-5,FALSE,Consumer
289,JustSpotted,2008,2005-2014,Acquired,Successful,USA,TRUE,2,1-5,FALSE,Content
284,Cloudant,2008,2005-2014,Acquired,Successful,USA,TRUE,51,26-100,FALSE,B2B
284,Cloudant,2008,2005-2014,Acquired,Successful,USA,TRUE,51,26-100,FALSE,Infrastructure
281,Posterous,2008,2005-2014,Acquired,Successful,USA,TRUE,11,11-25,FALSE,Consumer
281,Posterous,2008,2005-2014,Acquired,Successful,USA,TRUE,11,11-25,FALSE,Social
302,Slinkset,2008,2005-2014,Inactive,Failed,USA,TRUE,2,1-5,FALSE,Consumer
302,Slinkset,2008,2005-2014,Inactive,Failed,USA,TRUE,2,1-5,FALSE,Content
301,Treehouse,2008,2005-2014,Inactive,Failed,USA,TRUE,101,101-500,FALSE,Consumer
301,Treehouse,2008,2005-2014,Inactive,Failed,USA,TRUE,101,101-500,FALSE,Social
300,PlayReader,2008,2005-2014,Inactive,Failed,,FALSE,0,NA,FALSE,Consumer
300,PlayReader,2008,2005-2014,Inactive,Failed,,FALSE,0,NA,FALSE,Home and Personal
299,People & Pages,2008,2005-2014,Inactive,Failed,,FALSE,0,NA,FALSE,Consumer
299,People & Pages,2008,2005-2014,Inactive,Failed,,FALSE,0,NA,FALSE,Home and Personal
298,Popcuts,2008,2005-2014,Inactive,Failed,USA,TRUE,2,1-5,FALSE,Consumer
298,Popcuts,2008,2005-2014,Inactive,Failed,USA,TRUE,2,1-5,FALSE,Content
297,Snipd,2008,2005-2014,Inactive,Failed,USA,TRUE,2,1-5,FALSE,B2B
297,Snipd,2008,2005-2014,Inactive,Failed,USA,TRUE,2,1-5,FALSE,Marketing
296,Ticket Stumbler,2008,2005-2014,Inactive,Failed,USA,TRUE,2,1-5,FALSE,Consumer
296,Ticket Stumbler,2008,2005-2014,Inactive,Failed,USA,TRUE,2,1-5,FALSE,"Travel, Leisure and Tourism"
295,Claimspotting,2008,2005-2014,Inactive,Failed,NA,FALSE,0,NA,FALSE,Consumer
295,Claimspotting,2008,2005-2014,Inactive,Failed,NA,FALSE,0,NA,FALSE,Gaming
294,Team Apart,2008,2005-2014,Inactive,Failed,,FALSE,2,1-5,FALSE,B2B
294,Team Apart,2008,2005-2014,Inactive,Failed,,FALSE,2,1-5,FALSE,Productivity
293,Youlicit,2008,2005-2014,Inactive,Failed,USA,TRUE,2,1-5,FALSE,Consumer
293,Youlicit,2008,2005-2014,Inactive,Failed,USA,TRUE,2,1-5,FALSE,Content
292,Precognate,2008,2005-2014,Inactive,Failed,,FALSE,0,NA,FALSE,Consumer
292,Precognate,2008,2005-2014,Inactive,Failed,,FALSE,0,NA,FALSE,Gaming
290,Picwing,2008,2005-2014,Inactive,Failed,USA,TRUE,11,11-25,FALSE,Consumer
290,Picwing,2008,2005-2014,Inactive,Failed,USA,TRUE,11,11-25,FALSE,Social
288,CO2Stats,2008,2005-2014,Inactive,Failed,USA,TRUE,0,NA,FALSE,B2B
288,CO2Stats,2008,2005-2014,Inactive,Failed,USA,TRUE,0,NA,FALSE,"Engineering, Product and Design"
287,Anyvite,2008,2005-2014,Inactive,Failed,USA,TRUE,2,1-5,FALSE,Consumer
287,Anyvite,2008,2005-2014,Inactive,Failed,USA,TRUE,2,1-5,FALSE,Home and Personal
286,Frogmetrics,2008,2005-2014,Inactive,Failed,USA,TRUE,2,1-5,FALSE,B2B
286,Frogmetrics,2008,2005-2014,Inactive,Failed,USA,TRUE,2,1-5,FALSE,Retail
285,Job Alchemist,2008,2005-2014,Inactive,Failed,,FALSE,0,NA,FALSE,B2B
285,Job Alchemist,2008,2005-2014,Inactive,Failed,,FALSE,0,NA,FALSE,Recruiting and Talent
283,OhLife,2008,2005-2014,Inactive,Failed,USA,TRUE,2,1-5,FALSE,Consumer
283,OhLife,2008,2005-2014,Inactive,Failed,USA,TRUE,2,1-5,FALSE,Content
307,Machine Zone,2008,2005-2014,Acquired,Successful,USA,TRUE,501,500+,TRUE,Consumer
307,Machine Zone,2008,2005-2014,Acquired,Successful,USA,TRUE,501,500+,TRUE,Gaming
311,Heroku,2008,2005-2014,Acquired,Successful,USA,TRUE,300,101-500,TRUE,B2B
311,Heroku,2008,2005-2014,Acquired,Successful,USA,TRUE,300,101-500,TRUE,Infrastructure
306,Ninite,2008,2005-2014,Active,Surviving,USA,TRUE,2,1-5,FALSE,B2B
306,Ninite,2008,2005-2014,Active,Surviving,USA,TRUE,2,1-5,FALSE,Infrastructure
304,RescueTime,2008,2005-2014,Active,Surviving,USA,TRUE,15,11-25,FALSE,B2B
304,RescueTime,2008,2005-2014,Active,Surviving,USA,TRUE,15,11-25,FALSE,Productivity
312,280 North,2008,2005-2014,Acquired,Successful,USA,TRUE,11,11-25,FALSE,B2B
312,280 North,2008,2005-2014,Acquired,Successful,USA,TRUE,11,11-25,FALSE,"Engineering, Product and Design"
310,Omnisio,2008,2005-2014,Acquired,Successful,USA,TRUE,0,NA,FALSE,Consumer
310,Omnisio,2008,2005-2014,Acquired,Successful,USA,TRUE,0,NA,FALSE,Content
305,A Thinking Ape,2008,2005-2014,Acquired,Successful,Canada,FALSE,75,26-100,FALSE,B2B
305,A Thinking Ape,2008,2005-2014,Acquired,Successful,Canada,FALSE,75,26-100,FALSE,Marketing
323,BitSample,2008,2005-2014,Inactive,Failed,,FALSE,0,NA,FALSE,B2B
323,BitSample,2008,2005-2014,Inactive,Failed,,FALSE,0,NA,FALSE,"Engineering, Product and Design"
322,Joberator,2008,2005-2014,Inactive,Failed,USA,TRUE,2,1-5,FALSE,B2B
322,Joberator,2008,2005-2014,Inactive,Failed,USA,TRUE,2,1-5,FALSE,Recruiting and Talent
321,Insoshi,2008,2005-2014,Inactive,Failed,,FALSE,0,NA,FALSE,B2B
321,Insoshi,2008,2005-2014,Inactive,Failed,,FALSE,0,NA,FALSE,Productivity
320,Snaptalent,2008,2005-2014,Inactive,Failed,London,FALSE,2,1-5,FALSE,B2B
320,Snaptalent,2008,2005-2014,Inactive,Failed,London,FALSE,2,1-5,FALSE,Recruiting and Talent
319,YumDots,2008,2005-2014,Inactive,Failed,USA,TRUE,2,1-5,FALSE,Consumer
319,YumDots,2008,2005-2014,Inactive,Failed,USA,TRUE,2,1-5,FALSE,Gaming
318,Deluux,2008,2005-2014,Inactive,Failed,USA,TRUE,2,1-5,FALSE,Consumer
318,Deluux,2008,2005-2014,Inactive,Failed,USA,TRUE,2,1-5,FALSE,Social
317,Kirkland North,2008,2005-2014,Inactive,Failed,USA,TRUE,2,1-5,FALSE,Consumer
317,Kirkland North,2008,2005-2014,Inactive,Failed,USA,TRUE,2,1-5,FALSE,Gaming
316,Tipjoy,2008,2005-2014,Inactive,Failed,,FALSE,2,1-5,FALSE,Fintech
316,Tipjoy,2008,2005-2014,Inactive,Failed,,FALSE,2,1-5,FALSE,Payments
315,Mixwit,2008,2005-2014,Inactive,Failed,USA,TRUE,2,1-5,FALSE,Consumer
315,Mixwit,2008,2005-2014,Inactive,Failed,USA,TRUE,2,1-5,FALSE,Content
314,Socialbrowse,2008,2005-2014,Inactive,Failed,,FALSE,2,1-5,FALSE,Consumer
314,Socialbrowse,2008,2005-2014,Inactive,Failed,,FALSE,2,1-5,FALSE,Social
313,Wundrbar,2008,2005-2014,Inactive,Failed,USA,TRUE,2,1-5,FALSE,B2B
313,Wundrbar,2008,2005-2014,Inactive,Failed,USA,TRUE,2,1-5,FALSE,Productivity
309,FathomDB,2008,2005-2014,Inactive,Failed,USA,TRUE,0,NA,FALSE,B2B
309,FathomDB,2008,2005-2014,Inactive,Failed,USA,TRUE,0,NA,FALSE,Infrastructure
308,MightyQuiz,2008,2005-2014,Inactive,Failed,USA,TRUE,2,1-5,FALSE,Consumer
308,MightyQuiz,2008,2005-2014,Inactive,Failed,USA,TRUE,2,1-5,FALSE,Gaming
303,Trigger,2008,2005-2014,Inactive,Failed,USA,TRUE,11,11-25,FALSE,B2B
303,Trigger,2008,2005-2014,Inactive,Failed,USA,TRUE,11,11-25,FALSE,"Engineering, Product and Design"
325,Dropbox,2007,2005-2014,Public,Successful,USA,TRUE,4000,500+,TRUE,B2B
325,Dropbox,2007,2005-2014,Public,Successful,USA,TRUE,4000,500+,TRUE,Productivity
326,Blue Frog Gaming,2007,2005-2014,Active,Surviving,USA,TRUE,11,11-25,FALSE,Consumer
326,Blue Frog Gaming,2007,2005-2014,Active,Surviving,USA,TRUE,11,11-25,FALSE,Gaming
337,Anywhere.FM,2007,2005-2014,Acquired,Successful,,FALSE,11,11-25,FALSE,Consumer
337,Anywhere.FM,2007,2005-2014,Acquired,Successful,,FALSE,11,11-25,FALSE,Content
336,Appjet,2007,2005-2014,Acquired,Successful,USA,TRUE,3,1-5,FALSE,B2B
336,Appjet,2007,2005-2014,Acquired,Successful,USA,TRUE,3,1-5,FALSE,"Engineering, Product and Design"
335,Clickpass,2007,2005-2014,Acquired,Successful,United Kingdom,FALSE,11,11-25,FALSE,B2B
335,Clickpass,2007,2005-2014,Acquired,Successful,United Kingdom,FALSE,11,11-25,FALSE,"Engineering, Product and Design"
333,ZumoDrive,2007,2005-2014,Acquired,Successful,USA,TRUE,15,11-25,FALSE,B2B
333,ZumoDrive,2007,2005-2014,Acquired,Successful,USA,TRUE,15,11-25,FALSE,Productivity
327,Disqus,2007,2005-2014,Acquired,Successful,USA,TRUE,11,11-25,FALSE,B2B
327,Disqus,2007,2005-2014,Acquired,Successful,USA,TRUE,11,11-25,FALSE,"Engineering, Product and Design"
324,Songkick,2007,2005-2014,Acquired,Successful,United Kingdom,FALSE,11,11-25,FALSE,Consumer
324,Songkick,2007,2005-2014,Acquired,Successful,United Kingdom,FALSE,11,11-25,FALSE,"Travel, Leisure and Tourism"
342,Biographicon,2007,2005-2014,Inactive,Failed,,FALSE,2,1-5,FALSE,Consumer
342,Biographicon,2007,2005-2014,Inactive,Failed,,FALSE,2,1-5,FALSE,Content
341,Eivod,2007,2005-2014,Inactive,Failed,USA,TRUE,51,26-100,FALSE,B2B
341,Eivod,2007,2005-2014,Inactive,Failed,USA,TRUE,51,26-100,FALSE,"Engineering, Product and Design"
340,Fuzzwich,2007,2005-2014,Inactive,Failed,USA,TRUE,2,1-5,FALSE,Consumer
340,Fuzzwich,2007,2005-2014,Inactive,Failed,USA,TRUE,2,1-5,FALSE,Content
339,Meetyu,2007,2005-2014,Inactive,Failed,USA,TRUE,0,NA,FALSE,Consumer
339,Meetyu,2007,2005-2014,Inactive,Failed,USA,TRUE,0,NA,FALSE,Social
338,Reble,2007,2005-2014,Inactive,Failed,USA,TRUE,2,1-5,FALSE,Consumer
338,Reble,2007,2005-2014,Inactive,Failed,USA,TRUE,2,1-5,FALSE,Content
334,SocialPicks,2007,2005-2014,Inactive,Failed,USA,TRUE,2,1-5,FALSE,Consumer
334,SocialPicks,2007,2005-2014,Inactive,Failed,USA,TRUE,2,1-5,FALSE,Social
332,ContestMachine,2007,2005-2014,Inactive,Failed,USA,TRUE,2,1-5,FALSE,B2B
332,ContestMachine,2007,2005-2014,Inactive,Failed,USA,TRUE,2,1-5,FALSE,Marketing
331,Splashup,2007,2005-2014,Inactive,Failed,,FALSE,2,1-5,FALSE,Consumer
331,Splashup,2007,2005-2014,Inactive,Failed,,FALSE,2,1-5,FALSE,Social
330,iJigg/Top440,2007,2005-2014,Inactive,Failed,USA,TRUE,2,1-5,FALSE,Consumer
330,iJigg/Top440,2007,2005-2014,Inactive,Failed,USA,TRUE,2,1-5,FALSE,Social
329,Hello Chair,2007,2005-2014,Inactive,Failed,USA,TRUE,0,NA,FALSE,Consumer
329,Hello Chair,2007,2005-2014,Inactive,Failed,USA,TRUE,0,NA,FALSE,Home and Personal
328,Bountii,2007,2005-2014,Inactive,Failed,USA,TRUE,2,1-5,FALSE,Consumer
328,Bountii,2007,2005-2014,Inactive,Failed,USA,TRUE,2,1-5,FALSE,Home and Personal
271,Airbnb,2009,2005-2014,Public,Successful,USA,TRUE,6132,500+,TRUE,Consumer
271,Airbnb,2009,2005-2014,Public,Successful,USA,TRUE,6132,500+,TRUE,"Travel, Leisure and Tourism"
270,Volantio,2009,2005-2014,Active,Surviving,USA,TRUE,19,11-25,FALSE,B2B
270,Volantio,2009,2005-2014,Active,Surviving,USA,TRUE,19,11-25,FALSE,Marketing
275,Cloudkick,2009,2005-2014,Acquired,Successful,USA,TRUE,11,11-25,FALSE,B2B
275,Cloudkick,2009,2005-2014,Acquired,Successful,USA,TRUE,11,11-25,FALSE,Infrastructure
274,Echodio,2009,2005-2014,Acquired,Successful,USA,TRUE,2,1-5,FALSE,Consumer
274,Echodio,2009,2005-2014,Acquired,Successful,USA,TRUE,2,1-5,FALSE,Content
273,reMail,2009,2005-2014,Acquired,Successful,USA,TRUE,1,1-5,FALSE,B2B
273,reMail,2009,2005-2014,Acquired,Successful,USA,TRUE,1,1-5,FALSE,Productivity
272,Divvyshot,2009,2005-2014,Acquired,Successful,USA,TRUE,2,1-5,FALSE,Consumer
272,Divvyshot,2009,2005-2014,Acquired,Successful,USA,TRUE,2,1-5,FALSE,Social
267,Heyzap,2009,2005-2014,Acquired,Successful,USA,TRUE,11,11-25,FALSE,Consumer
267,Heyzap,2009,2005-2014,Acquired,Successful,USA,TRUE,11,11-25,FALSE,Gaming
280,PetaSales,2009,2005-2014,Inactive,Failed,USA,TRUE,2,1-5,FALSE,B2B
280,PetaSales,2009,2005-2014,Inactive,Failed,USA,TRUE,2,1-5,FALSE,Marketing
279,Voxli,2009,2005-2014,Inactive,Failed,USA,TRUE,2,1-5,FALSE,Consumer
279,Voxli,2009,2005-2014,Inactive,Failed,USA,TRUE,2,1-5,FALSE,Gaming
278,Nambii,2009,2005-2014,Inactive,Failed,USA,TRUE,0,NA,FALSE,Consumer
278,Nambii,2009,2005-2014,Inactive,Failed,USA,TRUE,0,NA,FALSE,Social
277,Picurio,2009,2005-2014,Inactive,Failed,USA,TRUE,2,1-5,FALSE,Consumer
277,Picurio,2009,2005-2014,Inactive,Failed,USA,TRUE,2,1-5,FALSE,Social
276,Spaces Life,2009,2005-2014,Inactive,Failed,,FALSE,0,NA,FALSE,Real Estate and Construction
276,Spaces Life,2009,2005-2014,Inactive,Failed,,FALSE,0,NA,FALSE,Housing and Real Estate
269,Foodoro,2009,2005-2014,Inactive,Failed,USA,TRUE,11,11-25,FALSE,Consumer
269,Foodoro,2009,2005-2014,Inactive,Failed,USA,TRUE,11,11-25,FALSE,Food and Beverage
268,Wattvision,2009,2005-2014,Inactive,Failed,USA,TRUE,0,NA,FALSE,Real Estate and Construction
268,Wattvision,2009,2005-2014,Inactive,Failed,USA,TRUE,0,NA,FALSE,Housing and Real Estate
266,Skysheet,2009,2005-2014,Inactive,Failed,,FALSE,2,1-5,FALSE,B2B
266,Skysheet,2009,2005-2014,Inactive,Failed,,FALSE,2,1-5,FALSE,Productivity
265,Recurious,2009,2005-2014,Inactive,Failed,USA,TRUE,0,NA,FALSE,Consumer
265,Recurious,2009,2005-2014,Inactive,Failed,USA,TRUE,0,NA,FALSE,Social
383,Twitch,2007,2005-2014,Acquired,Successful,USA,TRUE,2000,500+,TRUE,Consumer
383,Twitch,2007,2005-2014,Acquired,Successful,USA,TRUE,2000,500+,TRUE,Content
344,Weebly,2007,2005-2014,Acquired,Successful,USA,TRUE,201,101-500,TRUE,B2B
344,Weebly,2007,2005-2014,Acquired,Successful,USA,TRUE,201,101-500,TRUE,Marketing
347,Buxfer,2007,2005-2014,Active,Surviving,USA,TRUE,1,1-5,FALSE,Fintech
347,Buxfer,2007,2005-2014,Active,Surviving,USA,TRUE,1,1-5,FALSE,Consumer Finance
343,Virtualmin,2007,2005-2014,Active,Surviving,USA,TRUE,2,1-5,FALSE,B2B
343,Virtualmin,2007,2005-2014,Active,Surviving,USA,TRUE,2,1-5,FALSE,Infrastructure
354,Heysan,2007,2005-2014,Acquired,Successful,USA,TRUE,0,NA,FALSE,Consumer
354,Heysan,2007,2005-2014,Acquired,Successful,USA,TRUE,0,NA,FALSE,Social
349,Auctomatic,2007,2005-2014,Acquired,Successful,USA,TRUE,2,1-5,FALSE,Consumer
349,Auctomatic,2007,2005-2014,Acquired,Successful,USA,TRUE,2,1-5,FALSE,Home and Personal
348,Zenter,2007,2005-2014,Acquired,Successful,USA,TRUE,2,1-5,FALSE,B2B
348,Zenter,2007,2005-2014,Acquired,Successful,USA,TRUE,2,1-5,FALSE,Productivity
346,Octopart,2007,2005-2014,Acquired,Successful,USA,TRUE,11,11-25,FALSE,Industrials
346,Octopart,2007,2005-2014,Acquired,Successful,USA,TRUE,11,11-25,FALSE,Manufacturing and Robotics
353,Socialmoth,2007,2005-2014,Inactive,Failed,USA,TRUE,2,1-5,FALSE,Consumer
353,Socialmoth,2007,2005-2014,Inactive,Failed,USA,TRUE,2,1-5,FALSE,Social
352,View3,2007,2005-2014,Inactive,Failed,,FALSE,0,NA,FALSE,Industrials
352,View3,2007,2005-2014,Inactive,Failed,,FALSE,0,NA,FALSE,Manufacturing and Robotics
351,Whitenoise,2007,2005-2014,Inactive,Failed,USA,TRUE,2,1-5,FALSE,Consumer
351,Whitenoise,2007,2005-2014,Inactive,Failed,USA,TRUE,2,1-5,FALSE,Social
350,WriteWith,2007,2005-2014,Inactive,Failed,USA,TRUE,2,1-5,FALSE,Consumer
350,WriteWith,2007,2005-2014,Inactive,Failed,USA,TRUE,2,1-5,FALSE,Content
345,Tsumobi,2007,2005-2014,Inactive,Failed,USA,TRUE,2,1-5,FALSE,Consumer
345,Tsumobi,2007,2005-2014,Inactive,Failed,USA,TRUE,2,1-5,FALSE,Social
357,OMGPop,2006,2005-2014,Acquired,Successful,USA,TRUE,11,11-25,TRUE,Consumer
357,OMGPop,2006,2005-2014,Acquired,Successful,USA,TRUE,11,11-25,TRUE,Gaming
356,Scribd,2006,2005-2014,Active,Surviving,USA,TRUE,300,101-500,TRUE,Consumer
356,Scribd,2006,2005-2014,Active,Surviving,USA,TRUE,300,101-500,TRUE,Content
355,Xobni,2006,2005-2014,Acquired,Successful,USA,TRUE,11,11-25,FALSE,B2B
355,Xobni,2006,2005-2014,Acquired,Successful,USA,TRUE,11,11-25,FALSE,Productivity
365,Jumpchat,2006,2005-2014,Inactive,Failed,USA,TRUE,2,1-5,FALSE,Consumer
365,Jumpchat,2006,2005-2014,Inactive,Failed,USA,TRUE,2,1-5,FALSE,Social
364,Likebetter,2006,2005-2014,Inactive,Failed,USA,TRUE,2,1-5,FALSE,Consumer
364,Likebetter,2006,2005-2014,Inactive,Failed,USA,TRUE,2,1-5,FALSE,Gaming
363,Zanbazaar,2006,2005-2014,Inactive,Failed,USA,TRUE,4,1-5,FALSE,Consumer
363,Zanbazaar,2006,2005-2014,Inactive,Failed,USA,TRUE,4,1-5,FALSE,Home and Personal
362,Pollground,2006,2005-2014,Inactive,Failed,USA,TRUE,0,NA,FALSE,Consumer
362,Pollground,2006,2005-2014,Inactive,Failed,USA,TRUE,0,NA,FALSE,Social
361,Shoutfit,2006,2005-2014,Inactive,Failed,USA,TRUE,3,1-5,FALSE,Consumer
361,Shoutfit,2006,2005-2014,Inactive,Failed,USA,TRUE,3,1-5,FALSE,Apparel and Cosmetics
360,Talkito,2006,2005-2014,Inactive,Failed,USA,TRUE,0,NA,FALSE,Consumer
360,Talkito,2006,2005-2014,Inactive,Failed,USA,TRUE,0,NA,FALSE,Social
359,Thinkature,2006,2005-2014,Inactive,Failed,,FALSE,0,NA,FALSE,B2B
359,Thinkature,2006,2005-2014,Inactive,Failed,,FALSE,0,NA,FALSE,Productivity
358,Jamglue,2006,2005-2014,Inactive,Failed,USA,TRUE,2,1-5,FALSE,Consumer
358,Jamglue,2006,2005-2014,Inactive,Failed,USA,TRUE,2,1-5,FALSE,Content
379,Reddit,2005,2005-2014,Acquired,Successful,USA,TRUE,2000,500+,TRUE,Consumer
379,Reddit,2005,2005-2014,Acquired,Successful,USA,TRUE,2000,500+,TRUE,Content
384,Parakey,2005,2005-2014,Acquired,Successful,USA,TRUE,2,1-5,FALSE,B2B
384,Parakey,2005,2005-2014,Acquired,Successful,USA,TRUE,2,1-5,FALSE,Infrastructure
378,Kiko,2005,2005-2014,Acquired,Successful,USA,TRUE,0,NA,FALSE,B2B
378,Kiko,2005,2005-2014,Acquired,Successful,USA,TRUE,0,NA,FALSE,Productivity
375,Clickfacts,2005,2005-2014,Acquired,Successful,USA,TRUE,11,11-25,FALSE,B2B
375,Clickfacts,2005,2005-2014,Acquired,Successful,USA,TRUE,11,11-25,FALSE,Security
374,TextPayMe,2005,2005-2014,Acquired,Successful,USA,TRUE,11,11-25,FALSE,Fintech
374,TextPayMe,2005,2005-2014,Acquired,Successful,USA,TRUE,11,11-25,FALSE,Consumer Finance
373,Loopt,2005,2005-2014,Acquired,Successful,USA,TRUE,11,11-25,FALSE,Consumer
373,Loopt,2005,2005-2014,Acquired,Successful,USA,TRUE,11,11-25,FALSE,Social
380,Infogami,2005,2005-2014,Inactive,Failed,United Kingdom,FALSE,2,1-5,FALSE,B2B
380,Infogami,2005,2005-2014,Inactive,Failed,United Kingdom,FALSE,2,1-5,FALSE,Analytics
377,Memamp,2005,2005-2014,Inactive,Failed,USA,TRUE,0,NA,FALSE,B2B
376,Simmery,2005,2005-2014,Inactive,Failed,USA,TRUE,0,NA,FALSE,Consumer
376,Simmery,2005,2005-2014,Inactive,Failed,USA,TRUE,0,NA,FALSE,Social
370,Wufoo,2006,2005-2014,Acquired,Successful,USA,TRUE,11,11-25,FALSE,B2B
370,Wufoo,2006,2005-2014,Acquired,Successful,USA,TRUE,11,11-25,FALSE,Marketing
369,Project Wedding,2006,2005-2014,Acquired,Successful,USA,TRUE,2,1-5,FALSE,Consumer
369,Project Wedding,2006,2005-2014,Acquired,Successful,USA,TRUE,2,1-5,FALSE,Home and Personal
367,Clustrix,2006,2005-2014,Acquired,Successful,USA,TRUE,51,26-100,FALSE,B2B
367,Clustrix,2006,2005-2014,Acquired,Successful,USA,TRUE,51,26-100,FALSE,Infrastructure
366,Inkling,2006,2005-2014,Acquired,Successful,USA,TRUE,11,11-25,FALSE,B2B
366,Inkling,2006,2005-2014,Acquired,Successful,USA,TRUE,11,11-25,FALSE,Finance and Accounting
372,Audiobeta,2006,2005-2014,Inactive,Failed,USA,TRUE,0,NA,FALSE,B2B
372,Audiobeta,2006,2005-2014,Inactive,Failed,USA,TRUE,0,NA,FALSE,Marketing
371,Flagr,2006,2005-2014,Inactive,Failed,USA,TRUE,2,1-5,FALSE,Consumer
371,Flagr,2006,2005-2014,Inactive,Failed,USA,TRUE,2,1-5,FALSE,Social
368,Snipshot,2006,2005-2014,Inactive,Failed,,FALSE,0,NA,FALSE,Consumer
368,Snipshot,2006,2005-2014,Inactive,Failed,,FALSE,0,NA,FALSE,Content
31261,Control Seat,2026,NA,Active,Surviving,,FALSE,2,1-5,FALSE,Industrials
31259,Tsenta,2026,NA,Active,Surviving,,FALSE,2,1-5,FALSE,Consumer
31259,Tsenta,2026,NA,Active,Surviving,,FALSE,2,1-5,FALSE,Job and Career Services
31216,Archal,2026,NA,Active,Surviving,USA,TRUE,2,1-5,FALSE,B2B
31216,Archal,2026,NA,Active,Surviving,USA,TRUE,2,1-5,FALSE,Infrastructure
31378,GodHands,2026,NA,Active,Surviving,USA,TRUE,2,1-5,FALSE,B2B
64,Y Combinator,NA,NA,Active,Surviving,,FALSE,100,26-100,FALSE,Fintech
